record_date,cusip,security_type,security_term,auction_date,issue_date,maturity_date,price_per100,accrued_int_per100,accrued_int_per1000,adj_accrued_int_per1000,adj_price,allocation_pctage,allocation_pctage_decimals,announcemtd_cusip,announcemt_date,auction_format,avg_med_discnt_rate,avg_med_investment_rate,avg_med_price,avg_med_discnt_margin,avg_med_yield,back_dated,back_dated_date,bid_to_cover_ratio,callable,call_date,called_date,cash_management_bill_cmb,closing_time_comp,closing_time_noncomp,comp_accepted,comp_bid_decimals,comp_tendered,comp_tenders_accepted,corpus_cusip,cpi_base_reference_period,currently_outstanding,dated_date,direct_bidder_accepted,direct_bidder_tendered,est_pub_held_mat_by_type_amt,fima_included,fima_noncomp_accepted,fima_noncomp_tendered,first_int_period,first_int_payment_date,floating_rate,frn_index_determination_date,frn_index_determination_rate,high_discnt_rate,high_investment_rate,high_price,high_discnt_margin,high_yield,index_ratio_on_issue_date,indirect_bidder_accepted,indirect_bidder_tendered,int_payment_frequency,int_rate,low_discnt_rate,low_investment_rate,low_price,low_discnt_margin,low_yield,mat_date,max_comp_award,max_noncomp_award,max_single_bid,min_bid_amt,min_strip_amt,min_to_issue,multiples_to_bid,multiples_to_issue,nlp_exclusion_amt,nlp_reporting_threshold,noncomp_accepted,noncomp_tenders_accepted,offering_amt,original_cusip,original_dated_date,original_issue_date,original_security_term,pdf_filenm_announcemt,pdf_filenm_comp_results,pdf_filenm_noncomp_results,primary_dealer_accepted,primary_dealer_tendered,ref_cpi_on_dated_date,ref_cpi_on_issue_date,reopening,security_term_day_month,security_term_week_year,series,soma_accepted,soma_holdings,soma_included,soma_tendered,spread,std_int_payment_per1000,strippable,tiin_conversion_factor_per1000,total_accepted,total_tendered,treas_retail_accepted,treas_retail_tenders_accepted,unadj_accrued_int_per1000,unadj_price,xml_filenm_announcemt,xml_filenm_comp_results,inflation_index_security,tint_cusip_1,tint_cusip_2,pdf_filenm_spec_announcemt,date,tenor,dealer_share,indirect_share,ten10,btc_norm,dealer_norm,tail_bp,tail_norm
2023-06-15,91282CHH7,Note,3-Year,2023-06-12,2023-06-15,2026-06-15,99.785078,null,null,null,null,93.980000,2,null,2023-06-08,Single-Price,null,null,null,null,4.129000,No,null,2.7,No,null,null,No,11:30 AM,11:00 AM,39884564200,3,107716460000,Yes,912821LL7,null,null,2023-06-15,8669104200,11301000000,32446000000,Yes,5000000,5000000,Normal,2023-12-15,No,null,null,null,null,99.785078,null,4.202,null,24539460000.0,36254460000,Semi-Annual,4.125000,null,null,null,null,3.880000,2023-06-15,14000000000,10000000,14000000000,100,100,100,100,100,0,14000000000,110509600,Yes,40000000000,null,null,null,3-Year,A_20230608_4.pdf,R_20230612_2.pdf,NCR_20230612_1.pdf,6676000000.0,60161000000,null,null,No,0-Month,3-Year,AP-2026,0,12180000000,No,0,null,20.6250,Yes,null,40000073800.0,107831969600,43445700,Yes,null,null,A_20230608_4.xml,R_20230612_2.xml,No,912834H35,null,SPL_20230608_1.pdf,2023-06-12,3,0.16689969207006813,0.6134853681194958,13.917757154143706,,,-2.7800000000000047,
2023-06-15,91282CHC8,Note,9-Year 11-Month,2023-06-12,2023-06-15,2033-05-15,96.583639,null,2.8430700000,null,null,61.150000,2,null,2023-06-08,Single-Price,null,null,null,null,3.714000,Yes,2023-05-15,2.36,No,null,null,No,01:00 PM,12:00 PM,31981695000,3,75530085000,Yes,912821LG8,null,44525000000.000000,2023-05-15,6371000000,7871000000,32446000000,Yes,0,0,Normal,2023-11-15,No,null,null,null,null,96.583639,null,3.791,null,19919085000.0,22757085000,Semi-Annual,3.375000,null,null,null,null,3.600000,2023-06-15,11200000000,10000000,11200000000,100,100,100,100,100,12300000000,11200000000,18314600,Yes,32000000000,null,2023-05-15,2023-05-15,10-Year,A_20230608_5.pdf,R_20230612_4.pdf,NCR_20230612_4.pdf,5691610000.0,44902000000,null,null,Yes,11-Month,9-Year,C-2033,0,12180000000,No,0,null,16.8750,Yes,null,32000009600.0,75548399600,11547600,Yes,null,null,A_20230608_5.xml,R_20230612_4.xml,No,null,null,SPL_20230608_1.pdf,2023-06-12,10,0.17786275914117225,0.6224712195086342,32.0,,,2.7800000000000047,
2023-06-15,912810TR9,Bond,29-Year 11-Month,2023-06-13,2023-06-15,2053-05-15,95.028556,null,3.0536700000,null,null,33.990000,2,null,2023-06-08,Single-Price,null,null,null,null,3.839000,Yes,2023-05-15,2.52,No,null,null,No,01:00 PM,12:00 PM,17994584600,3,45383085000,Yes,912803GS6,null,26711000000.000000,2023-05-15,3263012100,6001000000,32446000000,Yes,0,0,Normal,2023-11-15,No,null,null,null,null,95.028556,null,3.908,null,13120085000.0,15057085000,Semi-Annual,3.625000,null,null,null,null,2.880000,2023-06-15,6300000000,10000000,6300000000,100,100,100,100,100,7400000000,6300000000,5433500,Yes,18000000000,null,2023-05-15,2023-05-15,30-Year,A_20230608_7.pdf,R_20230613_3.pdf,NCR_20230613_3.pdf,1611487500.0,24325000000,null,null,Yes,11-Month,29-Year,Bonds of May 2053,0,12180000000,No,0,null,18.1250,Yes,null,18000018100.0,45388518500,3279500,Yes,null,null,A_20230608_7.xml,R_20230613_3.xml,No,null,null,null,2023-06-13,30,0.08952699330896784,0.7288928781688281,36.926319996832206,,,-3.3199999999999896,
2023-06-30,912810TS7,Bond,19-Year 11-Month,2023-06-21,2023-06-30,2043-05-15,98.155462,null,4.8437500000,null,null,10.970000,2,null,2023-06-15,Single-Price,null,null,null,null,3.940000,Yes,2023-05-15,2.87,No,null,null,No,01:00 PM,12:00 PM,11968954800,3,34435540000,Yes,912803GT4,null,17806000000.000000,2023-05-15,2109500000,4604000000,105577000000,Yes,0,0,Normal,2023-11-15,No,null,null,null,null,98.155462,null,4.01,null,8926708800.0,11940540000,Semi-Annual,3.875000,null,null,null,null,3.890000,2023-06-30,4200000000,10000000,4200000000,100,100,100,100,100,5300000000,4200000000,31049600,Yes,12000000000,null,2023-05-15,2023-05-31,20-Year,A_20230615_1.pdf,R_20230621_2.pdf,NCR_20230621_2.pdf,932746000.0,17891000000,null,null,Yes,11-Month,19-Year,Bonds of May 2043,0,36098000000,No,0,null,19.3750,Yes,null,12000004400.0,34466589600,9723600,Yes,null,null,A_20230615_1.xml,R_20230621_2.xml,No,null,null,null,2023-06-21,20,0.07772880483277156,0.7438921272395533,19.689797660106503,,,7.499999999999973,
2023-06-30,91282CHL8,Note,2-Year,2023-06-26,2023-06-30,2025-06-30,99.915018,null,null,null,null,86.200000,2,null,2023-06-22,Single-Price,null,null,null,null,4.625000,No,null,2.86,No,null,null,No,01:00 PM,12:00 PM,41536569000,3,119663285000,Yes,912821LM5,null,null,2023-06-30,7548350000,14415000000,105577000000,Yes,3000000,3000000,Normal,2023-12-31,No,null,null,null,null,99.915018,null,4.67,null,28447281000.0,45100285000,Semi-Annual,4.625000,null,null,null,null,4.500000,2023-06-30,14700000000,10000000,14700000000,100,100,100,100,100,0,14700000000,460475500,Yes,42000000000,null,null,null,2-Year,A_20230622_3.pdf,R_20230626_3.pdf,NCR_20230626_3.pdf,5540938000.0,60148000000,null,null,No,0-Month,2-Year,BD-2025,0,36098000000,No,0,null,23.1250,Yes,null,42000044500.0,120126760500,206833600,Yes,null,null,A_20230622_3.xml,R_20230626_3.xml,No,null,null,null,2023-06-26,2,0.13192695545834482,0.6773154966538191,9.957526493783822,,,-2.1099999999999675,
2023-06-30,91282CHK0,Note,5-Year,2023-06-27,2023-06-30,2028-06-30,99.914708,null,null,null,null,42.630000,2,null,2023-06-22,Single-Price,null,null,null,null,3.950000,No,null,2.52,No,null,null,No,01:00 PM,12:00 PM,42898324900,3,108099385000,Yes,912821LN3,null,null,2023-06-30,8447000000,11748000000,105577000000,Yes,5000000,5000000,Normal,2023-12-31,No,null,null,null,null,99.914708,null,4.019,null,29213064900.0,36171385000,Semi-Annual,4.000000,null,null,null,null,3.880000,2023-06-30,15050000000,10000000,15050000000,100,100,100,100,100,0,15050000000,96747200,Yes,43000000000,null,null,null,5-Year,A_20230622_6.pdf,R_20230627_2.pdf,NCR_20230627_2.pdf,5238260000.0,60180000000,null,null,No,0-Month,5-Year,AA-2028,0,36098000000,No,0,null,20.0000,Yes,null,43000072100.0,108201132200,31023200,Yes,null,null,A_20230622_6.xml,R_20230627_2.xml,No,null,null,null,2023-06-27,5,0.12181979573936574,0.6793724631917536,23.882120534718972,,,11.31000000000002,
2023-06-30,91282CHJ3,Note,7-Year,2023-06-28,2023-06-30,2030-06-30,99.458207,null,null,null,null,53.680000,2,null,2023-06-22,Single-Price,null,null,null,null,3.770000,No,null,2.65,No,null,null,No,01:00 PM,12:00 PM,34969185800,3,92840985000,Yes,912821LP8,null,null,2023-06-30,5788500800,11098300000,105577000000,Yes,0,0,Normal,2023-12-31,No,null,null,null,null,99.458207,null,3.839,null,26334685000.0,33615685000,Semi-Annual,3.750000,null,null,null,null,3.600000,2023-06-30,12250000000,10000000,12250000000,100,100,100,100,100,0,12250000000,30822100,Yes,35000000000,null,null,null,7-Year,A_20230622_7.pdf,R_20230628_3.pdf,NCR_20230628_3.pdf,2846000000.0,48127000000,null,null,No,0-Month,7-Year,M-2030,0,36098000000,No,0,null,18.7500,Yes,null,35000007900.0,92871807100,14827100,Yes,null,null,A_20230622_7.xml,R_20230628_3.xml,No,912834H43,null,null,2023-06-28,7,0.08131426736049394,0.7524194015967637,26.08151936014944,,,5.520000000000014,
2023-07-17,91282CHM6,Note,3-Year,2023-07-11,2023-07-17,2026-07-15,99.905249,null,0.2445700000,null,null,20.190000,2,null,2023-07-06,Single-Price,null,null,null,null,4.475000,Yes,2023-07-15,2.88,No,null,null,No,01:00 PM,12:00 PM,39633005100,3,114919440000,Yes,912821LQ6,null,null,2023-07-15,7844280100,12016000000,84885000000,Yes,205000000,205000000,Normal,2024-01-15,No,null,null,null,null,99.905249,null,4.534,null,27516725000.0,40256440000,Semi-Annual,4.500000,null,null,null,null,4.250000,2023-07-15,14000000000,10000000,14000000000,100,100,100,100,100,0,14000000000,162007500,Yes,40000000000,null,null,null,3-Year,A_20230706_3.pdf,R_20230711_3.pdf,NCR_20230711_3.pdf,4272000000.0,62647000000,null,null,No,0-Month,3-Year,AQ-2026,0,18654000000,No,0,null,22.5000,Yes,null,40000012600.0,115286447500,68631400,Yes,null,null,A_20230706_3.xml,R_20230711_3.xml,No,912834H50,null,null,2023-07-11,3,0.1067999663580106,0.6879179083058589,13.917757154143706,,,-0.039999999999995595,
2023-07-17,91282CHC8,Note,9-Year 10-Month,2023-07-12,2023-07-17,2033-05-15,96.080353,null,5.7778500000,null,null,29.620000,2,null,2023-07-06,Single-Price,null,null,null,null,3.775000,Yes,2023-05-15,2.53,No,null,null,No,01:00 PM,12:00 PM,31963359600,3,80984320000,Yes,912821LG8,null,76525000000.000000,2023-05-15,6351000000,10976000000,84885000000,Yes,0,0,Normal,2023-11-15,No,null,null,null,null,96.080353,null,3.857,null,21651094600.0,26097320000,Semi-Annual,3.375000,null,null,null,null,3.730000,2023-07-15,11200000000,10000000,11200000000,100,100,100,100,100,23500000000,11200000000,36650600,Yes,32000000000,null,2023-05-15,2023-05-15,10-Year,A_20230706_4.pdf,R_20230712_2.pdf,NCR_20230712_2.pdf,3961265000.0,43911000000,null,null,Yes,10-Month,9-Year,C-2033,0,18654000000,No,0,null,16.8750,Yes,null,32000010200.0,81020970600,19824600,Yes,null,null,A_20230706_4.xml,R_20230712_2.xml,No,null,null,null,2023-07-12,10,0.12378949179209948,0.6765964905848686,32.0,,,-12.17999999999999,
2023-07-17,912810TR9,Bond,29-Year 10-Month,2023-07-13,2023-07-17,2053-05-15,94.99936,null,6.2058400000,null,null,5.240000,2,null,2023-07-06,Single-Price,null,null,null,null,3.830000,Yes,2023-05-15,2.43,No,null,null,No,01:00 PM,12:00 PM,17983945000,3,43768325000,Yes,912803GS6,null,44711000000.000000,2023-05-15,3620700000,5570700000,84885000000,Yes,0,0,Normal,2023-11-15,No,null,null,null,null,94.99936,null,3.91,null,12411625000.0,14018625000,Semi-Annual,3.625000,null,null,null,null,3.780000,2023-07-15,6300000000,10000000,6300000000,100,100,100,100,100,13700000000,6300000000,16057300,Yes,18000000000,null,2023-05-15,2023-05-15,30-Year,A_20230706_7.pdf,R_20230713_3.pdf,NCR_20230713_3.pdf,1951620000.0,24179000000,null,null,Yes,10-Month,29-Year,Bonds of May 2053,0,18654000000,No,0,null,18.1250,Yes,null,18000002300.0,43784382300,1786300,Yes,null,null,A_20230706_7.xml,R_20230713_3.xml,No,null,null,null,2023-07-13,30,0.10842331947924251,0.689534634115019,36.926319996832206,,,-7.669999999999977,
2023-07-31,912810TS7,Bond,19-Year 10-Month,2023-07-19,2023-07-31,2043-05-15,97.810388,null,8.1080200000,null,null,5.380000,2,null,2023-07-13,Single-Price,null,null,null,null,3.965000,Yes,2023-05-15,2.68,No,null,null,No,01:00 PM,12:00 PM,11827793000,3,32026530000,Yes,912803GT4,null,29804000000.000000,2023-05-15,2564000000,4689000000,184965000000,Yes,0,0,Normal,2023-11-15,No,null,null,null,null,97.810388,null,4.036,null,8132068000.0,10201530000,Semi-Annual,3.875000,null,null,null,null,3.920000,2023-07-31,4200000000,10000000,4200000000,100,100,100,100,100,9500000000,4200000000,172212400,Yes,12000000000,null,2023-05-15,2023-05-31,20-Year,A_20230713_5.pdf,R_20230719_2.pdf,NCR_20230719_2.pdf,1131725000.0,17136000000,null,null,Yes,10-Month,19-Year,Bonds of May 2043,0,31373000000,No,0,null,19.3750,Yes,null,12000005400.0,32198742400,159467400,Yes,null,null,A_20230713_5.xml,R_20230719_2.xml,No,null,null,null,2023-07-19,20,0.09431037422699827,0.6776720283809206,19.689797660106503,,,0.8099999999999774,
2023-07-31,91282CHN4,Note,2-Year,2023-07-24,2023-07-31,2025-07-31,99.862395,null,null,null,null,54.240000,2,null,2023-07-20,Single-Price,null,null,null,null,4.760000,No,null,2.78,No,null,null,No,01:00 PM,12:00 PM,41253110000,3,116092220000,Yes,912821LS2,null,null,2023-07-31,8566250000,16085000000,184965000000,Yes,105000000,105000000,Normal,2024-01-31,No,null,null,null,null,99.862395,null,4.823,null,26998220000.0,41923220000,Semi-Annual,4.750000,null,null,null,null,4.700000,2023-07-31,14700000000,10000000,14700000000,100,100,100,100,100,0,14700000000,641999600,Yes,42000000000,null,null,null,2-Year,A_20230720_4.pdf,R_20230724_3.pdf,NCR_20230724_3.pdf,5688640000.0,58084000000,null,null,No,0-Month,2-Year,BE-2025,0,31373000000,No,0,null,23.7500,Yes,null,42000109600.0,116839219600,391408800,Yes,null,null,A_20230720_4.xml,R_20230724_3.xml,No,null,null,null,2023-07-24,2,0.13544345608088604,0.6428130844687129,9.957526493783822,,,4.260000000000019,
2023-07-31,91282CHQ7,Note,5-Year,2023-07-25,2023-07-31,2028-07-31,99.798788,null,null,null,null,81.950000,2,null,2023-07-20,Single-Price,null,null,null,null,4.100000,No,null,2.6,No,null,null,No,01:00 PM,12:00 PM,42889723800,3,111785920000,Yes,912821LT0,null,null,2023-07-31,9489516300,17110000000,184965000000,Yes,5000000,5000000,Normal,2024-01-31,No,null,null,null,null,99.798788,null,4.17,null,27613307500.0,34622920000,Semi-Annual,4.125000,null,null,null,null,4.060000,2023-07-31,15050000000,10000000,15050000000,100,100,100,100,100,0,15050000000,105324100,Yes,43000000000,null,null,null,5-Year,A_20230720_1.pdf,R_20230725_2.pdf,NCR_20230725_2.pdf,5786900000.0,60053000000,null,null,No,0-Month,5-Year,AB-2028,0,31373000000,No,0,null,20.6250,Yes,null,43000047900.0,111896244100,54268100,Yes,null,null,A_20230720_1.xml,R_20230725_2.xml,No,null,null,null,2023-07-25,5,0.13457891985278464,0.6421692265138151,23.882120534718972,,,8.680000000000021,
2023-07-31,91282CHR5,Note,7-Year,2023-07-27,2023-07-31,2030-07-31,99.474987,null,null,null,null,86.540000,2,null,2023-07-20,Single-Price,null,null,null,null,4.020000,No,null,2.48,No,null,null,No,01:00 PM,12:00 PM,34951525100,3,86716825100,Yes,912821LU7,null,null,2023-07-31,5559600000,10859600000,184965000000,Yes,0,0,Normal,2024-01-31,No,null,null,null,null,99.474987,null,4.087,null,24380115000.0,28240225000,Semi-Annual,4.000000,null,null,null,null,3.920000,2023-07-31,12250000000,10000000,12250000000,100,100,100,100,100,0,12250000000,48477600,Yes,35000000000,null,null,null,7-Year,A_20230720_6.pdf,R_20230727_3.pdf,NCR_20230727_3.pdf,5011810100.0,47617000100,null,null,No,0-Month,7-Year,N-2030,0,31373000000,No,0,null,20.0000,Yes,null,35000002700.0,86765302700,23651600,Yes,null,null,A_20230720_6.xml,R_20230727_3.xml,No,912834H76,null,null,2023-07-27,7,0.14319456323927654,0.6965746605499548,26.08151936014944,,,18.869999999999987,
2023-08-15,91282CHU8,Note,3-Year,2023-08-08,2023-08-15,2026-08-15,99.936014,null,null,null,null,95.890000,2,null,2023-08-02,Single-Price,null,null,null,null,4.355000,No,null,2.9,No,null,null,No,01:00 PM,12:00 PM,41499634100,3,121326130000,Yes,912821LV5,null,null,2023-08-15,6514000000,15012000000,84033000000,Yes,250000000,250000000,Normal,2024-02-15,No,null,null,null,null,99.936014,null,4.398,null,30699074100.0,43721130000,Semi-Annual,4.375000,null,null,null,null,4.200000,2023-08-15,14700000000,10000000,14700000000,100,100,100,100,100,0,14700000000,250425700,Yes,42000000000,null,null,null,3-Year,A_20230802_3.pdf,R_20230808_3.pdf,NCR_20230808_3.pdf,4286560000.0,62593000000,null,null,No,0-Month,3-Year,AR-2026,15712741100,81174000000,No,15712741100,null,21.8750,Yes,null,57712800900.0,137539296800,106866700,Yes,null,null,A_20230802_3.xml,R_20230808_3.xml,No,null,null,null,2023-08-08,3,0.07427399005339212,0.5319283351572701,14.61364501185089,0.10999999999999988,-0.06257583916064725,-3.450000000000042,-2.040000000000042
2023-08-15,91282CHT1,Note,10-Year,2023-08-09,2023-08-15,2033-08-15,98.986162,null,null,null,null,9.470000,2,null,2023-08-02,Single-Price,null,null,null,null,3.922000,No,null,2.56,No,null,null,No,01:00 PM,12:00 PM,37866146900,3,97031036400,Yes,912821LW3,null,null,2023-08-15,6928750000,13559000000,84033000000,Yes,0,0,Normal,2024-02-15,No,null,null,null,null,98.986162,null,3.999,null,27338241400.0,32275036400,Semi-Annual,3.875000,null,null,null,null,3.880000,2023-08-15,13300000000,10000000,13300000000,100,100,100,100,100,0,13300000000,133873900,Yes,38000000000,null,null,null,10-Year,A_20230802_2.pdf,R_20230809_2.pdf,NCR_20230809_2.pdf,3599155500.0,51197000000,null,null,No,0-Month,10-Year,E-2033,14216289500,81174000000,No,14216289500,null,19.3750,Yes,null,52216310300.0,111381199800,81548900,Yes,null,null,A_20230802_2.xml,R_20230809_2.xml,No,null,null,null,2023-08-09,10,0.06892780204732313,0.5235575099606378,38.0,0.11500000000000021,-0.08189832341931275,-0.12000000000003119,4.579999999999962
2023-08-15,912810TT5,Bond,30-Year,2023-08-10,2023-08-15,2053-08-15,98.912672,null,null,null,null,10.050000,2,null,2023-08-02,Single-Price,null,null,null,null,4.115000,No,null,2.42,No,null,null,No,01:00 PM,12:00 PM,22955401500,3,55560849000,Yes,912803GU1,null,null,2023-08-15,4509000000,8249000000,84033000000,Yes,0,0,Normal,2024-02-15,No,null,null,null,null,98.912672,null,4.189,null,15570864000.0,17584849000,Semi-Annual,4.125000,null,null,null,null,4.050000,2023-08-15,8050000000,10000000,8050000000,100,100,100,100,100,0,8050000000,44608700,Yes,23000000000,null,null,null,30-Year,A_20230802_1.pdf,R_20230810_3.pdf,NCR_20230810_3.pdf,2875537500.0,29727000000,null,null,No,0-Month,30-Year,Bonds of August 2053,8604596200,81174000000,No,8604596200,null,20.6250,Yes,null,31604606400.0,64210053900,25744700,Yes,null,null,A_20230802_1.xml,R_20230810_3.xml,No,912834H84,null,null,2023-08-10,30,0.09098475910777361,0.4926770421668659,47.18363110706338,-0.05500000000000016,-0.007990397286331566,-1.18999999999998,4.305000000000003
2023-08-31,912810TU2,Bond,20-Year,2023-08-23,2023-08-31,2043-08-15,98.374204,null,1.9021700000,null,null,43.980000,2,null,2023-08-17,Single-Price,null,null,null,null,4.427000,Yes,2023-08-15,2.56,No,null,null,No,01:00 PM,12:00 PM,15885025000,3,40813055000,Yes,912803GV9,null,null,2023-08-15,3209000000,6079000000,104013000000,Yes,0,0,Normal,2024-02-15,No,null,null,null,null,98.374204,null,4.499,null,10873045000.0,13304055000,Semi-Annual,4.375000,null,null,null,null,4.390000,2023-08-31,5600000000,10000000,5600000000,100,100,100,100,100,0,5600000000,114975300,Yes,16000000000,null,null,null,20-Year,A_20230817_6.pdf,R_20230823_3.pdf,NCR_20230823_3.pdf,1802980000.0,21430000000,null,null,No,0-Month,20-Year,Bonds of August 2043,1662322000,33048000000,No,1662322000,null,21.8750,Yes,null,17662322300.0,42590352300,43308300,Yes,null,null,A_20230817_6.xml,R_20230823_3.xml,No,null,null,null,2023-08-23,20,0.10208057408169932,0.6156067597067912,26.25306354680867,-0.2150000000000003,0.0160609845518144,-0.47000000000005926,-4.625000000000035
2023-08-31,91282CHV6,Note,2-Year,2023-08-28,2023-08-31,2025-08-31,99.954869,null,null,null,null,92.380000,2,null,2023-08-24,Single-Price,null,null,null,null,4.980000,No,null,2.94,No,null,null,No,11:30 AM,11:00 AM,44147021300,3,131589450000,Yes,912821LX1,null,null,2023-08-31,8832431300,17175000000,104013000000,Yes,105000000,105000000,Normal,2024-02-29,No,null,null,null,null,99.954869,null,5.024,null,28700450000.0,44689450000,Semi-Annual,5.000000,null,null,null,null,4.900000,2023-08-31,15750000000,10000000,15750000000,100,100,100,100,100,0,15750000000,748055000,Yes,45000000000,null,null,null,2-Year,A_20230824_2.pdf,R_20230828_2.pdf,NCR_20230828_1.pdf,6614140000.0,69725000000,null,null,No,0-Month,2-Year,BG-2025,4675280800,33048000000,No,4675280800,null,25.0000,Yes,null,49675357100.0,137117785800,287433000,Yes,null,null,A_20230824_2.xml,R_20230828_2.xml,No,null,null,SPL_20230824_1.pdf,2023-08-28,2,0.1331473065545411,0.5777603156877961,10.668778386196953,0.1200000000000001,-0.0005378992150743278,4.579999999999984,3.504999999999958
2023-08-31,91282CHX2,Note,5-Year,2023-08-28,2023-08-31,2028-08-31,99.888884,null,null,null,null,32.630000,2,null,2023-08-24,Single-Price,null,null,null,null,4.330000,No,null,2.54,No,null,null,No,01:00 PM,12:00 PM,45794512100,3,116417995000,Yes,912821NB7,null,null,2023-08-31,8359429600,15293000000,104013000000,Yes,5000000,5000000,Normal,2024-02-29,No,null,null,null,null,99.888884,null,4.4,null,31103042500.0,38783995000,Semi-Annual,4.375000,null,null,null,null,4.300000,2023-08-31,16100000000,10000000,16100000000,100,100,100,100,100,0,16100000000,200589000,Yes,46000000000,null,null,null,5-Year,A_20230824_4.pdf,R_20230828_4.pdf,NCR_20230828_3.pdf,6332040000.0,62341000000,null,null,No,0-Month,5-Year,AC-2028,4779175900,33048000000,No,4779175900,null,21.8750,Yes,null,50779277000.0,121402759900,90502000,Yes,null,null,A_20230824_4.xml,R_20230828_4.xml,No,null,null,SPL_20230824_1.pdf,2023-08-28,5,0.12469732485557052,0.612514481054939,25.548314990629596,-0.020000000000000018,-0.0035020329405046763,1.6500000000000625,-8.344999999999958
2023-08-31,91282CHW4,Note,7-Year,2023-08-29,2023-08-31,2030-08-31,99.477286,null,null,null,null,95.530000,2,null,2023-08-24,Single-Price,null,null,null,null,4.155000,No,null,2.66,No,null,null,No,01:00 PM,12:00 PM,35931827500,3,95785320000,Yes,912821NC5,null,null,2023-08-31,5380400000,11410400000,104013000000,Yes,0,0,Normal,2024-02-29,No,null,null,null,null,99.477286,null,4.212,null,27039427500.0,33316920000,Semi-Annual,4.125000,null,null,null,null,4.100000,2023-08-31,12600000000,10000000,12600000000,100,100,100,100,100,0,12600000000,68179000,Yes,36000000000,null,null,null,7-Year,A_20230824_5.pdf,R_20230829_2.pdf,NCR_20230829_2.pdf,3512000000.0,51058000000,null,null,No,0-Month,7-Year,P-2030,3740224600,33048000000,No,3740224600,null,20.6250,Yes,null,39740231100.0,99593723600,32352000,Yes,null,null,A_20230824_5.xml,R_20230829_2.xml,No,912834H92,null,null,2023-08-29,7,0.08837391989902142,0.6804043849659445,26.826705627582278,0.0950000000000002,-0.023880495400863816,1.4800000000000146,-10.714999999999986
2023-09-15,91282CHY0,Note,3-Year,2023-09-11,2023-09-15,2026-09-15,99.903057,null,null,null,null,33.710000,2,null,2023-09-07,Single-Price,null,null,null,null,4.597000,No,null,2.75,No,null,null,No,01:00 PM,12:00 PM,43673039500,3,120699915000,Yes,912821ND3,null,null,2023-09-15,9643000000,16293000000,35136000000,Yes,100000000,100000000,Normal,2024-03-15,No,null,null,null,null,99.903057,null,4.66,null,25184915000.0,34604915000,Semi-Annual,4.625000,null,null,null,null,4.548000,2023-09-15,15400000000,10000000,15400000000,100,100,100,100,100,0,15400000000,226993100,Yes,44000000000,null,null,null,3-Year,A_20230907_5.pdf,R_20230911_3.pdf,NCR_20230911_3.pdf,8845124500.0,69802000000,null,null,No,0-Month,3-Year,AS-2026,0,16920000000,No,0,null,23.1250,Yes,null,44000032600.0,121026908100,99171100,Yes,null,null,A_20230907_5.xml,R_20230911_3.xml,No,912834J25,null,null,2023-09-11,3,0.20102540787662962,0.572384007733667,15.309532869558074,-0.07666666666666666,0.08503419171613934,-0.01999999999995339,2.0700000000000607
2023-09-15,91282CHT1,Note,9-Year 11-Month,2023-09-12,2023-09-15,2033-08-15,96.678677,null,3.2642700000,null,null,86.570000,2,null,2023-09-07,Single-Price,null,null,null,null,4.229000,Yes,2023-08-15,2.52,No,null,null,No,01:00 PM,12:00 PM,34921465200,3,88176725000,Yes,912821LW3,null,52176000000.000000,2023-08-15,6955740200,12415000000,35136000000,Yes,0,0,Normal,2024-02-15,No,null,null,null,null,96.678677,null,4.289,null,23157725000.0,26966725000,Semi-Annual,3.875000,null,null,null,null,4.180000,2023-09-15,12250000000,10000000,12250000000,100,100,100,100,100,13300000000,12250000000,78576500,Yes,35000000000,null,2023-08-15,2023-08-15,10-Year,A_20230907_2.pdf,R_20230912_2.pdf,NCR_20230912_2.pdf,4808000000.0,48795000000,null,null,Yes,11-Month,9-Year,E-2033,0,16920000000,No,0,null,19.3750,Yes,null,35000041700.0,88255301500,36982500,Yes,null,null,A_20230907_2.xml,R_20230912_2.xml,No,null,null,null,2023-09-12,10,0.13737126490337867,0.6616484974073616,35.0,0.03666666666666707,0.013844580576513707,1.980000000000004,5.153333333333343
2023-09-15,912810TT5,Bond,29-Year 11-Month,2023-09-13,2023-09-15,2053-08-15,96.329971,null,3.4748600000,null,null,70.900000,2,null,2023-09-07,Single-Price,null,null,null,null,4.270000,Yes,2023-08-15,2.46,No,null,null,No,01:00 PM,12:00 PM,19984111000,3,49204740000,Yes,912803GU1,null,31584000000.000000,2023-08-15,3944100000,7400100000,35136000000,Yes,0,0,Normal,2024-02-15,No,null,null,null,null,96.329971,null,4.345,null,12887111000.0,14606640000,Semi-Annual,4.125000,null,null,null,null,4.230000,2023-09-15,7000000000,10000000,7000000000,100,100,100,100,100,8100000000,7000000000,15896500,Yes,20000000000,null,2023-08-15,2023-08-15,30-Year,A_20230907_4.pdf,R_20230913_2.pdf,NCR_20230913_2.pdf,3152900000.0,27198000000,null,null,Yes,11-Month,29-Year,Bonds of August 2053,0,16920000000,No,0,null,20.6250,Yes,null,20000007500.0,49220636500,6802500,Yes,null,null,A_20230907_4.xml,R_20230913_2.xml,No,null,null,null,2023-09-13,30,0.15764494088314718,0.6443553083667594,41.02924444092468,0.0033333333333334103,0.061333250251152535,2.1999999999999353,6.259999999999917
2023-10-02,912810TU2,Bond,19-Year 11-Month,2023-09-19,2023-10-02,2043-08-15,97.182044,null,5.7065200000,null,null,16.450000,2,null,2023-09-14,Single-Price,null,null,null,null,4.538000,Yes,2023-08-15,2.74,No,null,null,No,01:00 PM,12:00 PM,12943305000,3,35514020000,Yes,912803GV9,null,17652000000.000000,2023-08-15,3283000000,5624000000,112444000000,Yes,0,0,Normal,2024-02-15,No,null,null,null,null,97.182044,null,4.592,null,8460020000.0,11315020000,Semi-Annual,4.375000,null,null,null,null,4.470000,2023-09-30,4550000000,10000000,4550000000,100,100,100,100,100,5600000000,4550000000,56702300,Yes,13000000000,null,2023-08-15,2023-08-31,20-Year,A_20230914_3.pdf,R_20230919_2.pdf,NCR_20230919_2.pdf,1200285000.0,18575000000,null,null,Yes,11-Month,19-Year,Bonds of August 2043,0,22482000000,No,0,null,21.8750,Yes,null,13000007300.0,35570722300,27848300,Yes,null,null,A_20230914_3.xml,R_20230919_2.xml,No,null,null,null,2023-09-19,20,0.09232956353801432,0.6507704037981579,21.330614131782042,0.03666666666666707,0.0009563124908579385,12.019999999999964,9.406666666666666
2023-10-02,91282CJB8,Note,2-Year,2023-09-26,2023-10-02,2025-09-30,99.84002,null,0.2732200000,null,null,60.590000,2,null,2023-09-21,Single-Price,null,null,null,null,5.030000,Yes,2023-09-30,2.73,No,null,null,No,01:00 PM,12:00 PM,47170608500,3,130093786500,Yes,912821NE1,null,null,2023-09-30,9903340000,18210000000,112444000000,Yes,0,0,Normal,2024-03-31,No,null,null,null,null,99.84002,null,5.085,null,30669684000.0,46019786500,Semi-Annual,5.000000,null,null,null,null,4.950000,2023-09-30,16800000000,10000000,16800000000,100,100,100,100,100,0,16800000000,829529300,Yes,48000000000,null,null,null,2-Year,A_20230921_7.pdf,R_20230926_2.pdf,NCR_20230926_2.pdf,6597584500.0,65864000000,null,null,No,0-Month,2-Year,BH-2025,0,22482000000,No,0,null,25.0000,Yes,null,48000137800.0,130923315800,305793900,Yes,null,null,A_20230921_7.xml,R_20230926_2.xml,No,null,null,null,2023-09-26,2,0.1374492824893515,0.6389499156812838,11.38003027861008,-0.1299999999999999,0.0039433764580942,4.159999999999986,1.9166666666666408
2023-10-02,91282CJA0,Note,5-Year,2023-09-27,2023-10-02,2028-09-30,99.849471,null,0.2527300000,null,null,72.310000,2,null,2023-09-21,Single-Price,null,null,null,null,4.599000,Yes,2023-09-30,2.52,No,null,null,No,01:00 PM,12:00 PM,48823560500,3,123408752000,Yes,912821NF8,null,null,2023-09-30,8602808500,16445000000,112444000000,Yes,0,0,Normal,2024-03-31,No,null,null,null,null,99.849471,null,4.659,null,34737752000.0,41497752000,Semi-Annual,4.625000,null,null,null,null,4.530000,2023-09-30,17150000000,10000000,17150000000,100,100,100,100,100,0,17150000000,176489100,Yes,49000000000,null,null,null,5-Year,A_20230921_6.pdf,R_20230927_3.pdf,NCR_20230927_3.pdf,5483000000.0,65466000000,null,null,No,0-Month,5-Year,AD-2028,0,22482000000,No,0,null,23.1250,Yes,null,49000049600.0,123585241100,86062100,Yes,null,null,A_20230921_6.xml,R_20230927_3.xml,No,null,null,null,2023-09-27,5,0.11189784591564984,0.7089329966719055,27.214509446540223,-0.033333333333333215,-0.015134167566923776,7.599999999999962,0.38666666666659477
2023-10-02,91282CHZ7,Note,7-Year,2023-09-28,2023-10-02,2030-09-30,99.715829,null,0.2527300000,null,null,92.570000,2,null,2023-09-21,Single-Price,null,null,null,null,4.600000,Yes,2023-09-30,2.47,No,null,null,No,01:00 PM,12:00 PM,36908724400,3,91127970000,Yes,912821NG6,null,null,2023-09-30,7357413400,12043000000,112444000000,Yes,0,0,Normal,2024-03-31,No,null,null,null,null,99.715829,null,4.673,null,24163598500.0,28247970000,Semi-Annual,4.625000,null,null,null,null,4.540000,2023-09-30,12950000000,10000000,12950000000,100,100,100,100,100,0,12950000000,91302100,Yes,37000000000,null,null,null,7-Year,A_20230921_1.pdf,R_20230928_3.pdf,NCR_20230928_3.pdf,5387712500.0,50837000000,null,null,No,0-Month,7-Year,Q-2030,0,22482000000,No,0,null,23.1250,Yes,null,37000026500.0,91219272100,37536100,Yes,null,null,A_20230921_1.xml,R_20230928_3.xml,No,912834J33,null,null,2023-09-28,7,0.1456137470604244,0.6530697619905759,27.57189189501512,-0.12666666666666648,0.04131949689416044,5.119999999999969,-3.5033333333333694
2023-10-16,91282CJC6,Note,3-Year,2023-10-10,2023-10-16,2026-10-15,99.681877,null,0.1263700000,null,null,94.400000,2,null,2023-10-05,Single-Price,null,null,null,null,4.670000,Yes,2023-10-15,2.56,No,null,null,No,01:00 PM,12:00 PM,45786940000,3,117637740000,Yes,912821NH4,null,null,2023-10-15,10047400000,17053000000,39564000000,Yes,0,0,Normal,2024-04-15,No,null,null,null,null,99.681877,null,4.74,null,25625740000.0,32843740000,Semi-Annual,4.625000,null,null,null,null,4.630000,2023-10-15,16100000000,10000000,16100000000,100,100,100,100,100,0,16100000000,213068300,Yes,46000000000,null,null,null,3-Year,A_20231005_6.pdf,R_20231010_4.pdf,NCR_20231010_3.pdf,10113800000.0,67741000000,null,null,No,0-Month,3-Year,AT-2026,0,13891000000,No,0,null,23.1250,Yes,null,46000008300.0,117850808300,93987300,Yes,null,null,A_20231005_6.xml,R_20231010_4.xml,No,912834J41,null,SPL_20231005_1.pdf,2023-10-10,3,0.2198651777199788,0.5570812038310001,16.00542072726526,-0.24750000000000005,0.08261541363045369,-11.029999999999962,-9.457499999999964
2023-10-16,91282CHT1,Note,9-Year 10-Month,2023-10-11,2023-10-16,2033-08-15,94.231522,null,6.5285300000,null,null,92.260000,2,null,2023-10-05,Single-Price,null,null,null,null,4.530000,Yes,2023-08-15,2.5,No,null,null,No,01:00 PM,12:00 PM,34915937800,3,87423610000,Yes,912821LW3,null,87175000000.000000,2023-08-15,7300390000,12363000000,39564000000,Yes,0,0,Normal,2024-02-15,No,null,null,null,null,94.231522,null,4.61,null,21068870000.0,24166610000,Semi-Annual,3.875000,null,null,null,null,4.470000,2023-10-15,12250000000,10000000,12250000000,100,100,100,100,100,25600000000,12250000000,84114600,Yes,35000000000,null,2023-08-15,2023-08-15,10-Year,A_20231005_1.pdf,R_20231011_2.pdf,NCR_20231011_2.pdf,6546677800.0,50894000000,null,null,Yes,10-Month,9-Year,E-2033,0,13891000000,No,0,null,19.3750,Yes,null,35000052400.0,87507724600,31447100,Yes,null,null,A_20231005_1.xml,R_20231011_2.xml,No,null,null,null,2023-10-11,10,0.18704765710579335,0.6019668130553999,35.0,0.007500000000000284,0.06005982763479997,-11.769999999999925,-9.884999999999922
2023-10-16,912810TT5,Bond,29-Year 10-Month,2023-10-12,2023-10-16,2053-08-15,88.806438,null,6.9497300000,null,null,22.140000,2,null,2023-10-05,Single-Price,null,null,null,null,4.740000,Yes,2023-08-15,2.35,No,null,null,No,01:00 PM,12:00 PM,19968020000,3,46942950000,Yes,912803GU1,null,51583000000.000000,2023-08-15,3335700000,6390700000,39564000000,Yes,0,0,Normal,2024-02-15,No,null,null,null,null,88.806438,null,4.837,null,13004250000.0,14376250000,Semi-Annual,4.125000,null,null,null,null,4.650000,2023-10-15,7000000000,10000000,7000000000,100,100,100,100,100,15100000000,7000000000,31982800,Yes,20000000000,null,2023-08-15,2023-08-15,30-Year,A_20231005_2.pdf,R_20231012_3.pdf,NCR_20231012_3.pdf,3628070000.0,26176000000,null,null,Yes,10-Month,29-Year,Bonds of August 2053,0,13891000000,No,0,null,20.6250,Yes,null,20000002800.0,46974932800,4968800,Yes,null,null,A_20231005_2.xml,R_20231012_3.xml,No,null,null,null,2023-10-12,30,0.18140347460351355,0.6502124089702628,41.02924444092468,-0.10749999999999993,0.06975847140873077,12.190000000000012,14.685000000000015
2023-10-31,912810TU2,Bond,19-Year 10-Month,2023-10-18,2023-10-31,2043-08-15,89.352074,null,9.1542100000,null,null,79.650000,2,null,2023-10-12,Single-Price,null,null,null,null,5.186000,Yes,2023-08-15,2.59,No,null,null,No,01:00 PM,12:00 PM,12912887000,3,33530762000,Yes,912803GV9,null,30652000000.000000,2023-08-15,1962912500,3778000000,178344000000,Yes,0,0,Normal,2024-02-15,No,null,null,null,null,89.352074,null,5.245,null,9409062000.0,12229762000,Semi-Annual,4.375000,null,null,null,null,5.100000,2023-10-31,4550000000,10000000,4550000000,100,100,100,100,100,10200000000,4550000000,87129300,Yes,13000000000,null,2023-08-15,2023-08-31,20-Year,A_20231012_2.pdf,R_20231018_2.pdf,NCR_20231018_2.pdf,1540912500.0,17523000000,null,null,Yes,10-Month,19-Year,Bonds of August 2043,0,38552000000,No,0,null,21.8750,Yes,null,13000016300.0,33617891300,32785300,Yes,null,null,A_20231012_2.xml,R_20231018_2.xml,No,null,null,null,2023-10-18,20,0.11853158214886238,0.7237730924998917,21.330614131782042,-0.1225000000000005,0.026919252978991517,16.440000000000055,11.47500000000009
2023-10-31,91282CJE2,Note,2-Year,2023-10-24,2023-10-31,2025-10-31,99.896614,null,null,null,null,63.460000,2,null,2023-10-19,Single-Price,null,null,null,null,5.010000,No,null,2.64,No,null,null,No,01:00 PM,12:00 PM,50334877100,3,133748750300,Yes,912821NK7,null,null,2023-10-31,10231750000,18151000000,178344000000,Yes,0,0,Normal,2024-04-30,No,null,null,null,null,99.896614,null,5.055,null,31230612100.0,46709750300,Semi-Annual,5.000000,null,null,null,null,4.950000,2023-10-31,17850000000,10000000,17850000000,100,100,100,100,100,0,17850000000,665149800,Yes,51000000000,null,null,null,2-Year,A_20231019_5.pdf,R_20231024_2.pdf,NCR_20231024_2.pdf,8872515000.0,68888000000,null,null,No,0-Month,2-Year,BJ-2025,0,38552000000,No,0,null,25.0000,Yes,null,51000026900.0,134413900100,292346800,Yes,null,null,A_20231019_5.xml,R_20231024_2.xml,No,null,null,null,2023-10-24,2,0.17397079059187712,0.6123646201449356,12.091282171023211,-0.18749999999999956,0.039479040446096264,4.760000000000009,2.037500000000003
2023-10-31,91282CJF9,Note,5-Year,2023-10-25,2023-10-31,2028-10-31,99.894701,null,null,null,null,48.220000,2,null,2023-10-19,Single-Price,null,null,null,null,4.819000,No,null,2.36,No,null,null,No,01:00 PM,12:00 PM,51790231000,3,122746500000,Yes,912821NL5,null,null,2023-10-31,9884000000,16785000000,178344000000,Yes,0,0,Normal,2024-04-30,No,null,null,null,null,99.894701,null,4.899,null,31856231000.0,36941500000,Semi-Annual,4.875000,null,null,null,null,4.730000,2023-10-31,18200000000,10000000,18200000000,100,100,100,100,100,0,18200000000,209796800,Yes,52000000000,null,null,null,5-Year,A_20231019_6.pdf,R_20231025_3.pdf,NCR_20231025_3.pdf,10050000000.0,69020000000,null,null,No,0-Month,5-Year,AF-2028,0,38552000000,No,0,null,24.3750,Yes,null,52000027800.0,122956296800,93271600,Yes,null,null,A_20231019_6.xml,R_20231025_3.xml,No,null,null,null,2023-10-25,5,0.19326912744458186,0.6126194994072677,28.88070390245085,-0.18500000000000005,0.07002065585373918,13.279999999999959,5.969999999999942
2023-10-31,91282CJG7,Note,7-Year,2023-10-26,2023-10-31,2030-10-31,99.806484,null,null,null,null,92.440000,2,null,2023-10-19,Single-Price,null,null,null,null,4.849000,No,null,2.7,No,null,null,No,01:00 PM,12:00 PM,37746850000,3,102496510000,Yes,912821NM3,null,null,2023-10-31,6944820000,13790100000,178344000000,Yes,0,0,Normal,2024-04-30,No,null,null,null,null,99.806484,null,4.908,null,26657030000.0,33146410000,Semi-Annual,4.875000,null,null,null,null,4.780000,2023-10-31,13300000000,10000000,13300000000,100,100,100,100,100,0,13300000000,253182300,Yes,38000000000,null,null,null,7-Year,A_20231019_3.pdf,R_20231026_3.pdf,NCR_20231026_3.pdf,4145000000.0,55560000000,null,null,No,0-Month,7-Year,R-2030,0,38552000000,No,0,null,24.3750,Yes,null,38000032300.0,102749692300,53503300,Yes,null,null,A_20231019_3.xml,R_20231026_3.xml,No,912834J58,null,null,2023-10-26,7,0.1090788546513946,0.70150019319852,28.31707816244796,0.13500000000000023,-0.005545269738409478,0.40000000000004476,-7.347499999999951
2023-11-15,91282CJK8,Note,3-Year,2023-11-07,2023-11-15,2026-11-15,99.789641,null,null,null,null,4.280000,2,null,2023-11-01,Single-Price,null,null,null,null,4.649000,No,null,2.67,No,null,null,No,01:00 PM,12:00 PM,47505891200,3,127563600800,Yes,912821NN1,null,null,2023-11-15,9090010400,16273000000,102174000000,Yes,200000000,200000000,Normal,2024-05-15,No,null,null,null,null,99.789641,null,4.701,null,30689600800.0,40493600800,Semi-Annual,4.625000,null,null,null,null,4.550000,2023-11-15,16800000000,10000000,16800000000,100,100,100,100,100,0,16800000000,294146500,Yes,48000000000,null,null,null,3-Year,A_20231101_2.pdf,R_20231107_2.pdf,NCR_20231107_2.pdf,7726280000.0,70797000000,null,null,No,0-Month,3-Year,AU-2026,913430800,32629000000,No,913430800,null,23.1250,Yes,null,48913468500.0,128971178100,89425000,Yes,null,null,A_20231101_2.xml,R_20231107_2.xml,No,null,null,null,2023-11-07,3,0.1579581296713808,0.627426386660762,16.701308584972445,-0.08800000000000008,0.0041852828557649435,0.6899999999999906,4.153999999999982
2023-11-15,91282CJJ1,Note,10-Year,2023-11-08,2023-11-15,2033-11-15,99.848482,null,null,null,null,35.970000,2,null,2023-11-01,Single-Price,null,null,null,null,4.440000,No,null,2.45,No,null,null,No,01:00 PM,12:00 PM,39731221000,3,97840042000,Yes,912821NP6,null,null,2023-11-15,6028022000,12103022000,102174000000,Yes,0,0,Normal,2024-05-15,No,null,null,null,null,99.848482,null,4.519,null,27703020000.0,31572020000,Semi-Annual,4.500000,null,null,null,null,4.400000,2023-11-15,14000000000,10000000,14000000000,100,100,100,100,100,0,14000000000,268783300,Yes,40000000000,null,null,null,10-Year,A_20231101_1.pdf,R_20231108_2.pdf,NCR_20231108_2.pdf,6000179000.0,54165000000,null,null,No,0-Month,10-Year,F-2033,761192300,32629000000,No,761192300,null,22.5000,Yes,null,40761196600.0,98870017600,95640200,Yes,null,null,A_20231101_1.xml,R_20231108_2.xml,No,null,null,null,2023-11-08,10,0.147203210418018,0.6796419710602902,40.0,-0.043999999999999595,0.008203415420064614,-10.099999999999998,-6.23800000000001
2023-11-15,912810TV0,Bond,30-Year,2023-11-09,2023-11-15,2053-11-15,99.698482,null,null,null,null,17.970000,2,null,2023-11-01,Single-Price,null,null,null,null,4.650000,No,null,2.24,No,null,null,No,01:00 PM,12:00 PM,23910420000,3,53578480000,Yes,912803GW7,null,null,2023-11-15,3625500000,6910500000,102174000000,Yes,0,0,Normal,2024-05-15,No,null,null,null,null,99.698482,null,4.769,null,14371980000.0,15630980000,Semi-Annual,4.750000,null,null,null,null,4.590000,2023-11-15,8400000000,10000000,8400000000,100,100,100,100,100,0,8400000000,89597100,Yes,24000000000,null,null,null,30-Year,A_20231101_3.pdf,R_20231109_3.pdf,NCR_20231109_3.pdf,5912940000.0,31037000000,null,null,No,0-Month,30-Year,Bonds of November 2053,456715300,32629000000,No,456715300,null,23.7500,Yes,null,24456732400.0,54124792400,22593100,Yes,null,null,A_20231101_3.xml,R_20231109_3.xml,No,912834J66,null,null,2023-11-09,30,0.2417714641224925,0.5876492315056774,49.23509332910961,-0.19599999999999973,0.11617476664596357,0.04999999999997229,-0.3920000000000279
2023-11-30,912810TW8,Bond,20-Year,2023-11-20,2023-11-30,2043-11-15,99.612655,null,1.9574200000,null,null,18.630000,2,null,2023-11-16,Single-Price,null,null,null,null,4.730000,Yes,2023-11-15,2.58,No,null,null,No,01:00 PM,12:00 PM,15831222900,3,41045201300,Yes,912803GX5,null,null,2023-11-15,2614007000,5093007000,105708000000,Yes,0,0,Normal,2024-05-15,No,null,null,null,null,99.612655,null,4.78,null,11712194100.0,14453194300,Semi-Annual,4.750000,null,null,null,null,4.680000,2023-11-30,5600000000,10000000,5600000000,100,100,100,100,100,0,5600000000,168798900,Yes,16000000000,null,null,null,20-Year,A_20231116_1.pdf,R_20231120_3.pdf,NCR_20231120_3.pdf,1505021800.0,21499000000,null,null,No,0-Month,20-Year,Bonds of November 2043,184294600,31564000000,No,184294600,null,23.7500,Yes,null,16184316400.0,41398294800,63410900,Yes,null,null,A_20231116_1.xml,R_20231120_3.xml,No,null,null,null,2023-11-20,20,0.09299260857258079,0.7236755517211713,26.25306354680867,-0.1080000000000001,-0.004003571193088376,1.2500000000000178,-6.009999999999964
2023-11-30,91282CJN2,Note,5-Year,2023-11-27,2023-11-30,2028-11-30,99.800095,null,null,null,null,96.290000,2,null,2023-11-22,Single-Price,null,null,null,null,4.365000,No,null,2.46,No,null,null,No,01:00 PM,12:00 PM,54800530300,3,135253890000,Yes,912821NR2,null,null,2023-11-30,9663000000,17703000000,105708000000,Yes,0,0,Normal,2024-05-31,No,null,null,null,null,99.800095,null,4.42,null,35904265800.0,42208890000,Semi-Annual,4.375000,null,null,null,null,4.310000,2023-11-30,19250000000,10000000,19250000000,100,100,100,100,100,0,19250000000,199475300,Yes,55000000000,null,null,null,5-Year,A_20231122_5.pdf,R_20231127_3.pdf,NCR_20231127_4.pdf,9233264500.0,75342000000,null,null,No,0-Month,5-Year,AG-2028,633512900,31564000000,No,633512900,null,21.8750,Yes,null,55633518500.0,136086878200,103675800,Yes,null,null,A_20231122_5.xml,R_20231127_3.xml,No,null,null,SPL_20231122_1.pdf,2023-11-27,5,0.16596585563791008,0.6453711138187315,30.546898358361478,-0.04800000000000004,0.028713252876319567,-2.740000000000009,-11.244000000000014
2023-11-30,91282CJL6,Note,2-Year,2023-11-27,2023-11-30,2025-11-30,99.977397,null,null,null,null,70.150000,2,null,2023-11-22,Single-Price,null,null,null,null,4.830000,No,null,2.54,No,null,null,No,11:30 AM,11:00 AM,53293742500,3,136241380000,Yes,912821NQ4,null,null,2023-11-30,12714000000,19564000000,105708000000,Yes,0,0,Normal,2024-05-31,No,null,null,null,null,99.977397,null,4.887,null,30581380000.0,43855380000,Semi-Annual,4.875000,null,null,null,null,4.788000,2023-11-30,18900000000,10000000,18900000000,100,100,100,100,100,0,18900000000,706295900,Yes,54000000000,null,null,null,2-Year,A_20231122_1.pdf,R_20231127_2.pdf,NCR_20231127_2.pdf,9998362500.0,72822000000,null,null,No,0-Month,2-Year,BL-2025,621994500,31564000000,No,621994500,null,24.3750,Yes,null,54622032900.0,137569670400,317595400,Yes,null,null,A_20231122_1.xml,R_20231127_2.xml,No,null,null,SPL_20231122_1.pdf,2023-11-27,2,0.18304632708022114,0.5598726077439714,12.802534063436342,-0.25,0.040658768845221044,1.2899999999999245,-1.8400000000000816
2023-11-30,91282CJM4,Note,7-Year,2023-11-28,2023-11-30,2030-11-30,99.856744,null,null,null,null,68.990000,2,null,2023-11-22,Single-Price,null,null,null,null,4.319000,No,null,2.44,No,null,null,No,01:00 PM,12:00 PM,38648325000,3,94903850000,Yes,912821NS0,null,null,2023-11-30,6125300000,11200300000,105708000000,Yes,0,0,Normal,2024-05-31,No,null,null,null,null,99.856744,null,4.399,null,24680550000.0,28038550000,Semi-Annual,4.375000,null,null,null,null,4.260000,2023-11-30,13650000000,10000000,13650000000,100,100,100,100,100,0,13650000000,351689600,Yes,39000000000,null,null,null,7-Year,A_20231122_7.pdf,R_20231128_3.pdf,NCR_20231128_3.pdf,7842475000.0,55665000000,null,null,No,0-Month,7-Year,S-2030,449218100,31564000000,No,449218100,null,21.8750,Yes,null,39449232700.0,95704757700,63168500,Yes,null,null,A_20231122_7.xml,R_20231128_3.xml,No,912834J74,null,null,2023-11-28,7,0.19879917715104253,0.6256281380093864,29.062264429880802,-0.15200000000000014,0.08528410670892037,5.710000000000015,-0.5679999999999907
2023-12-15,91282CJJ1,Note,9-Year 11-Month,2023-12-11,2023-12-15,2033-11-15,101.626935,null,3.7087900000,null,null,22.950000,2,null,2023-12-07,Single-Price,null,null,null,null,4.224000,Yes,2023-11-15,2.53,No,null,null,No,01:00 PM,12:00 PM,36888008000,3,93488258000,Yes,912821NP6,null,40759000000.000000,2023-11-15,6961000000,11836000000,44215000000,Yes,0,0,Normal,2024-05-15,No,null,null,null,null,101.626935,null,4.296,null,23544008000.0,27017258000,Semi-Annual,4.500000,null,null,null,null,4.150000,2023-12-15,12950000000,10000000,12950000000,100,100,100,100,100,14000000000,12950000000,112015400,Yes,37000000000,null,2023-11-15,2023-11-15,10-Year,A_20231207_5.pdf,R_20231211_3.pdf,NCR_20231211_3.pdf,6383000000.0,54635000000,null,null,Yes,11-Month,9-Year,F-2033,0,14170000000,No,0,null,22.5000,Yes,null,37000023400.0,93600273400,56770400,Yes,null,null,A_20231207_5.xml,R_20231211_3.xml,No,null,null,SPL_20231207_1.pdf,2023-12-11,10,0.17251340441044152,0.6363241381085181,37.0,0.043333333333333,0.03214637350914404,3.4100000000000463,8.311666666666703
2023-12-15,91282CJP7,Note,3-Year,2023-12-11,2023-12-15,2026-12-15,99.680564,null,null,null,null,73.470000,2,null,2023-12-07,Single-Price,null,null,null,null,4.430000,No,null,2.42,No,null,null,No,11:30 AM,11:00 AM,49555200000,3,120351910000,Yes,912821NT8,null,null,2023-12-15,10747000000,17222000000,44215000000,Yes,200000000,200000000,Normal,2024-06-15,No,null,null,null,null,99.680564,null,4.49,null,25805910000.0,33621910000,Semi-Annual,4.375000,null,null,null,null,4.360000,2023-12-15,17500000000,10000000,17500000000,100,100,100,100,100,0,17500000000,244868500,Yes,50000000000,null,null,null,3-Year,A_20231207_6.pdf,R_20231211_1.pdf,NCR_20231211_2.pdf,13002290000.0,69508000000,null,null,No,0-Month,3-Year,AV-2026,0,14170000000,No,0,null,21.8750,Yes,null,50000068500.0,120796778500,100897000,Yes,null,null,A_20231207_6.xml,R_20231211_1.xml,No,912834J82,null,SPL_20231207_1.pdf,2023-12-11,3,0.2600454437377421,0.5161174929190347,17.39719644267963,-0.3233333333333337,0.10557504977949875,7.54999999999999,10.321666666666651
2023-12-15,912810TV0,Bond,29-Year 11-Month,2023-12-12,2023-12-15,2053-11-15,106.75552,null,3.9148400000,null,null,93.570000,2,null,2023-12-07,Single-Price,null,null,null,null,4.280000,Yes,2023-11-15,2.43,No,null,null,No,01:00 PM,12:00 PM,20933494500,3,50944732000,Yes,912803GW7,null,24457000000.000000,2023-11-15,3621800000,6565300000,44215000000,Yes,0,0,Normal,2024-05-15,No,null,null,null,null,106.75552,null,4.344,null,14333694500.0,16508432000,Semi-Annual,4.750000,null,null,null,null,4.230000,2023-12-15,7350000000,10000000,7350000000,100,100,100,100,100,8400000000,7350000000,66507500,Yes,21000000000,null,2023-11-15,2023-11-15,30-Year,A_20231207_4.pdf,R_20231212_2.pdf,NCR_20231212_2.pdf,2978000000.0,27871000000,null,null,Yes,11-Month,29-Year,Bonds of November 2053,0,14170000000,No,0,null,23.7500,Yes,null,21000002000.0,51011239500,24167500,Yes,null,null,A_20231207_4.xml,R_20231212_2.xml,No,null,null,null,2023-12-12,30,0.14180951030385616,0.6825568159469699,43.08070666297091,0.02666666666666684,-0.0031496482803333725,-1.7199999999999882,-2.0966666666666502
2024-01-02,912810TW8,Bond,19-Year 11-Month,2023-12-20,2024-01-02,2043-11-15,107.169753,null,6.2637400000,null,null,56.270000,2,null,2023-12-14,Single-Price,null,null,null,null,4.147000,Yes,2023-11-15,2.55,No,null,null,No,01:00 PM,12:00 PM,12908193900,3,33021302000,Yes,912803GX5,null,16182000000.000000,2023-11-15,2673000000,4295000000,104797000000,Yes,0,0,Normal,2024-05-15,No,null,null,null,null,107.169753,null,4.213,null,8571685900.0,10749802000,Semi-Annual,4.750000,null,null,null,null,4.090000,2023-12-31,4550000000,10000000,4550000000,100,100,100,100,100,5600000000,4550000000,91839100,Yes,13000000000,null,2023-11-15,2023-11-30,20-Year,A_20231214_2.pdf,R_20231220_2.pdf,NCR_20231220_2.pdf,1663508000.0,17976500000,null,null,Yes,11-Month,19-Year,Bonds of November 2043,0,31533000000,No,0,null,23.7500,Yes,null,13000033000.0,33113141100,40154100,Yes,null,null,A_20231214_2.xml,R_20231220_2.xml,No,null,null,null,2023-12-20,20,0.1279618290199725,0.6593587800892505,21.330614131782042,-0.1200000000000001,0.031632911119818044,4.129999999999967,-2.1283333333333543
2024-01-02,91282CJS1,Note,2-Year,2023-12-26,2024-01-02,2025-12-31,99.878444,null,0.2335200000,null,null,96.980000,2,null,2023-12-21,Single-Price,null,null,null,null,4.270000,Yes,2023-12-31,2.68,No,null,null,No,01:00 PM,12:00 PM,56279769100,3,151955740000,Yes,912821NU5,null,null,2023-12-31,10981029100,19329000000,104797000000,Yes,150000000,150000000,Normal,2024-06-30,No,null,null,null,null,99.878444,null,4.314,null,34811740000.0,53598740000,Semi-Annual,4.250000,null,null,null,null,4.200000,2023-12-31,19950000000,10000000,19950000000,100,100,100,100,100,0,19950000000,570289000,Yes,57000000000,null,null,null,2-Year,A_20231221_2.pdf,R_20231226_4.pdf,NCR_20231226_4.pdf,10487000000.0,79028000000,null,null,No,0-Month,2-Year,BM-2025,0,31533000000,No,0,null,21.2500,Yes,null,57000058100.0,152676029000,279761700,Yes,null,null,A_20231221_2.xml,R_20231226_4.xml,No,null,null,SPL_20231221_1.pdf,2023-12-26,2,0.18398226860754727,0.6107316581840466,13.513785955849473,-0.06833333333333291,0.034818248898343646,6.449999999999978,3.6266666666666523
2024-01-02,91282CJR3,Note,5-Year,2023-12-27,2024-01-02,2028-12-31,99.769595,null,0.2060400000,null,null,53.180000,2,null,2023-12-21,Single-Price,null,null,null,null,3.750000,Yes,2023-12-31,2.5,No,null,null,No,01:00 PM,12:00 PM,57821997000,3,144857438600,Yes,912821NV3,null,null,2023-12-31,8880942000,18089000000,104797000000,Yes,0,0,Normal,2024-06-30,No,null,null,null,null,99.769595,null,3.801,null,40820055000.0,50127438600,Semi-Annual,3.750000,null,null,null,null,3.415000,2023-12-31,20300000000,10000000,20300000000,100,100,100,100,100,0,20300000000,178024100,Yes,58000000000,null,null,null,5-Year,A_20231221_6.pdf,R_20231227_4.pdf,NCR_20231227_4.pdf,8121000000.0,76641000000,null,null,No,0-Month,5-Year,AH-2028,0,31533000000,No,0,null,18.7500,Yes,null,58000021100.0,145035462700,93111100,Yes,null,null,A_20231221_6.xml,R_20231227_4.xml,No,null,null,SPL_20231221_2.pdf,2023-12-27,5,0.1400171904420221,0.7037937956888088,32.2130928142721,0.0,-0.0020209544656216716,-6.159999999999988,-12.78999999999999
2024-01-02,91282CJQ5,Note,7-Year,2023-12-28,2024-01-02,2030-12-31,99.336988,null,0.2060400000,null,null,76.850000,2,null,2023-12-21,Single-Price,null,null,null,null,3.783000,Yes,2023-12-31,2.5,No,null,null,No,01:00 PM,12:00 PM,39744046800,3,99659275000,Yes,912821NW1,null,null,2023-12-31,7700236800,12608000000,104797000000,Yes,0,0,Normal,2024-06-30,No,null,null,null,null,99.336988,null,3.859,null,25320597500.0,29532275000,Semi-Annual,3.750000,null,null,null,null,3.500000,2023-12-31,14000000000,10000000,14000000000,100,100,100,100,100,0,14000000000,255973200,Yes,40000000000,null,null,null,7-Year,A_20231221_1.pdf,R_20231228_3.pdf,NCR_20231228_3.pdf,6723212500.0,57519000000,null,null,No,0-Month,7-Year,T-2030,0,31533000000,No,0,null,18.7500,Yes,null,40000020000.0,99915248200,48662200,Yes,null,null,A_20231221_1.xml,R_20231228_3.xml,No,912834J90,null,null,2023-12-28,7,0.16808022845988577,0.6330146209926895,29.80745069731364,-0.06666666666666687,0.04035114023294353,11.240000000000006,5.056666666666665
2024-01-16,91282CJT9,Note,3-Year,2024-01-09,2024-01-16,2027-01-15,99.706476,null,0.1098900000,null,null,14.890000,2,null,2024-01-04,Single-Price,null,null,null,null,4.065000,Yes,2024-01-15,2.67,No,null,null,No,01:00 PM,12:00 PM,51612844900,3,138580060000,Yes,912821NX9,null,null,2024-01-15,8692800200,17807000000,91910000000,Yes,120000000,120000000,Normal,2024-07-15,No,null,null,null,null,99.706476,null,4.105,null,33707542200.0,43316060000,Semi-Annual,4.000000,null,null,null,null,3.950000,2024-01-15,18200000000,10000000,18200000000,100,100,100,100,100,0,18200000000,267211900,Yes,52000000000,null,null,null,3-Year,A_20240104_6.pdf,R_20240109_2.pdf,NCR_20240109_2.pdf,9212502500.0,77457000000,null,null,No,0-Month,3-Year,AJ-2027,0,25907000000,No,0,null,20.0000,Yes,null,52000056800.0,138967271900,113045900,Yes,null,null,A_20240104_6.xml,R_20240109_2.xml,No,912834K23,null,null,2024-01-09,3,0.17716331609853164,0.6482212573275496,18.093084300386813,-0.02666666666666684,0.007168630195675957,2.629999999999999,3.6799999999999944
2024-01-16,91282CJJ1,Note,9-Year 10-Month,2024-01-10,2024-01-16,2033-11-15,103.823381,null,7.6648400000,null,null,44.070000,2,null,2024-01-04,Single-Price,null,null,null,null,3.957000,Yes,2023-11-15,2.56,No,null,null,No,01:00 PM,12:00 PM,36919215500,3,94794058000,Yes,912821NP6,null,77746000000.000000,2023-11-15,6918000000,11793000000,91910000000,Yes,0,0,Normal,2024-05-15,No,null,null,null,null,103.823381,null,4.024,null,24408058000.0,28315058000,Semi-Annual,4.500000,null,null,null,null,3.900000,2024-01-15,12950000000,10000000,12950000000,100,100,100,100,100,27000000000,12950000000,80795700,Yes,37000000000,null,2023-11-15,2023-11-15,10-Year,A_20240104_2.pdf,R_20240110_2.pdf,NCR_20240110_2.pdf,5593157500.0,54686000000,null,null,Yes,10-Month,9-Year,F-2033,0,25907000000,No,0,null,22.5000,Yes,null,37000011200.0,94874853700,30814700,Yes,null,null,A_20240104_2.xml,R_20240110_2.xml,No,null,null,null,2024-01-10,10,0.1511663731604492,0.6596770435572192,37.0,0.04499999999999993,0.011690901380940172,-1.0600000000000165,3.7366666666666326
2024-01-16,912810TV0,Bond,29-Year 10-Month,2024-01-11,2024-01-16,2053-11-15,108.773246,null,8.0906600000,null,null,25.590000,2,null,2024-01-04,Single-Price,null,null,null,null,4.160000,Yes,2023-11-15,2.37,No,null,null,No,01:00 PM,12:00 PM,20966180200,3,49682325000,Yes,912803GW7,null,45445000000.000000,2023-11-15,3712937200,6777200000,91910000000,Yes,0,0,Normal,2024-05-15,No,null,null,null,null,108.773246,null,4.229,null,14209125000.0,16007125000,Semi-Annual,4.750000,null,null,null,null,3.880000,2024-01-15,7350000000,10000000,7350000000,100,100,100,100,100,15800000000,7350000000,33826100,Yes,21000000000,null,2023-11-15,2023-11-15,30-Year,A_20240104_4.pdf,R_20240111_3.pdf,NCR_20240111_3.pdf,3044118000.0,26898000000,null,null,Yes,10-Month,29-Year,Bonds of November 2053,0,25907000000,No,0,null,23.7500,Yes,null,21000006300.0,49716151100,10049100,Yes,null,null,A_20240104_4.xml,R_20240111_3.xml,No,null,null,null,2024-01-11,30,0.14495795651261303,0.6766247970125608,43.08070666297091,-0.018333333333333535,-0.008714954904057881,-13.180000000000014,-13.823333333333343
2024-01-31,912810TW8,Bond,19-Year 10-Month,2024-01-17,2024-01-31,2043-11-15,104.269985,null,10.0480800000,null,null,5.310000,2,null,2024-01-11,Single-Price,null,null,null,null,4.360000,Yes,2023-11-15,2.53,No,null,null,No,01:00 PM,12:00 PM,12936321300,3,32837821000,Yes,912803GX5,null,29179000000.000000,2023-11-15,2653000000,4563000000,179256000000,Yes,0,0,Normal,2024-05-15,No,null,null,null,null,104.269985,null,4.423,null,8041321000.0,9927821000,Semi-Annual,4.750000,null,null,null,null,4.300000,2024-01-31,4550000000,10000000,4550000000,100,100,100,100,100,10200000000,4550000000,63689400,Yes,13000000000,null,2023-11-15,2023-11-30,20-Year,A_20240111_4.pdf,R_20240117_2.pdf,NCR_20240117_2.pdf,2242000300.0,18347000000,null,null,Yes,10-Month,19-Year,Bonds of November 2043,0,27478000000,No,0,null,23.7500,Yes,null,13000010700.0,32901510400,25775900,Yes,null,null,A_20240111_4.xml,R_20240117_2.xml,No,null,null,null,2024-01-17,20,0.17246141958944694,0.6185626447215155,21.330614131782042,-0.08666666666666689,0.06776033099142569,1.729999999999965,-3.966666666666689
2024-01-31,91282CJV4,Note,2-Year,2024-01-23,2024-01-31,2026-01-31,99.782022,null,null,null,null,62.750000,2,null,2024-01-18,Single-Price,null,null,null,null,4.310000,No,null,2.57,No,null,null,No,01:00 PM,12:00 PM,59460369400,3,153693045000,Yes,912821NZ4,null,null,2024-01-31,11815074400,20199000000,179256000000,Yes,0,0,Normal,2024-07-31,No,null,null,null,null,99.782022,null,4.365,null,38828045000.0,52780045000,Semi-Annual,4.250000,null,null,null,null,4.250000,2024-01-31,21000000000,10000000,21000000000,100,100,100,100,100,0,21000000000,539693200,Yes,60000000000,null,null,null,2-Year,A_20240118_7.pdf,R_20240123_3.pdf,NCR_20240123_3.pdf,8817250000.0,80714000000,null,null,No,0-Month,2-Year,AW-2026,0,27478000000,No,0,null,21.2500,Yes,null,60000062600.0,154232738200,207947200,Yes,null,null,A_20240118_7.xml,R_20240123_3.xml,No,null,null,null,2024-01-23,2,0.14695401334464608,0.6471334081574774,14.225037848262602,-0.14833333333333387,-0.010885891889424626,5.020000000000024,0.7700000000000413
2024-01-31,91282CJW2,Note,5-Year,2024-01-24,2024-01-31,2029-01-31,99.753334,null,null,null,null,49.750000,2,null,2024-01-18,Single-Price,null,null,null,null,3.979000,No,null,2.31,No,null,null,No,01:00 PM,12:00 PM,60832652500,3,141001090000,Yes,912821PA7,null,null,2024-01-31,11368500000,18519000000,179256000000,Yes,0,0,Normal,2024-07-31,No,null,null,null,null,99.753334,null,4.055,null,37070090000.0,42316090000,Semi-Annual,4.000000,null,null,null,null,3.900000,2024-01-31,21350000000,10000000,21350000000,100,100,100,100,100,0,21350000000,167411100,Yes,61000000000,null,null,null,5-Year,A_20240118_6.pdf,R_20240124_3.pdf,NCR_20240124_3.pdf,12394062500.0,80166000000,null,null,No,0-Month,5-Year,U-2029,0,27478000000,No,0,null,20.0000,Yes,null,61000063600.0,141168501100,55043100,Yes,null,null,A_20240118_6.xml,R_20240124_3.xml,No,null,null,null,2024-01-24,5,0.20318114061769602,0.6077057598346504,33.87928727018273,-0.18666666666666654,0.05811009659294286,4.110000000000014,0.3916666666666786
2024-01-31,91282CJX0,Note,7-Year,2024-01-25,2024-01-31,2031-01-31,99.342733,null,null,null,null,44.450000,2,null,2024-01-18,Single-Price,null,null,null,null,4.053000,No,null,2.57,No,null,null,No,01:00 PM,12:00 PM,40839822000,3,105383685000,Yes,912821PB5,null,null,2024-01-31,6944100000,13380100000,179256000000,Yes,0,0,Normal,2024-07-31,No,null,null,null,null,99.342733,null,4.109,null,28203372000.0,34838585000,Semi-Annual,4.000000,null,null,null,null,3.990000,2024-01-31,14350000000,10000000,14350000000,100,100,100,100,100,0,14350000000,160219100,Yes,41000000000,null,null,null,7-Year,A_20240118_5.pdf,R_20240125_3.pdf,NCR_20240125_3.pdf,5692350000.0,57165000000,null,null,No,0-Month,7-Year,G-2031,0,27478000000,No,0,null,20.0000,Yes,null,41000041100.0,105543904100,33834100,Yes,null,null,A_20240118_5.xml,R_20240125_3.xml,No,912834K49,null,null,2024-01-25,7,0.13883766570175463,0.6878864323870153,30.552636964746487,0.02833333333333332,-0.0033524160417529036,1.809999999999956,-5.326666666666717
2024-02-15,91282CKA8,Note,3-Year,2024-02-06,2024-02-15,2027-02-15,99.877119,null,null,null,null,15.700000,2,null,2024-01-31,Single-Price,null,null,null,null,4.130000,No,null,2.58,No,null,null,No,01:00 PM,12:00 PM,53644646000,3,138995920000,Yes,912821PC3,null,null,2024-02-15,9836976000,18723000000,105128000000,Yes,75000000,75000000,Normal,2024-08-15,No,null,null,null,null,99.877119,null,4.169,null,35379670000.0,45629920000,Semi-Annual,4.125000,null,null,null,null,4.088000,2024-02-15,18900000000,10000000,18900000000,100,100,100,100,100,0,18900000000,280376200,Yes,54000000000,null,null,null,3-Year,A_20240131_1.pdf,R_20240206_2.pdf,NCR_20240206_2.pdf,8428000000.0,74643000000,null,null,No,0-Month,3-Year,AK-2027,3993698700,39910000000,No,3993698700,null,20.6250,Yes,null,57993720900.0,143344994900,90984200,Yes,null,null,A_20240131_1.xml,R_20240206_2.xml,No,null,null,null,2024-02-06,3,0.14532607787888982,0.6100603556893002,18.788972158094,-0.08166666666666655,-0.036395832980719356,-4.750000000000032,-4.145000000000036
2024-02-15,91282CJZ5,Note,10-Year,2024-02-07,2024-02-15,2034-02-15,99.243059,null,null,null,null,19.640000,2,null,2024-01-31,Single-Price,null,null,null,null,4.037000,No,null,2.56,No,null,null,No,01:00 PM,12:00 PM,41818857500,3,107217720000,Yes,912821PD1,null,null,2024-02-15,6712161500,13103000000,105128000000,Yes,0,0,Normal,2024-08-15,No,null,null,null,null,99.243059,null,4.093,null,29677040000.0,35201920000,Semi-Annual,4.000000,null,null,null,null,3.980000,2024-02-15,14700000000,10000000,14700000000,100,100,100,100,100,0,14700000000,181194400,Yes,42000000000,null,null,null,10-Year,A_20240131_3.pdf,R_20240207_2.pdf,NCR_20240207_2.pdf,5429656000.0,58912800000,null,null,No,0-Month,10-Year,B-2034,3106210100,39910000000,No,3106210100,null,20.0000,Yes,null,45106262000.0,110505124500,91020400,Yes,null,null,A_20240131_3.xml,R_20240207_2.xml,No,null,null,null,2024-02-07,10,0.12037477191082693,0.657936141992879,42.0,0.040000000000000036,-0.023663513430073724,-1.0500000000000398,1.8933333333332798
2024-02-15,912810TX6,Bond,30-Year,2024-02-08,2024-02-15,2054-02-15,98.168819,null,null,null,null,82.550000,2,null,2024-01-31,Single-Price,null,null,null,null,4.314000,No,null,2.4,No,null,null,No,01:00 PM,12:00 PM,24949794000,3,59964889000,Yes,912803GY3,null,null,2024-02-15,3616300000,7391300000,105128000000,Yes,0,0,Normal,2024-08-15,No,null,null,null,null,98.168819,null,4.36,null,17638321500.0,20156389000,Semi-Annual,4.250000,null,null,null,null,4.250000,2024-02-15,8750000000,10000000,8750000000,100,100,100,100,100,0,8750000000,50220200,Yes,25000000000,null,null,null,30-Year,A_20240131_2.pdf,R_20240208_3.pdf,NCR_20240208_3.pdf,3695172500.0,32417200000,null,null,No,0-Month,30-Year,Bonds of February 2054,1848934600,39910000000,No,1848934600,null,21.2500,Yes,null,26848948800.0,61864043800,23163200,Yes,null,null,A_20240131_2.xml,R_20240208_3.xml,No,912834K56,null,null,2024-02-08,30,0.13762820017743116,0.6569464462608682,51.28655555115584,0.0216666666666665,-0.022133817411468165,-11.579999999999924,-11.304999999999913
2024-02-29,912810TZ1,Bond,20-Year,2024-02-21,2024-02-29,2044-02-15,98.763752,null,1.7307700000,null,null,41.130000,2,null,2024-02-15,Single-Price,null,null,null,null,4.510000,Yes,2024-02-15,2.39,No,null,null,No,01:00 PM,12:00 PM,15846278100,3,38155845000,Yes,912803GZ0,null,null,2024-02-15,3123282500,5268000000,98329000000,Yes,0,0,Normal,2024-08-15,No,null,null,null,null,98.763752,null,4.595,null,9362406800.0,10772645000,Semi-Annual,4.500000,null,null,null,null,4.440000,2024-02-29,5600000000,10000000,5600000000,100,100,100,100,100,0,5600000000,153759000,Yes,16000000000,null,null,null,20-Year,A_20240215_2.pdf,R_20240221_3.pdf,NCR_20240221_3.pdf,3360588800.0,22115200000,null,null,No,0-Month,20-Year,Bonds of February 2044,692217100,37432000000,No,692217100,null,22.5000,Yes,null,16692254200.0,39001821100,77096000,Yes,null,null,A_20240215_2.xml,R_20240221_3.xml,No,null,null,null,2024-02-21,20,0.2013262414851075,0.5608833107753655,26.25306354680867,-0.20166666666666622,0.08359997866001147,5.969999999999942,0.11999999999995747
2024-02-29,91282CKB6,Note,2-Year,2024-02-26,2024-02-29,2026-02-28,99.875391,null,null,null,null,72.980000,2,null,2024-02-22,Single-Price,null,null,null,null,4.640000,No,null,2.49,No,null,null,No,11:30 AM,11:00 AM,62359886100,3,156343820000,Yes,912821PE9,null,null,2024-02-29,12538119100,21220000000,98329000000,Yes,0,0,Normal,2024-08-31,No,null,null,null,null,99.875391,null,4.691,null,40633767000.0,53429820000,Semi-Annual,4.625000,null,null,null,null,4.550000,2024-02-29,22050000000,10000000,22050000000,100,100,100,100,100,0,22050000000,640224300,Yes,63000000000,null,null,null,2-Year,A_20240222_5.pdf,R_20240226_1.pdf,NCR_20240226_1.pdf,9188000000.0,81694000000,null,null,No,0-Month,2-Year,AY-2026,2725605200,37432000000,No,2725605200,null,23.1250,Yes,null,65725715600.0,159709649500,245923600,Yes,null,null,A_20240222_5.xml,R_20240226_1.xml,No,null,null,SPL_20240222_1.pdf,2024-02-26,2,0.1397930766690656,0.6182324015655145,14.936289740675731,-0.1933333333333329,-0.019965254775631797,7.43999999999998,3.063333333333329
2024-02-29,91282CKD2,Note,5-Year,2024-02-26,2024-02-29,2029-02-28,99.688225,null,null,null,null,89.610000,2,null,2024-02-22,Single-Price,null,null,null,null,4.248000,No,null,2.41,No,null,null,No,01:00 PM,12:00 PM,63803007500,3,154266555000,Yes,912821PF6,null,null,2024-02-29,12541000000,21031000000,98329000000,Yes,0,0,Normal,2024-08-31,No,null,null,null,null,99.688225,null,4.32,null,40532555000.0,47501555000,Semi-Annual,4.250000,null,null,null,null,4.160000,2024-02-29,22400000000,10000000,22400000000,100,100,100,100,100,0,22400000000,197040300,Yes,64000000000,null,null,null,5-Year,A_20240222_4.pdf,R_20240226_3.pdf,NCR_20240226_3.pdf,10729452500.0,85734000000,null,null,No,0-Month,5-Year,V-2029,2768868800,37432000000,No,2768868800,null,21.2500,Yes,null,66768916600.0,157232464100,79263300,Yes,null,null,A_20240222_4.xml,R_20240226_3.xml,No,null,null,SPL_20240222_1.pdf,2024-02-26,5,0.16069532121178676,0.6070572515474962,35.54548172609336,-0.03833333333333311,0.0041905737262150355,8.420000000000005,5.463333333333338
2024-02-29,91282CKC4,Note,7-Year,2024-02-27,2024-02-29,2031-02-28,99.539228,null,null,null,null,59.810000,2,null,2024-02-22,Single-Price,null,null,null,null,4.270000,No,null,2.58,No,null,null,No,01:00 PM,12:00 PM,41845698900,3,108077285000,Yes,912821PG4,null,null,2024-02-29,6206400000,13306400000,98329000000,Yes,0,0,Normal,2024-08-31,No,null,null,null,null,99.539228,null,4.327,null,29112088900.0,34634485000,Semi-Annual,4.250000,null,null,null,null,4.217000,2024-02-29,14700000000,10000000,14700000000,100,100,100,100,100,0,14700000000,154341700,Yes,42000000000,null,null,null,7-Year,A_20240222_2.pdf,R_20240227_2.pdf,NCR_20240227_2.pdf,6527210000.0,60136400000,null,null,No,0-Month,7-Year,H-2031,1817070100,37432000000,No,1817070100,null,21.2500,Yes,null,43817110700.0,110048696800,35874700,Yes,null,null,A_20240222_2.xml,R_20240227_2.xml,No,912834XJ2,null,null,2024-02-27,7,0.14896486545380547,0.6644000125731704,31.29782323217933,0.023333333333333428,0.00750093329988491,9.42999999999996,5.136666666666627
2024-03-15,91282CKE0,Note,3-Year,2024-03-11,2024-03-15,2027-03-15,99.983268,null,null,null,null,30.570000,2,null,2024-03-07,Single-Price,null,null,null,null,4.207000,No,null,2.6,No,null,null,No,01:00 PM,12:00 PM,55785211300,3,145601615000,Yes,912821PH2,null,null,2024-03-15,8677596300,19842000000,56278000000,Yes,0,0,Normal,2024-09-15,No,null,null,null,null,99.983268,null,4.256,null,39075615000.0,48992615000,Semi-Annual,4.250000,null,null,null,null,4.150000,2024-03-15,19600000000,10000000,19600000000,100,100,100,100,100,0,19600000000,214807300,Yes,56000000000,null,null,null,3-Year,A_20240307_3.pdf,R_20240311_3.pdf,NCR_20240311_3.pdf,8032000000.0,76767000000,null,null,No,0-Month,3-Year,AL-2027,0,5317000000,No,0,null,21.2500,Yes,null,56000018600.0,145816422300,87078100,Yes,null,null,A_20240307_3.xml,R_20240311_3.xml,No,912834XK9,null,null,2024-03-11,3,0.14342852378981175,0.6977786075235339,19.484860015801186,-0.00833333333333286,-0.05013540170738037,4.510000000000058,5.331666666666719
2024-03-15,91282CJZ5,Note,9-Year 11-Month,2024-03-12,2024-03-15,2034-02-15,98.656761,null,3.1868100000,null,null,31.120000,2,null,2024-03-07,Single-Price,null,null,null,null,4.100000,Yes,2024-02-15,2.51,No,null,null,No,01:00 PM,12:00 PM,38924270200,3,97898385000,Yes,912821PD1,null,45104000000.000000,2024-02-15,7258000000,12663000000,56278000000,Yes,0,0,Normal,2024-08-15,No,null,null,null,null,98.656761,null,4.166,null,25024385000.0,29040385000,Semi-Annual,4.000000,null,null,null,null,4.030000,2024-03-15,13650000000,10000000,13650000000,100,100,100,100,100,14700000000,13650000000,75734200,Yes,39000000000,null,2024-02-15,2024-02-15,10-Year,A_20240307_1.pdf,R_20240312_2.pdf,NCR_20240312_2.pdf,6641885200.0,56195000000,null,null,Yes,11-Month,9-Year,B-2034,0,5317000000,No,0,null,20.0000,Yes,null,39000004400.0,97974119200,32448200,Yes,null,null,A_20240307_1.xml,R_20240312_2.xml,No,null,null,null,2024-03-12,10,0.1703047295040818,0.6416508250445223,39.0,-0.010000000000000231,0.017691949185930506,7.99000000000003,11.088333333333352
2024-03-15,912810TX6,Bond,29-Year 11-Month,2024-03-13,2024-03-15,2054-02-15,98.64264,null,3.3859900000,null,null,66.540000,2,null,2024-03-07,Single-Price,null,null,null,null,4.283000,Yes,2024-02-15,2.47,No,null,null,No,01:00 PM,12:00 PM,21970196800,3,54359520000,Yes,912803GY3,null,26846000000.000000,2024-02-15,3685400000,7251400000,56278000000,Yes,0,0,Normal,2024-08-15,No,null,null,null,null,98.64264,null,4.331,null,15223796800.0,18421120000,Semi-Annual,4.250000,null,null,null,null,4.230000,2024-03-15,7700000000,10000000,7700000000,100,100,100,100,100,8800000000,7700000000,29833700,Yes,22000000000,null,2024-02-15,2024-02-15,30-Year,A_20240307_5.pdf,R_20240313_2.pdf,NCR_20240313_2.pdf,3061000000.0,28687000000,null,null,Yes,11-Month,29-Year,Bonds of February 2054,0,5317000000,No,0,null,21.2500,Yes,null,22000030500.0,54389353700,17204700,Yes,null,null,A_20240307_5.xml,R_20240313_2.xml,No,null,null,null,2024-03-13,30,0.13913617074303603,0.6919898042868622,45.132168885017144,0.09499999999999975,-0.028399753690806218,-9.09999999999993,-7.093333333333263
2024-04-01,912810TZ1,Bond,19-Year 11-Month,2024-03-19,2024-04-01,2044-02-15,99.444553,null,5.6868100000,null,null,94.020000,2,null,2024-03-14,Single-Price,null,null,null,null,4.499000,Yes,2024-02-15,2.79,No,null,null,No,01:00 PM,12:00 PM,12917060000,3,36124445000,Yes,912803GZ0,null,16673000000.000000,2024-02-15,2216658000,4749000000,92224000000,Yes,0,0,Normal,2024-08-15,No,null,null,null,null,99.444553,null,4.542,null,9493102000.0,13386145000,Semi-Annual,4.500000,null,null,null,null,3.880000,2024-03-31,4550000000,10000000,4550000000,100,100,100,100,100,5600000000,4550000000,82964800,Yes,13000000000,null,2024-02-15,2024-02-29,20-Year,A_20240314_2.pdf,R_20240319_3.pdf,NCR_20240319_3.pdf,1207300000.0,17989300000,null,null,Yes,11-Month,19-Year,Bonds of February 2044,0,39473000000,No,0,null,22.5000,Yes,null,13000024800.0,36207409800,45220800,Yes,null,null,A_20240314_2.xml,R_20240319_3.xml,No,null,null,null,2024-03-19,20,0.09286905360365158,0.7302372223166835,21.330614131782042,0.22666666666666702,-0.04139815378867914,0.23999999999997357,-6.683333333333345
2024-04-01,91282CKH3,Note,2-Year,2024-03-25,2024-04-01,2026-03-31,99.820388,null,0.1229500000,null,null,49.160000,2,null,2024-03-21,Single-Price,null,null,null,null,4.540000,Yes,2024-03-31,2.62,No,null,null,No,01:00 PM,12:00 PM,65275794600,3,172161335000,Yes,912821PJ8,null,null,2024-03-31,13627000000,22577000000,92224000000,Yes,100000000,100000000,Normal,2024-09-30,No,null,null,null,null,99.820388,null,4.595,null,42926831000.0,58194335000,Semi-Annual,4.500000,null,null,null,null,4.470000,2024-03-31,23100000000,10000000,23100000000,100,100,100,100,100,0,23100000000,624234100,Yes,66000000000,null,null,null,2-Year,A_20240321_3.pdf,R_20240325_3.pdf,NCR_20240325_3.pdf,8721963600.0,91390000000,null,null,No,0-Month,2-Year,AZ-2026,0,39473000000,No,0,null,22.5000,Yes,null,66000028700.0,172885569100,289234100,Yes,null,null,A_20240321_3.xml,R_20240325_3.xml,No,null,null,null,2024-03-25,2,0.13215090617074232,0.6504062474748591,15.647541633088863,0.011666666666666714,-0.028715053626375803,5.91999999999997,1.066666666666653
2024-04-01,91282CKG5,Note,5-Year,2024-03-26,2024-04-01,2029-03-31,99.508988,null,0.1127000000,null,null,81.560000,2,null,2024-03-21,Single-Price,null,null,null,null,4.188000,Yes,2024-03-31,2.41,No,null,null,No,01:00 PM,12:00 PM,66825255100,3,161351345000,Yes,912821PK5,null,null,2024-03-31,11236606100,21665000000,92224000000,Yes,0,0,Normal,2024-09-30,No,null,null,null,null,99.508988,null,4.235,null,47080593000.0,55066345000,Semi-Annual,4.125000,null,null,null,null,4.110000,2024-03-31,23450000000,10000000,23450000000,100,100,100,100,100,0,23450000000,174794600,Yes,67000000000,null,null,null,5-Year,A_20240321_7.pdf,R_20240326_2.pdf,NCR_20240326_2.pdf,8508056000.0,84620000000,null,null,No,0-Month,5-Year,W-2029,0,39473000000,No,0,null,20.6250,Yes,null,67000049700.0,161526139600,71227700,Yes,null,null,A_20240321_7.xml,R_20240326_2.xml,No,null,null,null,2024-03-26,5,0.1269858162508199,0.7026948966576662,37.21167618200398,-0.016666666666666607,-0.03551859729412121,3.9100000000000357,-0.17499999999995453
2024-04-01,91282CKF7,Note,7-Year,2024-03-27,2024-04-01,2031-03-31,99.639057,null,0.1127000000,null,null,63.660000,2,null,2024-03-21,Single-Price,null,null,null,null,4.135000,Yes,2024-03-31,2.61,No,null,null,No,01:00 PM,12:00 PM,42879032000,3,112285445000,Yes,912821PL3,null,null,2024-03-31,7465300000,15290300000,92224000000,Yes,0,0,Normal,2024-09-30,No,null,null,null,null,99.639057,null,4.185,null,29899535000.0,37529745000,Semi-Annual,4.125000,null,null,null,null,4.070000,2024-03-31,15050000000,10000000,15050000000,100,100,100,100,100,0,15050000000,120968600,Yes,43000000000,null,null,null,7-Year,A_20240321_6.pdf,R_20240327_3.pdf,NCR_20240327_3.pdf,5514197000.0,59465400000,null,null,No,0-Month,7-Year,J-2031,0,39473000000,No,0,null,20.6250,Yes,null,43000000600.0,112406413600,38974000,Yes,null,null,A_20240321_6.xml,R_20240327_3.xml,No,912834XL7,null,null,2024-03-27,7,0.1282371377455283,0.6953380135534231,32.04300949961217,0.06666666666666643,-0.023325285334189594,1.529999999999987,-4.088333333333338
2024-04-15,91282CKJ9,Note,3-Year,2024-04-09,2024-04-15,2027-04-15,99.8668,null,null,null,null,34.810000,2,null,2024-04-04,Single-Price,null,null,null,null,4.489000,No,null,2.5,No,null,null,No,01:00 PM,12:00 PM,57734532500,3,144583805000,Yes,912821PM1,null,null,2024-04-15,11793000000,19793000000,67048000000,Yes,5000000,5000000,Normal,2024-10-15,No,null,null,null,null,99.8668,null,4.548,null,34792805000.0,42532805000,Semi-Annual,4.500000,null,null,null,null,4.430000,2024-04-15,20300000000,10000000,20300000000,100,100,100,100,100,0,20300000000,260480700,Yes,58000000000,null,null,null,3-Year,A_20240404_3.pdf,R_20240409_2.pdf,NCR_20240409_2.pdf,11148727500.0,82258000000,null,null,No,0-Month,3-Year,AM-2027,956525500,39352000000,No,956525500,null,22.5000,Yes,null,58956538700.0,145805811200,84735200,Yes,null,null,A_20240404_3.xml,R_20240409_2.xml,No,912834XM5,null,null,2024-04-09,3,0.18910078077565295,0.5901432778651233,20.180747873508373,-0.08333333333333348,0.005136335959597171,-1.130000000000031,-1.0633333333333717
2024-04-15,91282CJZ5,Note,9-Year 10-Month,2024-04-10,2024-04-15,2034-02-15,95.590932,null,6.5934100000,null,null,54.100000,2,null,2024-04-04,Single-Price,null,null,null,null,4.465000,Yes,2024-02-15,2.34,No,null,null,No,01:00 PM,12:00 PM,38916968000,3,91022068000,Yes,912821PD1,null,84104000000.000000,2024-02-15,5540000000,11290000000,67048000000,Yes,0,0,Normal,2024-08-15,No,null,null,null,null,95.590932,null,4.56,null,24054318000.0,26802668000,Semi-Annual,4.000000,null,null,null,null,4.400000,2024-04-15,13650000000,10000000,13650000000,100,100,100,100,100,28400000000,13650000000,83129500,Yes,39000000000,null,2024-02-15,2024-02-15,10-Year,A_20240404_2.pdf,R_20240410_2.pdf,NCR_20240410_2.pdf,9322650000.0,52929400000,null,null,Yes,10-Month,9-Year,B-2034,643180900,39352000000,No,643180900,null,20.0000,Yes,null,39643278400.0,91748378400,32663500,Yes,null,null,A_20240404_2.xml,R_20240410_2.xml,No,null,null,null,2024-04-10,10,0.2351634470271258,0.6067691414744346,39.0,-0.17833333333333368,0.07706175594219067,22.119999999999962,24.21666666666661
2024-04-15,912810TX6,Bond,29-Year 10-Month,2024-04-11,2024-04-15,2054-02-15,93.249005,null,7.0054900000,null,null,58.230000,2,null,2024-04-04,Single-Price,null,null,null,null,4.608000,Yes,2024-02-15,2.37,No,null,null,No,01:00 PM,12:00 PM,21977492400,3,52049250000,Yes,912803GY3,null,48836000000.000000,2024-02-15,4016900000,7106900000,67048000000,Yes,0,0,Normal,2024-08-15,No,null,null,null,null,93.249005,null,4.671,null,14149684500.0,16309950000,Semi-Annual,4.250000,null,null,null,null,4.560000,2024-04-15,7700000000,10000000,7700000000,100,100,100,100,100,16500000000,7700000000,22514600,Yes,22000000000,null,2024-02-15,2024-02-15,30-Year,A_20240404_6.pdf,R_20240411_3.pdf,NCR_20240411_3.pdf,3810907900.0,28632400000,null,null,Yes,10-Month,29-Year,Bonds of February 2054,362819900,39352000000,No,362819900,null,21.2500,Yes,null,22362826900.0,52434584500,7578600,Yes,null,null,A_20240404_6.xml,R_20240411_3.xml,No,null,null,null,2024-04-11,30,0.17041261898780785,0.6327323715947557,45.132168885017144,-0.006666666666666821,0.00596148957731743,3.640000000000043,7.5300000000000225
2024-04-30,912810TZ1,Bond,19-Year 10-Month,2024-04-17,2024-04-30,2044-02-15,95.958772,null,9.2719800000,null,null,79.310000,2,null,2024-04-11,Single-Price,null,null,null,null,4.770000,Yes,2024-02-15,2.82,No,null,null,No,01:00 PM,12:00 PM,12921538600,3,36575960000,Yes,912803GZ0,null,29661000000.000000,2024-02-15,2094344100,5042000000,175541000000,Yes,0,0,Normal,2024-08-15,No,null,null,null,null,95.958772,null,4.818,null,9653246500.0,13615460000,Semi-Annual,4.500000,null,null,null,null,4.730000,2024-04-30,4550000000,10000000,4550000000,100,100,100,100,100,10200000000,4550000000,78479200,Yes,13000000000,null,2024-02-15,2024-02-29,20-Year,A_20240411_6.pdf,R_20240417_2.pdf,NCR_20240417_2.pdf,1173948000.0,17918500000,null,null,Yes,10-Month,19-Year,Bonds of February 2044,61959200,23797000000,No,61959200,null,22.5000,Yes,null,13061977000.0,36716398400,38932200,Yes,null,null,A_20240411_6.xml,R_20240417_2.xml,No,null,null,null,2024-04-17,20,0.08987521567370697,0.7390341063990543,21.330614131782042,0.24833333333333307,-0.0444819067295633,-2.600000000000069,-7.560000000000056
2024-04-30,91282CKK6,Note,2-Year,2024-04-23,2024-04-30,2026-04-30,99.956684,null,null,null,null,77.900000,2,null,2024-04-18,Single-Price,null,null,null,null,4.850000,No,null,2.66,No,null,null,No,01:00 PM,12:00 PM,67967911000,3,182416791000,Yes,912821PP4,null,null,2024-04-30,12709500000,22906000000,175541000000,Yes,0,0,Normal,2024-10-31,No,null,null,null,null,99.956684,null,4.898,null,45005791000.0,64983791000,Semi-Annual,4.875000,null,null,null,null,4.800000,2024-04-30,24150000000,10000000,24150000000,100,100,100,100,100,0,24150000000,1032098300,Yes,69000000000,null,null,null,2-Year,A_20240418_1.pdf,R_20240423_2.pdf,NCR_20240423_2.pdf,10252620000.0,94527000000,null,null,No,0-Month,2-Year,BA-2026,328860900,23797000000,No,328860900,null,24.3750,Yes,null,69328870200.0,183777750200,392203200,Yes,null,null,A_20240418_1.xml,R_20240423_2.xml,No,null,null,null,2024-04-23,2,0.14788384651910857,0.6491637736222622,16.358793525501994,0.06999999999999984,-0.01209905055824137,-0.5800000000000693,-5.726666666666717
2024-04-30,91282CKP5,Note,5-Year,2024-04-24,2024-04-30,2029-04-30,99.849895,null,null,null,null,1.930000,2,null,2024-04-18,Single-Price,null,null,null,null,4.591000,No,null,2.39,No,null,null,No,01:00 PM,12:00 PM,69773519500,3,166830270000,Yes,912821PQ2,null,null,2024-04-30,13426000000,22876000000,175541000000,Yes,3000000,3000000,Normal,2024-10-31,No,null,null,null,null,99.849895,null,4.659,null,45870989500.0,54134670000,Semi-Annual,4.625000,null,null,null,null,4.550000,2024-04-30,24500000000,10000000,24500000000,100,100,100,100,100,0,24500000000,223501200,Yes,70000000000,null,null,null,5-Year,A_20240418_3.pdf,R_20240424_3.pdf,NCR_20240424_3.pdf,10476530000.0,89819600000,null,null,No,0-Month,5-Year,Y-2029,333627000,23797000000,No,333627000,null,23.1250,Yes,null,70333647700.0,167390398200,66324200,Yes,null,null,A_20240418_3.xml,R_20240424_3.xml,No,null,null,null,2024-04-24,5,0.14895473706534348,0.6521912484285953,38.87787063791461,-0.018333333333333535,-0.016064338202125966,9.109999999999996,5.6399999999999935
2024-04-30,91282CKN0,Note,7-Year,2024-04-25,2024-04-30,2031-04-30,99.462794,null,null,null,null,35.060000,2,null,2024-04-18,Single-Price,null,null,null,null,4.661000,No,null,2.48,No,null,null,No,01:00 PM,12:00 PM,43893603000,3,109052308000,Yes,912821PR0,null,null,2024-04-30,9212500000,15688500000,175541000000,Yes,0,0,Normal,2024-10-31,No,null,null,null,null,99.462794,null,4.716,null,28579008000.0,34255008000,Semi-Annual,4.625000,null,null,null,null,4.610000,2024-04-30,15400000000,10000000,15400000000,100,100,100,100,100,0,15400000000,106404200,Yes,44000000000,null,null,null,7-Year,A_20240418_4.pdf,R_20240425_3.pdf,NCR_20240425_3.pdf,6102095000.0,59108800000,null,null,No,0-Month,7-Year,K-2031,209708300,23797000000,No,209708300,null,23.1250,Yes,null,44209715500.0,109368420500,35764200,Yes,null,null,A_20240418_4.xml,R_20240425_3.xml,No,912834XN3,null,null,2024-04-25,7,0.13802610876335542,0.6464417985227704,32.78819576704501,-0.08666666666666689,-0.010640212763879803,14.580000000000037,9.560000000000041
2024-05-15,91282CKR1,Note,3-Year,2024-05-07,2024-05-15,2027-05-15,99.708904,null,null,null,null,87.590000,2,null,2024-05-01,Single-Price,null,null,null,null,4.550000,No,null,2.63,No,null,null,No,01:00 PM,12:00 PM,57695955800,3,152336134000,Yes,912821PS8,null,null,2024-05-15,11311061800,19893000000,107774000000,Yes,5000000,5000000,Normal,2024-11-15,No,null,null,null,null,99.708904,null,4.605,null,37804224000.0,48466134000,Semi-Annual,4.500000,null,null,null,null,4.500000,2024-05-15,20300000000,10000000,20300000000,100,100,100,100,100,0,20300000000,299235900,Yes,58000000000,null,null,null,3-Year,A_20240501_1.pdf,R_20240507_2.pdf,NCR_20240507_2.pdf,8580670000.0,83977000000,null,null,No,0-Month,3-Year,AN-2027,7290018100,46990000000,No,7290018100,null,22.5000,Yes,null,65290209800.0,159930388000,118749400,Yes,null,null,A_20240501_1.xml,R_20240507_2.xml,No,null,null,null,2024-05-07,3,0.13142353235323806,0.5790182650018073,20.180747873508373,0.0566666666666662,-0.04741351297209678,0.2700000000000813,-1.313333333333248
2024-05-15,91282CKQ3,Note,10-Year,2024-05-08,2024-05-15,2034-05-15,99.13726,null,null,null,null,0.480000,2,null,2024-05-01,Single-Price,null,null,null,null,4.422000,No,null,2.49,No,null,null,No,01:00 PM,12:00 PM,41835384000,3,104234180000,Yes,912821PT6,null,null,2024-05-15,7842000000,13677000000,107774000000,Yes,0,0,Normal,2024-11-15,No,null,null,null,null,99.13726,null,4.483,null,27411848000.0,30697180000,Semi-Annual,4.375000,null,null,null,null,4.370000,2024-05-15,14700000000,10000000,14700000000,100,100,100,100,100,0,14700000000,164622200,Yes,42000000000,null,null,null,10-Year,A_20240501_2.pdf,R_20240508_2.pdf,NCR_20240508_2.pdf,6581536000.0,59860000000,null,null,No,0-Month,10-Year,C-2034,5278978600,46990000000,No,5278978600,null,21.8750,Yes,null,47278984800.0,109677780800,71099200,Yes,null,null,A_20240501_2.xml,R_20240508_2.xml,No,null,null,null,2024-05-08,10,0.13920637314530493,0.5797892682331877,42.0,-0.0016666666666664831,-0.02691461625985228,5.709999999999926,2.158333333333262
2024-05-15,912810UA4,Bond,30-Year,2024-05-09,2024-05-15,2054-05-15,99.83882,null,null,null,null,9.000000,2,null,2024-05-01,Single-Price,null,null,null,null,4.585000,No,null,2.41,No,null,null,No,01:00 PM,12:00 PM,24970545000,3,60188346100,Yes,912803HB2,null,null,2024-05-15,4939600000,8677600000,107774000000,Yes,0,0,Normal,2024-11-15,No,null,null,null,null,99.83882,null,4.635,null,16196495000.0,19989346100,Semi-Annual,4.625000,null,null,null,null,4.540000,2024-05-15,8750000000,10000000,8750000000,100,100,100,100,100,0,8750000000,29455800,Yes,25000000000,null,null,null,30-Year,A_20240501_3.pdf,R_20240509_3.pdf,NCR_20240509_3.pdf,3834450000.0,31521400000,null,null,No,0-Month,30-Year,Bonds of May 2054,3142249100,46990000000,No,3142249100,null,23.1250,Yes,null,28142249900.0,63360051000,9529800,Yes,null,null,A_20240501_3.xml,R_20240509_3.xml,No,912834XP8,null,null,2024-05-09,30,0.13625243232595985,0.5755223927565223,51.28655555115584,0.029999999999999805,-0.026366887815246293,-4.349999999999987,0.9649999999999865
2024-05-31,912810UB2,Bond,20-Year,2024-05-22,2024-05-31,2044-05-15,99.866542,null,2.0108700000,null,null,30.200000,2,null,2024-05-16,Single-Price,null,null,null,null,4.580000,Yes,2024-05-15,2.51,No,null,null,No,01:00 PM,12:00 PM,15916122000,3,40134310000,Yes,912803HC0,null,null,2024-05-15,3052000000,5632000000,87595000000,Yes,0,0,Normal,2024-11-15,No,null,null,null,null,99.866542,null,4.635,null,11262332000.0,13278610000,Semi-Annual,4.625000,null,null,null,null,4.540000,2024-05-31,5600000000,10000000,5600000000,100,100,100,100,100,0,5600000000,83899600,Yes,16000000000,null,null,null,20-Year,A_20240516_1.pdf,R_20240522_2.pdf,NCR_20240522_2.pdf,1601790000.0,21223700000,null,null,No,0-Month,20-Year,Bonds of May 2044,949882800,43147000000,No,949882800,null,23.1250,Yes,null,16949904400.0,41168092400,40042900,Yes,null,null,A_20240516_1.xml,R_20240522_2.xml,No,null,null,null,2024-05-22,20,0.0945014179549001,0.6644481133474711,26.25306354680867,-0.10000000000000009,-0.03507964336917761,1.9699999999999385,0.18333333333330581
2024-05-31,91282CKS9,Note,2-Year,2024-05-28,2024-05-31,2026-05-31,99.92092,null,null,null,null,78.980000,2,null,2024-05-23,Single-Price,null,null,null,null,4.850000,No,null,2.41,No,null,null,No,11:30 AM,11:00 AM,68286045000,3,165295145000,Yes,912821PU3,null,null,2024-05-31,17426000000,26651000000,87595000000,Yes,3000000,3000000,Normal,2024-11-30,No,null,null,null,null,99.92092,null,4.917,null,39542145000.0,50446145000,Semi-Annual,4.875000,null,null,null,null,4.740000,2024-05-31,24150000000,10000000,24150000000,100,100,100,100,100,0,24150000000,710972800,Yes,69000000000,null,null,null,2-Year,A_20240523_3.pdf,R_20240528_4.pdf,NCR_20240528_4.pdf,11317900000.0,88198000000,null,null,No,0-Month,2-Year,BC-2026,4096369900,43147000000,No,4096369900,null,24.3750,Yes,null,73096387700.0,170105487700,314884800,Yes,null,null,A_20240523_3.xml,R_20240528_4.xml,No,null,null,SPL_20240523_1.pdf,2024-05-28,2,0.1548352846990276,0.5409589480986076,16.358793525501994,-0.18333333333333313,-0.0007997883661942373,4.760000000000009,0.5033333333333738
2024-05-31,91282CKT7,Note,5-Year,2024-05-28,2024-05-31,2029-05-31,99.765369,null,null,null,null,96.340000,2,null,2024-05-23,Single-Price,null,null,null,null,4.480000,No,null,2.3,No,null,null,No,01:00 PM,12:00 PM,69825542200,3,160504455000,Yes,912821PV1,null,null,2024-05-31,10783000000,20233000000,87595000000,Yes,0,0,Normal,2024-11-30,No,null,null,null,null,99.765369,null,4.553,null,45411962200.0,50413255000,Semi-Annual,4.500000,null,null,null,null,4.380000,2024-05-31,24500000000,10000000,24500000000,100,100,100,100,100,0,24500000000,174484200,Yes,70000000000,null,null,null,5-Year,A_20240523_4.pdf,R_20240528_5.pdf,NCR_20240528_5.pdf,13630580000.0,89858200000,null,null,No,0-Month,5-Year,Z-2029,4155737600,43147000000,No,4155737600,null,22.5000,Yes,null,74155764000.0,164834676800,72701200,Yes,null,null,A_20240523_4.xml,R_20240528_5.xml,No,null,null,SPL_20240523_1.pdf,2024-05-28,5,0.18381012162453075,0.6123861416895388,38.87787063791461,-0.11333333333333373,0.02617677808693436,9.140000000000015,6.3650000000000055
2024-05-31,91282CKU4,Note,7-Year,2024-05-29,2024-05-31,2031-05-31,99.852076,null,null,null,null,65.550000,2,null,2024-05-23,Single-Price,null,null,null,null,4.590000,No,null,2.43,No,null,null,No,01:00 PM,12:00 PM,43882727000,3,106686840000,Yes,912821PW9,null,null,2024-05-31,7077000000,13527000000,87595000000,Yes,0,0,Normal,2024-11-30,No,null,null,null,null,99.852076,null,4.65,null,29346752000.0,34260840000,Semi-Annual,4.625000,null,null,null,null,4.520000,2024-05-31,15400000000,10000000,15400000000,100,100,100,100,100,0,15400000000,117335600,Yes,44000000000,null,null,null,7-Year,A_20240523_5.pdf,R_20240529_3.pdf,NCR_20240529_3.pdf,7458975000.0,58899000000,null,null,No,0-Month,7-Year,L-2031,2612177800,43147000000,No,2612177800,null,23.1250,Yes,null,46612240400.0,109416353400,50751600,Yes,null,null,A_20240523_5.xml,R_20240529_3.xml,No,912834XQ6,null,null,2024-05-29,7,0.1600218083488645,0.6295932516472648,32.78819576704501,-0.09999999999999964,0.006530944469635813,19.61000000000004,12.226666666666713
2024-06-17,91282CKV2,Note,3-Year,2024-06-10,2024-06-17,2027-06-15,99.905415,null,0.2527300000,null,null,53.410000,2,null,2024-06-06,Single-Price,null,null,null,null,4.590000,Yes,2024-06-15,2.43,No,null,null,No,01:00 PM,12:00 PM,57646532000,3,140762030000,Yes,912821PX7,null,null,2024-06-15,9166000000,17291000000,50468000000,Yes,150000000,150000000,Normal,2024-12-15,No,null,null,null,null,99.905415,null,4.659,null,36973827000.0,45601030000,Semi-Annual,4.625000,null,null,null,null,4.500000,2024-06-15,20300000000,10000000,20300000000,100,100,100,100,100,0,20300000000,203488400,Yes,58000000000,null,null,null,3-Year,A_20240606_4.pdf,R_20240610_3.pdf,NCR_20240610_3.pdf,11506705000.0,77870000000,null,null,No,0-Month,3-Year,AP-2027,1876038700,12864000000,No,1876038700,null,23.1250,Yes,null,59876059100.0,142991557100,83282700,Yes,null,null,A_20240606_4.xml,R_20240610_3.xml,No,912834XR4,null,null,2024-06-10,3,0.1921753898462566,0.61750602086636,20.180747873508373,-0.13666666666666627,0.017760777407278883,5.290000000000017,3.7766666666666726
2024-06-17,91282CKQ3,Note,9-Year 11-Month,2024-06-11,2024-06-17,2034-05-15,99.492212,null,3.9232300000,null,null,43.690000,2,null,2024-06-06,Single-Price,null,null,null,null,4.374000,Yes,2024-05-15,2.67,No,null,null,No,01:00 PM,12:00 PM,38918545500,3,104030125000,Yes,912821PT6,null,47281000000.000000,2024-05-15,5375000000,11748900000,50468000000,Yes,0,0,Normal,2024-11-15,No,null,null,null,null,99.492212,null,4.438,null,29034072500.0,38182025000,Semi-Annual,4.375000,null,null,null,null,4.341000,2024-06-15,13650000000,10000000,13650000000,100,100,100,100,100,14800000000,13650000000,81580800,Yes,39000000000,null,2024-05-15,2024-05-15,10-Year,A_20240606_7.pdf,R_20240611_3.pdf,NCR_20240611_3.pdf,4509473000.0,54099200000,null,null,Yes,11-Month,9-Year,C-2034,1261474200,12864000000,No,1261474200,null,21.8750,Yes,null,40261600500.0,105373180000,32933800,Yes,null,null,A_20240606_7.xml,R_20240611_3.xml,No,null,null,null,2024-06-11,10,0.11200431537737801,0.7211355768134453,39.0,0.1716666666666664,-0.05278386781566036,-1.5200000000000102,-7.706666666666661
2024-06-17,912810UA4,Bond,29-Year 11-Month,2024-06-13,2024-06-17,2054-05-15,103.664251,null,4.1474200000,null,null,8.490000,2,null,2024-06-06,Single-Price,null,null,null,null,4.350000,Yes,2024-05-15,2.49,No,null,null,No,01:00 PM,12:00 PM,21967151800,3,54649807200,Yes,912803HB2,null,28142000000.000000,2024-05-15,3910900000,7491900000,50468000000,Yes,0,0,Normal,2024-11-15,No,null,null,null,null,103.664251,null,4.403,null,15047133300.0,18622307200,Semi-Annual,4.625000,null,null,null,null,3.880000,2024-06-15,7700000000,10000000,7700000000,100,100,100,100,100,8800000000,7700000000,32854000,Yes,22000000000,null,2024-05-15,2024-05-15,30-Year,A_20240606_1.pdf,R_20240613_3.pdf,NCR_20240613_3.pdf,3009118500.0,28535600000,null,null,Yes,11-Month,29-Year,Bonds of May 2054,711600800,12864000000,No,711600800,null,23.1250,Yes,null,22711606600.0,55394262000,16152000,Yes,null,null,A_20240606_1.xml,R_20240613_3.xml,No,null,null,null,2024-06-13,30,0.1324925423813919,0.6625305538710766,45.132168885017144,0.08166666666666655,-0.012540272460392105,-10.770000000000035,-4.721666666666735
2024-07-01,912810UB2,Bond,19-Year 11-Month,2024-06-18,2024-07-01,2044-05-15,102.256474,null,5.9069300000,null,null,97.080000,2,null,2024-06-13,Single-Price,null,null,null,null,4.395000,Yes,2024-05-15,2.74,No,null,null,No,01:00 PM,12:00 PM,12955002200,3,35516080000,Yes,912803HC0,null,16947000000.000000,2024-05-15,2117500000,5019000000,101452000000,Yes,0,0,Normal,2024-11-15,No,null,null,null,null,102.256474,null,4.452,null,10090502200.0,12627080000,Semi-Annual,4.625000,null,null,null,null,3.880000,2024-06-30,4550000000,10000000,4550000000,100,100,100,100,100,5600000000,4550000000,45003000,Yes,13000000000,null,2024-05-15,2024-05-31,20-Year,A_20240613_5.pdf,R_20240618_1.pdf,NCR_20240618_1.pdf,747000000.0,17870000000,null,null,Yes,11-Month,19-Year,Bonds of May 2044,452682200,22810000000,No,452682200,null,23.1250,Yes,null,13452687400.0,36013765200,21402000,Yes,null,null,A_20240613_5.xml,R_20240618_1.xml,No,null,null,null,2024-06-18,20,0.055527938603553664,0.7500733422230564,21.330614131782042,0.14166666666666705,-0.07430459095091059,-3.2300000000000217,-5.136666666666641
2024-07-01,91282CKY6,Note,2-Year,2024-06-25,2024-07-01,2026-06-30,99.847007,null,0.1256800000,null,null,53.940000,2,null,2024-06-20,Single-Price,null,null,null,null,4.658000,Yes,2024-06-30,2.75,No,null,null,No,01:00 PM,12:00 PM,68070367100,3,188859460000,Yes,912821PY5,null,null,2024-06-30,14250437100,24232000000,101452000000,Yes,300000000,300000000,Normal,2024-12-31,No,null,null,null,null,99.847007,null,4.706,null,44640960000.0,63415460000,Semi-Annual,4.625000,null,null,null,null,4.500000,2024-06-30,24150000000,10000000,24150000000,100,100,100,100,100,0,24150000000,629647400,Yes,69000000000,null,null,null,2-Year,A_20240620_5.pdf,R_20240625_2.pdf,NCR_20240625_2.pdf,9178970000.0,101212000000,null,null,No,0-Month,2-Year,BD-2026,2402698100,22810000000,No,2402698100,null,23.1250,Yes,null,71402712600.0,192191805500,314999200,Yes,null,null,A_20240620_5.xml,R_20240625_2.xml,No,null,null,null,2024-06-25,2,0.12855211890087212,0.6251997770740155,16.358793525501994,0.17833333333333323,-0.022381113767484112,5.860000000000021,1.0250000000000385
2024-07-01,91282CKX8,Note,5-Year,2024-06-26,2024-07-01,2029-06-30,99.639266,null,0.1154900000,null,null,5.630000,2,null,2024-06-20,Single-Price,null,null,null,null,4.271000,Yes,2024-06-30,2.35,No,null,null,No,01:00 PM,12:00 PM,69735289700,3,164565275000,Yes,912821PZ2,null,null,2024-06-30,12343250000,19769000000,101452000000,Yes,100000000,100000000,Normal,2024-12-31,No,null,null,null,null,99.639266,null,4.331,null,48059039700.0,55493275000,Semi-Annual,4.250000,null,null,null,null,4.200000,2024-06-30,24500000000,10000000,24500000000,100,100,100,100,100,0,24500000000,164722000,Yes,70000000000,null,null,null,5-Year,A_20240620_2.pdf,R_20240626_3.pdf,NCR_20240626_3.pdf,9333000000.0,89303000000,null,null,No,0-Month,5-Year,AA-2029,2437519700,22810000000,No,2437519700,null,21.2500,Yes,null,72437531400.0,167267516700,67448000,Yes,null,null,A_20240620_2.xml,R_20240626_3.xml,No,null,null,null,2024-06-26,5,0.1288420494130754,0.6634549627957089,38.87787063791461,-0.036666666666666625,-0.03176533845562446,12.94000000000004,8.185000000000027
2024-07-01,91282CKW0,Note,7-Year,2024-06-27,2024-07-01,2031-06-30,99.843947,null,0.1154900000,null,null,87.680000,2,null,2024-06-20,Single-Price,null,null,null,null,4.219000,Yes,2024-06-30,2.58,No,null,null,No,01:00 PM,12:00 PM,43926227600,3,113502710000,Yes,912821QA6,null,null,2024-06-30,8115517600,15409000000,101452000000,Yes,0,0,Normal,2024-12-31,No,null,null,null,null,99.843947,null,4.276,null,30595710000.0,37291710000,Semi-Annual,4.250000,null,null,null,null,4.100000,2024-06-30,15400000000,10000000,15400000000,100,100,100,100,100,0,15400000000,73807400,Yes,44000000000,null,null,null,7-Year,A_20240620_6.pdf,R_20240627_3.pdf,NCR_20240627_3.pdf,5215000000.0,60802000000,null,null,No,0-Month,7-Year,M-2031,1532155200,22810000000,No,1532155200,null,21.2500,Yes,null,45532190200.0,115108672600,34400500,Yes,null,null,A_20240620_6.xml,R_20240627_3.xml,No,912834XS2,null,null,2024-06-27,7,0.11453435420288656,0.6719577921819364,32.78819576704501,0.05166666666666675,-0.03249361487597914,3.5800000000000054,-6.119999999999992
2024-07-15,91282CKZ3,Note,3-Year,2024-07-09,2024-07-15,2027-07-15,99.933233,null,null,null,null,78.350000,2,null,2024-07-03,Single-Price,null,null,null,null,4.350000,No,null,2.67,No,null,null,No,01:00 PM,12:00 PM,57489880000,3,154185380000,Yes,912821QB4,null,null,2024-07-15,12220717000,22148000000,87684000000,Yes,250000000,250000000,Normal,2025-01-15,No,null,null,null,null,99.933233,null,4.399,null,36774163000.0,49248380000,Semi-Annual,4.375000,null,null,null,null,4.300000,2024-07-15,20300000000,10000000,20300000000,100,100,100,100,100,0,20300000000,260128600,Yes,58000000000,null,null,null,3-Year,A_20240703_3.pdf,R_20240709_3.pdf,NCR_20240709_3.pdf,8495000000.0,82789000000,null,null,No,0-Month,3-Year,AQ-2027,9423495200,34052000000,No,9423495200,null,21.8750,Yes,null,67423503800.0,164119003800,111479600,Yes,null,null,A_20240703_3.xml,R_20240709_3.xml,No,912834XT0,null,null,2024-07-09,3,0.1259946386826607,0.5454205273740165,20.180747873508373,0.10166666666666657,-0.03710829810773611,4.7399999999999665,3.6033333333332846
2024-07-15,91282CKQ3,Note,9-Year 10-Month,2024-07-10,2024-07-15,2034-05-15,100.777903,null,7.2520400000,null,null,1.160000,2,null,2024-07-03,Single-Price,null,null,null,null,4.218000,Yes,2024-05-15,2.58,No,null,null,No,01:00 PM,12:00 PM,38932816800,3,100357965000,Yes,912821PT6,null,87542000000.000000,2024-05-15,8122643400,14595000000,87684000000,Yes,0,0,Normal,2024-11-15,No,null,null,null,null,100.777903,null,4.276,null,26320573400.0,32613365000,Semi-Annual,4.375000,null,null,null,null,4.177000,2024-07-15,13650000000,10000000,13650000000,100,100,100,100,100,28400000000,13650000000,67262400,Yes,39000000000,null,2024-05-15,2024-05-15,10-Year,A_20240703_4.pdf,R_20240710_2.pdf,NCR_20240710_2.pdf,4489600000.0,53149600000,null,null,Yes,10-Month,9-Year,C-2034,6336488000,34052000000,No,6336488000,null,21.8750,Yes,null,45336567200.0,106761715400,26031400,Yes,null,null,A_20240703_4.xml,R_20240710_2.xml,No,null,null,null,2024-07-10,10,0.0990282299097405,0.580559469443024,39.0,0.058333333333333126,-0.055675105111120615,-1.7199999999999882,-7.084999999999964
2024-07-15,912810UA4,Bond,29-Year 10-Month,2024-07-11,2024-07-15,2054-05-15,103.622071,null,7.6664400000,null,null,88.800000,2,null,2024-07-03,Single-Price,null,null,null,null,4.327000,Yes,2024-05-15,2.3,No,null,null,No,01:00 PM,12:00 PM,21966950000,3,50550710000,Yes,912803HB2,null,50850000000.000000,2024-05-15,5132500000,8402500000,87684000000,Yes,0,0,Normal,2024-11-15,No,null,null,null,null,103.622071,null,4.405,null,13347186000.0,14624210000,Semi-Annual,4.625000,null,null,null,null,4.250000,2024-07-15,7700000000,10000000,7700000000,100,100,100,100,100,16500000000,7700000000,33053700,Yes,22000000000,null,2024-05-15,2024-05-15,30-Year,A_20240703_7.pdf,R_20240711_3.pdf,NCR_20240711_3.pdf,3487264000.0,27524000000,null,null,Yes,10-Month,29-Year,Bonds of May 2054,3574429100,34052000000,No,3574429100,null,23.1250,Yes,null,25574432800.0,54158192800,10522700,Yes,null,null,A_20240703_7.xml,R_20240711_3.xml,No,null,null,null,2024-07-11,30,0.13635743272476408,0.5218956801262862,45.132168885017144,-0.11833333333333362,-0.00712255412994256,-13.96999999999995,-6.413333333333308
2024-07-31,912810UB2,Bond,19-Year 10-Month,2024-07-17,2024-07-31,2044-05-15,102.0625,null,9.6773100000,null,null,92.560000,2,null,2024-07-11,Single-Price,null,null,null,null,4.406000,Yes,2024-05-15,2.68,No,null,null,No,01:00 PM,12:00 PM,12951445600,3,34850660000,Yes,912803HC0,null,30399000000.000000,2024-05-15,1855000000,3880000000,168568000000,Yes,0,0,Normal,2024-11-15,No,null,null,null,null,102.0625,null,4.466,null,9998885600.0,12360660000,Semi-Annual,4.625000,null,null,null,null,3.880000,2024-07-31,4550000000,10000000,4550000000,100,100,100,100,100,10200000000,4550000000,48564300,Yes,13000000000,null,2024-05-15,2024-05-31,20-Year,A_20240711_2.pdf,R_20240717_2.pdf,NCR_20240717_2.pdf,1097560000.0,18610000000,null,null,Yes,10-Month,19-Year,Bonds of May 2044,716779200,23791000000,No,716779200,null,23.1250,Yes,null,13716789100.0,35616003500,18082300,Yes,null,null,A_20240711_2.xml,R_20240717_2.xml,No,null,null,null,2024-07-17,20,0.0800158106972717,0.7289523464350706,21.330614131782042,0.050000000000000266,-0.03774440378778943,1.920000000000055,1.2400000000001001
2024-07-31,91282CLB5,Note,2-Year,2024-07-23,2024-07-31,2026-07-31,99.888261,null,null,null,null,37.330000,2,null,2024-07-18,Single-Price,null,null,null,null,4.393000,No,null,2.81,No,null,null,No,01:00 PM,12:00 PM,68226981000,3,193383375000,Yes,912821QD0,null,null,2024-07-31,9838656000,23356000000,168568000000,Yes,100000000,100000000,Normal,2025-01-31,No,null,null,null,null,99.888261,null,4.434,null,52239325000.0,75002375000,Semi-Annual,4.375000,null,null,null,null,4.000000,2024-07-31,24150000000,10000000,24150000000,100,100,100,100,100,0,24150000000,673101300,Yes,69000000000,null,null,null,2-Year,A_20240718_4.pdf,R_20240723_2.pdf,NCR_20240723_2.pdf,6149000000.0,95025000000,null,null,No,0-Month,2-Year,BE-2026,3804443800,23791000000,No,3804443800,null,21.8750,Yes,null,72804526100.0,197960920100,315955300,Yes,null,null,A_20240718_4.xml,R_20240723_2.xml,No,null,null,null,2024-07-23,2,0.08445903475223637,0.7175285356331713,16.358793525501994,0.22666666666666657,-0.057235839631674,-1.5399999999999636,-6.276666666666619
2024-07-31,91282CLC3,Note,5-Year,2024-07-24,2024-07-31,2029-07-31,99.45827,null,null,null,null,96.280000,2,null,2024-07-18,Single-Price,null,null,null,null,4.050000,No,null,2.4,No,null,null,No,01:00 PM,12:00 PM,69796241000,3,167766191000,Yes,912821QE8,null,null,2024-07-31,13108280000,22667000000,168568000000,Yes,4000000,4000000,Normal,2025-01-31,No,null,null,null,null,99.45827,null,4.121,null,46937191000.0,55948191000,Semi-Annual,4.000000,null,null,null,null,3.980000,2024-07-31,24500000000,10000000,24500000000,100,100,100,100,100,0,24500000000,199781000,Yes,70000000000,null,null,null,5-Year,A_20240718_1.pdf,R_20240724_3.pdf,NCR_20240724_3.pdf,9750770000.0,89151000000,null,null,No,0-Month,5-Year,AB-2029,3859580700,23791000000,No,3859580700,null,20.0000,Yes,null,73859602700.0,171829552700,80421000,Yes,null,null,A_20240718_1.xml,R_20240724_3.xml,No,null,null,null,2024-07-24,5,0.1320176340455728,0.6354920590440707,38.87787063791461,0.03833333333333311,-0.026727230318302597,2.0800000000000374,-5.858333333333314
2024-07-31,91282CLD1,Note,7-Year,2024-07-25,2024-07-31,2031-07-31,99.777306,null,null,null,null,68.690000,2,null,2024-07-18,Single-Price,null,null,null,null,4.111000,No,null,2.64,No,null,null,No,01:00 PM,12:00 PM,43919495000,3,115963095000,Yes,912821QF5,null,null,2024-07-31,7359000000,15467500000,168568000000,Yes,0,0,Normal,2025-01-31,No,null,null,null,null,99.777306,null,4.162,null,32665495000.0,40671595000,Semi-Annual,4.125000,null,null,null,null,4.040000,2024-07-31,15400000000,10000000,15400000000,100,100,100,100,100,0,15400000000,80597700,Yes,44000000000,null,null,null,7-Year,A_20240718_7.pdf,R_20240725_3.pdf,NCR_20240725_3.pdf,3895000000.0,59824000000,null,null,No,0-Month,7-Year,N-2031,2426022000,23791000000,No,2426022000,null,20.6250,Yes,null,46426114700.0,118469714700,31304700,Yes,null,null,A_20240718_7.xml,R_20240725_3.xml,No,912834XV5,null,null,2024-07-25,7,0.08389674701768658,0.7036017381829284,32.78819576704501,0.0983333333333336,-0.05420690968501256,1.0099999999999554,-7.413333333333375
2024-08-15,91282CLG4,Note,3-Year,2024-08-06,2024-08-15,2027-08-15,99.831417,null,null,null,null,92.120000,2,null,2024-07-31,Single-Price,null,null,null,null,3.750000,No,null,2.55,No,null,null,No,01:00 PM,12:00 PM,57745565000,3,147718145000,Yes,912821QG3,null,null,2024-08-15,11696120000,20279000000,111013000000,Yes,0,0,Normal,2025-02-15,No,null,null,null,null,99.831417,null,3.81,null,37183145000.0,44913145000,Semi-Annual,3.750000,null,null,null,null,2.880000,2024-08-15,20300000000,10000000,20300000000,100,100,100,100,100,0,20300000000,254449200,Yes,58000000000,null,null,null,3-Year,A_20240731_1.pdf,R_20240806_3.pdf,NCR_20240806_3.pdf,8866300000.0,82526000000,null,null,No,0-Month,3-Year,AR-2027,11030168500,38781000000,No,11030168500,null,18.7500,Yes,null,69030182700.0,159002762700,109350200,Yes,null,null,A_20240731_1.xml,R_20240806_3.xml,No,null,null,null,2024-08-06,3,0.12844091748289693,0.5386505372815709,20.180747873508373,-0.018333333333333535,-0.026133906404854718,13.549999999999995,12.061666666666651
2024-08-15,91282CLF6,Note,10-Year,2024-08-07,2024-08-15,2034-08-15,99.303721,null,null,null,null,91.610000,2,null,2024-07-31,Single-Price,null,null,null,null,3.888000,No,null,2.32,No,null,null,No,01:00 PM,12:00 PM,41874806900,3,97178090000,Yes,912821QH1,null,null,2024-08-15,6680000000,12305000000,111013000000,Yes,0,0,Normal,2025-02-15,No,null,null,null,null,99.303721,null,3.96,null,27708666900.0,29968390000,Semi-Annual,3.875000,null,null,null,null,3.600000,2024-08-15,14700000000,10000000,14700000000,100,100,100,100,100,0,14700000000,125246000,Yes,42000000000,null,null,null,10-Year,A_20240731_2.pdf,R_20240807_2.pdf,NCR_20240807_2.pdf,7486140000.0,54904700000,null,null,No,0-Month,10-Year,E-2034,7987363300,38781000000,No,7987363300,null,19.3750,Yes,null,49987416200.0,105290699300,73631000,Yes,null,null,A_20240731_2.xml,R_20240807_2.xml,No,null,null,null,2024-08-07,10,0.14976049112136347,0.5543128452396385,42.0,-0.20500000000000007,0.003746846642287166,7.319999999999993,2.065000000000013
2024-08-15,912810UC0,Bond,30-Year,2024-08-08,2024-08-15,2054-08-15,98.928757,null,null,null,null,14.970000,2,null,2024-07-31,Single-Price,null,null,null,null,4.225000,No,null,2.31,No,null,null,No,01:00 PM,12:00 PM,24941455500,3,57566824000,Yes,912803HD8,null,null,2024-08-15,3865900000,7495900000,111013000000,Yes,0,0,Normal,2025-02-15,No,null,null,null,null,98.928757,null,4.314,null,16291085500.0,17871924000,Semi-Annual,4.250000,null,null,null,null,3.880000,2024-08-15,8750000000,10000000,8750000000,100,100,100,100,100,0,8750000000,58574600,Yes,25000000000,null,null,null,30-Year,A_20240731_3.pdf,R_20240808_3.pdf,NCR_20240808_3.pdf,4784470000.0,32199000000,null,null,No,0-Month,30-Year,Bonds of August 2054,4754382900,38781000000,No,4754382900,null,21.2500,Yes,null,29754413000.0,62379781500,21843600,Yes,null,null,A_20240731_3.xml,R_20240808_3.xml,No,912834XW3,null,null,2024-08-08,30,0.16079866875545487,0.5475182958574918,51.28655555115584,-0.09666666666666668,0.01875210253205639,-18.290000000000006,-10.60166666666671
2024-09-03,912810UD8,Bond,20-Year,2024-08-21,2024-09-03,2044-08-15,99.524806,null,2.1297600000,null,null,63.330000,2,null,2024-08-15,Single-Price,null,null,null,null,4.095000,Yes,2024-08-15,2.54,No,null,null,No,01:00 PM,12:00 PM,15914882500,3,40599792000,Yes,912803HE6,null,null,2024-08-15,3067000000,5597000000,99114000000,Yes,0,0,Normal,2025-02-15,No,null,null,null,null,99.524806,null,4.16,null,11300257200.0,13388792000,Semi-Annual,4.125000,null,null,null,null,2.888000,2024-08-31,5600000000,10000000,5600000000,100,100,100,100,100,0,5600000000,85124900,Yes,16000000000,null,null,null,20-Year,A_20240815_2.pdf,R_20240821_3.pdf,NCR_20240821_3.pdf,1547625300.0,21614000000,null,null,No,0-Month,20-Year,Bonds of August 2044,1272233600,25814000000,No,1272233600,null,20.6250,Yes,null,17272241000.0,41957150500,37134900,Yes,null,null,A_20240815_2.xml,R_20240821_3.xml,No,null,null,null,2024-08-21,20,0.089601882002457,0.6542438355277697,26.25306354680867,-0.11499999999999977,-0.01275073100057493,1.3900000000000468,0.6783333333334104
2024-09-03,91282CLH2,Note,2-Year,2024-08-27,2024-09-03,2026-08-31,99.763913,null,0.3107700000,null,null,51.010000,2,null,2024-08-22,Single-Price,null,null,null,null,3.830000,Yes,2024-08-31,2.68,No,null,null,No,01:00 PM,12:00 PM,68120579300,3,183910782000,Yes,912821QJ7,null,null,2024-08-31,13016500000,23263000000,99114000000,Yes,255000000,255000000,Normal,2025-02-28,No,null,null,null,null,99.763913,null,3.874,null,46975079300.0,66125782000,Semi-Annual,3.750000,null,null,null,null,3.500000,2024-08-31,24150000000,10000000,24150000000,100,100,100,100,100,0,24150000000,624429400,Yes,69000000000,null,null,null,2-Year,A_20240822_6.pdf,R_20240827_2.pdf,NCR_20240827_2.pdf,8129000000.0,94522000000,null,null,No,0-Month,2-Year,BG-2026,5486507400,25814000000,No,5486507400,null,18.7500,Yes,null,74486516100.0,190276718800,320502900,Yes,null,null,A_20240822_6.xml,R_20240827_2.xml,No,null,null,null,2024-08-27,2,0.1091338463069828,0.6306521201358751,16.358793525501994,0.05666666666666664,-0.02214519831152595,0.09000000000001229,-3.553333333333312
2024-09-03,91282CLK5,Note,5-Year,2024-08-28,2024-09-03,2029-08-31,99.908942,null,0.3004100000,null,null,21.290000,2,null,2024-08-22,Single-Price,null,null,null,null,3.590000,Yes,2024-08-31,2.41,No,null,null,No,01:00 PM,12:00 PM,69728450200,3,168501125000,Yes,912821QK4,null,null,2024-08-31,11356213700,21145000000,99114000000,Yes,105000000,105000000,Normal,2025-02-28,No,null,null,null,null,99.908942,null,3.645,null,49187336500.0,57684125000,Semi-Annual,3.625000,null,null,null,null,2.618000,2024-08-31,24500000000,10000000,24500000000,100,100,100,100,100,0,24500000000,166608400,Yes,70000000000,null,null,null,5-Year,A_20240822_3.pdf,R_20240828_3.pdf,NCR_20240828_3.pdf,9184900000.0,89672000000,null,null,No,0-Month,5-Year,AC-2029,5566022000,25814000000,No,5566022000,null,18.1250,Yes,null,75566080600.0,174338755400,74475400,Yes,null,null,A_20240822_3.xml,R_20240828_3.xml,No,null,null,SPL_20240822_1.pdf,2024-08-28,5,0.12154792106552632,0.650918191197017,38.87787063791461,0.03333333333333366,-0.02533635886966186,0.24999999999999467,-7.350000000000027
2024-09-03,91282CLJ8,Note,7-Year,2024-08-29,2024-09-03,2031-08-31,99.877512,null,0.3107700000,null,null,89.550000,2,null,2024-08-22,Single-Price,null,null,null,null,3.710000,Yes,2024-08-31,2.5,No,null,null,No,01:00 PM,12:00 PM,43819369000,3,109823735000,Yes,912821QL2,null,null,2024-08-31,4903085000,11000400000,99114000000,Yes,100000000,100000000,Normal,2025-02-28,No,null,null,null,null,99.877512,null,3.77,null,32903696500.0,39260335000,Semi-Annual,3.750000,null,null,null,null,3.650000,2024-08-31,15400000000,10000000,15400000000,100,100,100,100,100,0,15400000000,80666300,Yes,44000000000,null,null,null,7-Year,A_20240822_1.pdf,R_20240829_3.pdf,NCR_20240829_3.pdf,6012587500.0,59563000000,null,null,No,0-Month,7-Year,P-2031,3498642400,25814000000,No,3498642400,null,18.7500,Yes,null,47498677700.0,113503043700,31913300,Yes,null,null,A_20240822_1.xml,R_20240829_3.xml,No,912834XX1,null,null,2024-08-29,7,0.1265843133144736,0.6927286841081894,32.78819576704501,-0.05333333333333323,-0.0023625236075475453,6.159999999999988,-2.1300000000000097
2024-09-16,91282CLL3,Note,3-Year,2024-09-10,2024-09-16,2027-09-15,99.816223,null,0.0932300000,null,null,41.380000,2,null,2024-09-05,Single-Price,null,null,null,null,3.403000,Yes,2024-09-15,2.66,No,null,null,No,01:00 PM,12:00 PM,57711214500,3,154123830000,Yes,912821QM0,null,null,2024-09-15,6524000000,16953000000,57902000000,Yes,100000000,100000000,Normal,2025-03-15,No,null,null,null,null,99.816223,null,3.44,null,45155539500.0,58535330000,Semi-Annual,3.375000,null,null,null,null,2.880000,2024-09-15,20300000000,10000000,20300000000,100,100,100,100,100,0,20300000000,188964200,Yes,58000000000,null,null,null,3-Year,A_20240905_6.pdf,R_20240910_2.pdf,NCR_20240910_2.pdf,6031675000.0,78635500000,null,null,No,0-Month,3-Year,AS-2027,554238500,6274000000,No,554238500,null,16.8750,Yes,null,58554417200.0,154967032700,93041200,Yes,null,null,A_20240905_6.xml,R_20240910_2.xml,No,912834XY9,null,null,2024-09-10,3,0.10300973501961522,0.7711722131187055,20.180747873508373,0.09666666666666668,-0.04875089546880429,-5.869999999999997,-10.408333333333346
2024-09-16,91282CLF6,Note,9-Year 11-Month,2024-09-11,2024-09-16,2034-08-15,101.86925,null,3.3695700000,null,null,74.430000,2,null,2024-09-05,Single-Price,null,null,null,null,3.605000,Yes,2024-08-15,2.64,No,null,null,No,01:00 PM,12:00 PM,38933491900,3,102759315000,Yes,912821QH1,null,49987000000.000000,2024-08-15,5337000000,12045000000,57902000000,Yes,0,0,Normal,2025-02-15,No,null,null,null,null,101.86925,null,3.648,null,29607719900.0,35930315000,Semi-Annual,3.875000,null,null,null,null,3.450000,2024-09-15,13650000000,10000000,13650000000,100,100,100,100,100,14700000000,13650000000,66510000,Yes,39000000000,null,2024-08-15,2024-08-15,10-Year,A_20240905_1.pdf,R_20240911_2.pdf,NCR_20240911_2.pdf,3988772000.0,54784000000,null,null,Yes,11-Month,9-Year,E-2034,372677600,6274000000,No,372677600,null,19.3750,Yes,null,39372679500.0,103198502600,24938000,Yes,null,null,A_20240905_1.xml,R_20240911_2.xml,No,null,null,null,2024-09-11,10,0.10130811645674255,0.7519864097641614,39.0,0.15500000000000025,-0.04960314789075655,-0.02999999999997449,-6.67999999999996
2024-09-16,912810UC0,Bond,29-Year 11-Month,2024-09-12,2024-09-16,2054-08-15,104.064869,null,3.6956500000,null,null,55.440000,2,null,2024-09-05,Single-Price,null,null,null,null,3.950000,Yes,2024-08-15,2.38,No,null,null,No,01:00 PM,12:00 PM,21968992200,3,52236765000,Yes,912803HD8,null,29755000000.000000,2024-08-15,3439700000,6654700000,57902000000,Yes,0,0,Normal,2025-02-15,No,null,null,null,null,104.064869,null,4.015,null,15089231400.0,16701465000,Semi-Annual,4.250000,null,null,null,null,3.880000,2024-09-15,7700000000,10000000,7700000000,100,100,100,100,100,8800000000,7700000000,31017300,Yes,22000000000,null,2024-08-15,2024-08-15,30-Year,A_20240905_4.pdf,R_20240912_3.pdf,NCR_20240912_3.pdf,3440060800.0,28880600000,null,null,Yes,11-Month,29-Year,Bonds of August 2054,210228400,6274000000,No,210228400,null,21.2500,Yes,null,22210237900.0,52478010700,13862300,Yes,null,null,A_20240905_4.xml,R_20240912_3.xml,No,null,null,null,2024-09-12,30,0.15488626531100777,0.6793817998680689,45.132168885017144,-0.011666666666666714,0.008977954324605353,-18.75,-9.943333333333356
2024-09-30,912810UD8,Bond,19-Year 11-Month,2024-09-17,2024-09-30,2044-08-15,101.15982,null,5.1562500000,null,null,52.070000,2,null,2024-09-12,Single-Price,null,null,null,null,3.970000,Yes,2024-08-15,2.51,No,null,null,No,01:00 PM,12:00 PM,12953251800,3,32620914000,Yes,912803HE6,null,17273000000.000000,2024-08-15,2109000000,4059000000,94901000000,Yes,0,0,Normal,2025-02-15,No,null,null,null,null,101.15982,null,4.039,null,8431829000.0,10234914000,Semi-Annual,4.125000,null,null,null,null,2.880000,2024-09-30,4550000000,10000000,4550000000,100,100,100,100,100,5700000000,4550000000,46777100,Yes,13000000000,null,2024-08-15,2024-09-03,20-Year,A_20240912_2.pdf,R_20240917_2.pdf,NCR_20240917_2.pdf,2412422800.0,18327000000,null,null,Yes,11-Month,19-Year,Bonds of August 2044,268365300,24260000000,No,268365300,null,20.6250,Yes,null,13268394200.0,32936056400,22999100,Yes,null,null,A_20240912_2.xml,R_20240917_2.xml,No,null,null,null,2024-09-17,20,0.18181723904464642,0.635482249992241,21.330614131782042,-0.16999999999999993,0.09808535262205624,4.049999999999976,4.101666666666655
2024-09-30,91282CLP4,Note,2-Year,2024-09-24,2024-09-30,2026-09-30,99.9617,null,null,null,null,94.510000,2,null,2024-09-19,Single-Price,null,null,null,null,3.470000,No,null,2.59,No,null,null,No,01:00 PM,12:00 PM,68280226100,3,177843970000,Yes,912821QN8,null,null,2024-09-30,13393939700,22711000000,94901000000,Yes,355000000,355000000,Normal,2025-03-31,No,null,null,null,null,99.9617,null,3.52,null,46150401400.0,64002970000,Semi-Annual,3.500000,null,null,null,null,3.400000,2024-09-30,24150000000,10000000,24150000000,100,100,100,100,100,0,24150000000,365020200,Yes,69000000000,null,null,null,2-Year,A_20240919_2.pdf,R_20240924_2.pdf,NCR_20240924_2.pdf,8735885000.0,91130000000,null,null,No,0-Month,2-Year,BH-2026,1424401000,24260000000,No,1424401000,null,17.5000,Yes,null,70424647300.0,179988391200,210823200,Yes,null,null,A_20240919_2.xml,R_20240924_2.xml,No,null,null,null,2024-09-24,2,0.12404584665914259,0.6553160458639599,16.358793525501994,-0.06499999999999995,-0.0021233262323523683,-0.8999999999999897,-3.3183333333333196
2024-09-30,91282CLN9,Note,5-Year,2024-09-25,2024-09-30,2029-09-30,99.913582,null,null,null,null,17.560000,2,null,2024-09-19,Single-Price,null,null,null,null,3.463000,No,null,2.38,No,null,null,No,01:00 PM,12:00 PM,69794407700,3,166733140000,Yes,912821QP3,null,null,2024-09-30,12723837700,22716000000,94901000000,Yes,105000000,105000000,Normal,2025-03-31,No,null,null,null,null,99.913582,null,3.519,null,49072700000.0,55987140000,Semi-Annual,3.500000,null,null,null,null,3.408000,2024-09-30,24500000000,10000000,24500000000,100,100,100,100,100,0,24500000000,100702100,Yes,70000000000,null,null,null,5-Year,A_20240919_4.pdf,R_20240925_3.pdf,NCR_20240925_3.pdf,7997870000.0,88030000000,null,null,No,0-Month,5-Year,AD-2029,1445044500,24260000000,No,1445044500,null,17.5000,Yes,null,71445154300.0,168383886600,35107100,Yes,null,null,A_20240919_4.xml,R_20240925_3.xml,No,null,null,SPL_20240919_1.pdf,2024-09-25,5,0.1119441910142253,0.6868583388306854,38.87787063791461,0.0033333333333334103,-0.028415522229919485,4.600000000000026,-1.6383333333333274
2024-09-30,91282CLM1,Note,7-Year,2024-09-26,2024-09-30,2031-09-30,99.736649,null,null,null,null,30.800000,2,null,2024-09-19,Single-Price,null,null,null,null,3.608000,No,null,2.63,No,null,null,No,01:00 PM,12:00 PM,43841525000,3,115491565000,Yes,912821QQ1,null,null,2024-09-30,8880300000,16247300000,94901000000,Yes,100000000,100000000,Normal,2025-03-31,No,null,null,null,null,99.736649,null,3.668,null,31039905000.0,39588265000,Semi-Annual,3.625000,null,null,null,null,3.500000,2024-09-30,15400000000,10000000,15400000000,100,100,100,100,100,0,15400000000,58475300,Yes,44000000000,null,null,null,7-Year,A_20240919_5.pdf,R_20240926_3.pdf,NCR_20240926_3.pdf,3921320000.0,59656000000,null,null,No,0-Month,7-Year,Q-2031,908313700,24260000000,No,908313700,null,18.1250,Yes,null,44908314000.0,116558354000,25198300,Yes,null,null,A_20240919_5.xml,R_20240926_3.xml,No,912834XZ6,null,null,2024-09-26,7,0.08731835267741292,0.6911839308863833,32.78819576704501,0.08999999999999986,-0.037898392221386246,4.810000000000025,-2.9349999999999756
2024-10-15,91282CLQ2,Note,3-Year,2024-10-08,2024-10-15,2027-10-15,99.991581,null,null,null,null,87.390000,2,null,2024-10-03,Single-Price,null,null,null,null,3.820000,No,null,2.45,No,null,null,No,01:00 PM,12:00 PM,57802343200,3,142028100000,Yes,912821QR9,null,null,2024-10-15,13852695000,21959000000,96908000000,Yes,5000000,5000000,Normal,2025-04-15,No,null,null,null,null,99.991581,null,3.878,null,32869545700.0,40574100000,Semi-Annual,3.875000,null,null,null,null,3.700000,2024-10-15,20300000000,10000000,20300000000,100,100,100,100,100,0,20300000000,192713200,Yes,58000000000,null,null,null,3-Year,A_20241003_3.pdf,R_20241008_2.pdf,NCR_20241008_2.pdf,11080102500.0,79495000000,null,null,No,0-Month,3-Year,AT-2027,796035000,8612000000,No,796035000,null,19.3750,Yes,null,58796091400.0,143021848200,80149800,Yes,null,null,A_20241003_3.xml,R_20241008_2.xml,No,912834YA0,null,null,2024-10-08,3,0.1884496441203913,0.5590430404018318,20.180747873508373,-0.12333333333333307,0.04342547842700456,1.780000000000026,-1.0283333333333124
2024-10-15,91282CLF6,Note,9-Year 10-Month,2024-10-09,2024-10-15,2034-08-15,98.455673,null,6.4232300000,null,null,99.310000,2,null,2024-10-03,Single-Price,null,null,null,null,4.008000,Yes,2024-08-15,2.48,No,null,null,No,01:00 PM,12:00 PM,38928454500,3,96702265000,Yes,912821QH1,null,89357000000.000000,2024-08-15,3285500000,9197000000,96908000000,Yes,0,0,Normal,2025-02-15,No,null,null,null,null,98.455673,null,4.066,null,30221954500.0,34576265000,Semi-Annual,3.875000,null,null,null,null,2.880000,2024-10-15,13650000000,10000000,13650000000,100,100,100,100,100,28400000000,13650000000,71548000,Yes,39000000000,null,2024-08-15,2024-08-15,10-Year,A_20241003_5.pdf,R_20241009_2.pdf,NCR_20241009_2.pdf,5421000000.0,52929000000,null,null,Yes,10-Month,9-Year,E-2034,535264800,8612000000,No,535264800,null,19.3750,Yes,null,39535267300.0,97309077800,22097000,Yes,null,null,A_20241003_5.xml,R_20241009_2.xml,No,null,null,null,2024-10-09,10,0.13711808140475124,0.7644302559198835,39.0,-0.026666666666666394,-0.002293747434857968,3.2099999999999795,-2.103333333333339
2024-10-15,912810UC0,Bond,29-Year 10-Month,2024-10-10,2024-10-15,2054-08-15,97.689969,null,7.0448400000,null,null,14.830000,2,null,2024-10-03,Single-Price,null,null,null,null,4.320000,Yes,2024-08-15,2.5,No,null,null,No,01:00 PM,12:00 PM,21973803500,3,54873730000,Yes,912803HD8,null,51965000000.000000,2024-08-15,1619100000,5780100000,96908000000,Yes,0,0,Normal,2025-02-15,No,null,null,null,null,97.689969,null,4.389,null,17683030000.0,21072630000,Semi-Annual,4.250000,null,null,null,null,2.880000,2024-10-15,7700000000,10000000,7700000000,100,100,100,100,100,16500000000,7700000000,26200500,Yes,22000000000,null,2024-08-15,2024-08-15,30-Year,A_20241003_4.pdf,R_20241010_3.pdf,NCR_20241010_3.pdf,2671673500.0,28021000000,null,null,Yes,10-Month,29-Year,Bonds of August 2054,301944200,8612000000,No,301944200,null,21.2500,Yes,null,22301948200.0,55201874700,5875500,Yes,null,null,A_20241003_4.xml,R_20241010_3.xml,No,null,null,null,2024-10-10,30,0.11979552082360231,0.7928917169666818,45.132168885017144,0.12333333333333352,-0.02873780592412875,-13.560000000000016,-3.145000000000026
2024-10-31,912810UD8,Bond,19-Year 10-Month,2024-10-23,2024-10-31,2044-08-15,93.984213,null,8.6311100000,null,null,61.600000,2,null,2024-10-17,Single-Price,null,null,null,null,4.530000,Yes,2024-08-15,2.59,No,null,null,No,01:00 PM,12:00 PM,12934391000,3,33618815000,Yes,912803HE6,null,30539000000.000000,2024-08-15,2282000000,4632000000,161116000000,Yes,0,0,Normal,2025-02-15,No,null,null,null,null,93.984213,null,4.59,null,8779095000.0,11401815000,Semi-Annual,4.125000,null,null,null,null,3.880000,2024-10-31,4550000000,10000000,4550000000,100,100,100,100,100,10200000000,4550000000,65617100,Yes,13000000000,null,2024-08-15,2024-09-03,20-Year,A_20241017_2.pdf,R_20241023_2.pdf,NCR_20241023_2.pdf,1873296000.0,17585000000,null,null,Yes,10-Month,19-Year,Bonds of August 2044,219291900,22238000000,No,219291900,null,20.6250,Yes,null,13219300000.0,33903724000,24406100,Yes,null,null,A_20241017_2.xml,R_20241023_2.xml,No,null,null,null,2024-10-23,20,0.1417091676563812,0.6641119423872671,21.330614131782042,-0.043333333333333446,0.043152583660291885,3.4299999999999997,2.8466666666666787
2024-10-31,91282CLS8,Note,2-Year,2024-10-28,2024-10-31,2026-10-31,99.990496,null,null,null,null,74.070000,2,null,2024-10-24,Single-Price,null,null,null,null,4.070000,No,null,2.5,No,null,null,No,11:30 AM,11:00 AM,68468624000,3,172214220000,Yes,912821QT5,null,null,2024-10-31,16322000000,25382000000,161116000000,Yes,0,0,Normal,2025-04-30,No,null,null,null,null,99.990496,null,4.13,null,39872239000.0,54514220000,Semi-Annual,4.125000,null,null,null,null,4.000000,2024-10-31,24150000000,10000000,24150000000,100,100,100,100,100,0,24150000000,531555300,Yes,69000000000,null,null,null,2-Year,A_20241024_6.pdf,R_20241028_2.pdf,NCR_20241028_1.pdf,12274385000.0,92318000000,null,null,No,0-Month,2-Year,BJ-2026,1163934100,22238000000,No,1163934100,null,20.6250,Yes,null,70164113400.0,173909709400,271138700,Yes,null,null,A_20241024_6.xml,R_20241028_2.xml,No,null,null,SPL_20241024_1.pdf,2024-10-28,2,0.1749382184881994,0.5682711156441407,16.358793525501994,-0.1499999999999999,0.05011988884863773,6.109999999999971,4.828333333333301
2024-10-31,91282CLR0,Note,5-Year,2024-10-28,2024-10-31,2029-10-31,99.941823,null,null,null,null,25.490000,2,null,2024-10-24,Single-Price,null,null,null,null,4.070000,No,null,2.39,No,null,null,No,01:00 PM,12:00 PM,69849599000,3,167190444000,Yes,912821QU2,null,null,2024-10-31,6617000000,16397000000,161116000000,Yes,0,0,Normal,2025-04-30,No,null,null,null,null,99.941823,null,4.138,null,53333384000.0,62178444000,Semi-Annual,4.125000,null,null,null,null,4.000000,2024-10-31,24500000000,10000000,24500000000,100,100,100,100,100,0,24500000000,150409800,Yes,70000000000,null,null,null,5-Year,A_20241024_2.pdf,R_20241028_3.pdf,NCR_20241028_3.pdf,9899215000.0,88615000000,null,null,No,0-Month,5-Year,AF-2029,1180802700,22238000000,No,1180802700,null,20.6250,Yes,null,71180811500.0,168521656500,53007800,Yes,null,null,A_20241024_2.xml,R_20241028_3.xml,No,null,null,"SPL_20241024_1.pdf, SPL_20241024_3.pdf",2024-10-28,5,0.13907139847654026,0.7492663103454503,38.87787063791461,0.018333333333333535,0.0012186227718279097,9.07,2.716666666666648
2024-10-31,91282CLU3,Note,7-Year,2024-10-29,2024-10-31,2031-10-31,99.459318,null,null,null,null,89.690000,2,null,2024-10-24,Single-Price,null,null,null,null,4.170000,No,null,2.74,No,null,null,No,01:00 PM,12:00 PM,43924242300,3,120358515000,Yes,912821QV0,null,null,2024-10-31,9036867500,18162100000,161116000000,Yes,0,0,Normal,2025-04-30,No,null,null,null,null,99.459318,null,4.215,null,31608374800.0,42471415000,Semi-Annual,4.125000,null,null,null,null,4.100000,2024-10-31,15400000000,10000000,15400000000,100,100,100,100,100,0,15400000000,75758500,Yes,44000000000,null,null,null,7-Year,A_20241024_3.pdf,R_20241029_4.pdf,NCR_20241029_3.pdf,3279000000.0,59725000000,null,null,No,0-Month,7-Year,R-2031,742218800,22238000000,No,742218800,null,20.6250,Yes,null,44742219600.0,121176492300,26854500,Yes,null,null,A_20241024_3.xml,R_20241029_4.xml,No,912834YB8,null,SPL_20241024_2.pdf,2024-10-29,7,0.0732864848752385,0.7064552246755322,32.78819576704501,0.19666666666666677,-0.0451104625122081,4.469999999999974,-3.8216666666667027
2024-11-15,91282CLX7,Note,3-Year,2024-11-04,2024-11-15,2027-11-15,99.924574,null,null,null,null,26.450000,2,null,2024-10-30,Single-Price,null,null,null,null,4.090000,No,null,2.6,No,null,null,No,01:00 PM,12:00 PM,57778891500,3,150732440000,Yes,912821QW8,null,null,2024-11-15,5561000000,13931000000,116357000000,Yes,0,0,Normal,2025-05-15,No,null,null,null,null,99.924574,null,4.152,null,40805641500.0,52947440000,Semi-Annual,4.125000,null,null,null,null,4.000000,2024-11-15,20300000000,10000000,20300000000,100,100,100,100,100,0,20300000000,221149800,Yes,58000000000,null,null,null,3-Year,A_20241030_3.pdf,R_20241104_3.pdf,NCR_20241104_3.pdf,11412250000.0,83854000000,null,null,No,0-Month,3-Year,AU-2027,14095578800,47673000000,No,14095578800,null,20.6250,Yes,null,72095620100.0,165049168600,76951800,Yes,null,null,A_20241030_3.xml,R_20241104_3.xml,No,null,null,null,2024-11-04,3,0.15829324977260303,0.5659933494351067,20.180747873508373,0.03500000000000014,0.013377606855093233,0.45999999999999375,-2.833333333333355
2024-11-15,91282CLW9,Note,10-Year,2024-11-05,2024-11-15,2034-11-15,99.220075,null,null,null,null,47.220000,2,null,2024-10-30,Single-Price,null,null,null,null,4.290000,No,null,2.58,No,null,null,No,01:00 PM,12:00 PM,41821963300,3,108222580000,Yes,912821QX6,null,null,2024-11-15,9879001300,17088000000,116357000000,Yes,0,0,Normal,2025-05-15,No,null,null,null,null,99.220075,null,4.347,null,25785580000.0,32770580000,Semi-Annual,4.250000,null,null,null,null,4.200000,2024-11-15,14700000000,10000000,14700000000,100,100,100,100,100,0,14700000000,178052500,Yes,42000000000,null,null,null,10-Year,A_20241030_2.pdf,R_20241105_2.pdf,NCR_20241105_2.pdf,6157382000.0,58364000000,null,null,No,0-Month,10-Year,F-2034,10207143200,47673000000,No,10207143200,null,21.2500,Yes,null,52207159000.0,118607775700,71262500,Yes,null,null,A_20241030_2.xml,R_20241105_2.xml,No,null,null,null,2024-11-05,10,0.11794133444418993,0.49390889092432705,42.0,0.050000000000000266,-0.0051296001250235035,1.3100000000000556,-0.8516666666665986
2024-11-15,912810UE6,Bond,30-Year,2024-11-06,2024-11-15,2054-11-15,98.253773,null,null,null,null,13.020000,2,null,2024-10-30,Single-Price,null,null,null,null,4.565000,No,null,2.64,No,null,null,No,01:00 PM,12:00 PM,24945620800,3,65988370000,Yes,912803HF3,null,null,2024-11-15,6756644800,13316900000,116357000000,Yes,0,0,Normal,2025-05-15,No,null,null,null,null,98.253773,null,4.608,null,15648976000.0,20455470000,Semi-Annual,4.500000,null,null,null,null,4.500000,2024-11-15,8750000000,10000000,8750000000,100,100,100,100,100,0,8750000000,54443700,Yes,25000000000,null,null,null,30-Year,A_20241030_1.pdf,R_20241106_2.pdf,NCR_20241106_2.pdf,2540000000.0,32216000000,null,null,No,0-Month,30-Year,Bonds of November 2054,6075680500,47673000000,No,6075680500,null,22.5000,Yes,null,31075745000.0,72118494200,17237700,Yes,null,null,A_20241030_1.xml,R_20241106_2.xml,No,912834YC6,null,null,2024-11-06,30,0.08173577174095102,0.5035752481557562,51.28655555115584,0.2416666666666667,-0.05836137197941242,4.099999999999948,17.381666666666614
2024-12-02,912810UF3,Bond,20-Year,2024-11-20,2024-12-02,2044-11-15,99.287188,null,2.1719600000,null,null,13.410000,2,null,2024-11-14,Single-Price,null,null,null,null,4.600000,Yes,2024-11-15,2.34,No,null,null,No,01:00 PM,12:00 PM,15896719500,3,37311114000,Yes,912803HG1,null,null,2024-11-15,1259057500,3524000000,99096000000,Yes,0,0,Normal,2025-05-15,No,null,null,null,null,99.287188,null,4.68,null,11043114000.0,12207114000,Semi-Annual,4.625000,null,null,null,null,4.546000,2024-11-30,5600000000,10000000,5600000000,100,100,100,100,100,0,5600000000,103308000,Yes,16000000000,null,null,null,20-Year,A_20241114_2.pdf,R_20241120_3.pdf,NCR_20241120_3.pdf,3594548000.0,21580000000,null,null,No,0-Month,20-Year,Bonds of November 2044,1088290600,21241000000,No,1088290600,null,23.1250,Yes,null,17088318100.0,38502712600,34834000,Yes,null,null,A_20241114_2.xml,R_20241120_3.xml,No,null,null,null,2024-11-20,20,0.21035118722421253,0.6462376189029393,26.25306354680867,-0.25500000000000034,0.10315561123101084,1.7699999999999605,0.18166666666662823
2024-12-02,91282CLY5,Note,2-Year,2024-11-25,2024-12-02,2026-11-30,99.954094,null,0.2335200000,null,null,34.700000,2,null,2024-11-21,Single-Price,null,null,null,null,4.235000,Yes,2024-11-30,2.77,No,null,null,No,01:00 PM,12:00 PM,68278992700,3,190739377700,Yes,912821QY4,null,null,2024-11-30,13089750000,27496000000,99096000000,Yes,105000000,105000000,Normal,2025-05-31,No,null,null,null,null,99.954094,null,4.274,null,48906242700.0,67159377700,Semi-Annual,4.250000,null,null,null,null,4.180000,2024-11-30,24150000000,10000000,24150000000,100,100,100,100,100,0,24150000000,616155900,Yes,69000000000,null,null,null,2-Year,A_20241121_9.pdf,R_20241125_3.pdf,NCR_20241125_4.pdf,6283000000.0,96084000000,null,null,No,0-Month,2-Year,BL-2026,4693253400,21241000000,No,4693253400,null,21.2500,Yes,null,73693402000.0,196153787000,290408900,Yes,null,null,A_20241121_9.xml,R_20241125_3.xml,No,null,null,SPL_20241121_2.pdf,2024-11-25,2,0.0852586504284332,0.6636447955001453,16.358793525501994,0.1466666666666665,-0.04406874120597695,-4.9900000000000055,-7.386666666666683
2024-12-02,91282CMA6,Note,5-Year,2024-11-26,2024-12-02,2029-11-30,99.678141,null,0.2266500000,null,null,58.070000,2,null,2024-11-21,Single-Price,null,null,null,null,4.130000,Yes,2024-11-30,2.43,No,null,null,No,01:00 PM,12:00 PM,69804438500,3,169996375000,Yes,912821QZ1,null,null,2024-11-30,17159250000,27496000000,99096000000,Yes,5000000,5000000,Normal,2025-05-31,No,null,null,null,null,99.678141,null,4.197,null,44758601000.0,53334375000,Semi-Annual,4.125000,null,null,null,null,4.040000,2024-11-30,24500000000,10000000,24500000000,100,100,100,100,100,0,24500000000,190669400,Yes,70000000000,null,null,null,5-Year,A_20241121_5.pdf,R_20241126_4.pdf,NCR_20241126_4.pdf,7886587500.0,89166000000,null,null,No,0-Month,5-Year,AG-2029,4761271500,21241000000,No,4761271500,null,20.6250,Yes,null,74761379400.0,174953315900,58778400,Yes,null,null,A_20241121_5.xml,R_20241126_4.xml,No,null,null,"SPL_20241121_1.pdf, SPL_20241121_3.pdf",2024-11-26,5,0.10549012823591641,0.598686131251345,38.87787063791461,0.05833333333333357,-0.030715424370662048,6.540000000000035,0.19333333333334934
2024-12-02,91282CLZ2,Note,7-Year,2024-11-27,2024-12-02,2031-11-30,99.650943,null,0.2266500000,null,null,70.780000,2,null,2024-11-21,Single-Price,null,null,null,null,4.138000,Yes,2024-11-30,2.71,No,null,null,No,11:30 AM,11:00 AM,43900455000,3,119084629000,Yes,912821RA5,null,null,2024-11-30,11386300000,18433400000,99096000000,Yes,0,0,Normal,2025-05-31,No,null,null,null,null,99.650943,null,4.183,null,28130460000.0,37257229000,Semi-Annual,4.125000,null,null,null,null,3.880000,2024-11-30,15400000000,10000000,15400000000,100,100,100,100,100,0,15400000000,99553200,Yes,44000000000,null,null,null,7-Year,A_20241121_4.pdf,R_20241127_3.pdf,NCR_20241127_3.pdf,4383695000.0,63394000000,null,null,No,0-Month,7-Year,S-2031,2992799200,21241000000,No,2992799200,null,20.6250,Yes,null,46992807400.0,122176981400,24714200,Yes,null,null,A_20241121_4.xml,R_20241127_3.xml,No,912834YD4,null,SPL_20241121_4.pdf,2024-11-27,7,0.09328438206907383,0.5986120335513302,32.78819576704501,0.12333333333333352,-0.014322628003686624,-0.6800000000000139,-7.286666666666679
2024-12-16,91282CMB4,Note,3-Year,2024-12-10,2024-12-16,2027-12-15,99.673021,null,0.1098900000,null,null,92.000000,2,null,2024-12-05,Single-Price,null,null,null,null,4.068000,Yes,2024-12-15,2.58,No,null,null,No,01:00 PM,12:00 PM,57552170000,3,149042770000,Yes,912821RB3,null,null,2024-12-15,11919000000,20849000000,54000000000,Yes,200000000,200000000,Normal,2025-06-15,No,null,null,null,null,99.673021,null,4.117,null,36935370000.0,47826770000,Semi-Annual,4.000000,null,null,null,null,4.000000,2024-12-15,20300000000,10000000,20300000000,100,100,100,100,100,0,20300000000,247925300,Yes,58000000000,null,null,null,3-Year,A_20241205_5.pdf,R_20241210_2.pdf,NCR_20241210_2.pdf,8697800000.0,80367000000,null,null,No,0-Month,3-Year,AV-2027,415388500,7963000000,No,415388500,null,20.0000,Yes,null,58415483800.0,149906083800,97423300,Yes,null,null,A_20241205_5.xml,R_20241210_2.xml,No,912834YE2,null,null,2024-12-10,3,0.1488954543247316,0.632287325162922,20.180747873508373,0.020000000000000018,-0.0004984748293390406,5.410000000000004,2.085000000000003
2024-12-16,91282CLW9,Note,9-Year 11-Month,2024-12-11,2024-12-16,2034-11-15,100.11415,null,3.6395000000,null,null,33.390000,2,null,2024-12-05,Single-Price,null,null,null,null,4.190000,Yes,2024-11-15,2.7,No,null,null,No,01:00 PM,12:00 PM,38928648400,3,105097720000,Yes,912821QX6,null,52207000000.000000,2024-11-15,7591500000,14707000000,54000000000,Yes,0,0,Normal,2025-05-15,No,null,null,null,null,100.11415,null,4.235,null,27245240900.0,35081720000,Semi-Annual,4.250000,null,null,null,null,4.080000,2024-12-15,13650000000,10000000,13650000000,100,100,100,100,100,14700000000,13650000000,71378700,Yes,39000000000,null,2024-11-15,2024-11-15,10-Year,A_20241205_1.pdf,R_20241211_2.pdf,NCR_20241211_2.pdf,4091907500.0,55309000000,null,null,Yes,11-Month,9-Year,F-2034,279312900,7963000000,No,279312900,null,21.2500,Yes,null,39279340000.0,105448411600,32984700,Yes,null,null,A_20241205_1.xml,R_20241211_2.xml,No,null,null,null,2024-12-11,10,0.10417454824851945,0.6936277671671672,39.0,0.15500000000000025,-0.015352213203841503,2.3100000000000342,0.8816666666666917
2024-12-16,912810UE6,Bond,29-Year 11-Month,2024-12-12,2024-12-16,2054-11-15,99.4229,null,3.8535900000,null,null,44.760000,2,null,2024-12-05,Single-Price,null,null,null,null,4.475000,Yes,2024-11-15,2.39,No,null,null,No,01:00 PM,12:00 PM,21974300000,3,52562950000,Yes,912803HF3,null,31073000000.000000,2024-11-15,4196900000,7241900000,54000000000,Yes,0,0,Normal,2025-05-15,No,null,null,null,null,99.4229,null,4.535,null,14618640000.0,16963050000,Semi-Annual,4.500000,null,null,null,null,4.000000,2024-12-15,7700000000,10000000,7700000000,100,100,100,100,100,8800000000,7700000000,25729000,Yes,22000000000,null,2024-11-15,2024-11-15,30-Year,A_20241205_4.pdf,R_20241212_3.pdf,NCR_20241212_3.pdf,3158760000.0,28358000000,null,null,Yes,11-Month,29-Year,Bonds of November 2054,157561100,7963000000,No,157561100,null,22.5000,Yes,null,22157590100.0,52746240100,9582000,Yes,null,null,A_20241205_4.xml,R_20241212_3.xml,No,null,null,null,2024-12-12,30,0.14255882457181118,0.6597576692241455,45.132168885017144,-0.046666666666666856,0.0115477909489492,1.6099999999999781,13.48333333333332
2024-12-31,912810UF3,Bond,19-Year 11-Month,2024-12-17,2024-12-31,2044-11-15,99.206641,null,5.8770700000,null,null,81.640000,2,null,2024-12-12,Single-Price,null,null,null,null,4.622000,Yes,2024-11-15,2.5,No,null,null,No,01:00 PM,12:00 PM,12922410000,3,32407770000,Yes,912803HG1,null,17088000000.000000,2024-11-15,2602000000,4437000000,98474000000,Yes,0,0,Normal,2025-05-15,No,null,null,null,null,99.206641,null,4.686,null,8006770000.0,10225770000,Semi-Annual,4.625000,null,null,null,null,2.880000,2024-12-31,4550000000,10000000,4550000000,100,100,100,100,100,5600000000,4550000000,77591600,Yes,13000000000,null,2024-11-15,2024-12-02,20-Year,A_20241212_3.pdf,R_20241217_2.pdf,NCR_20241217_2.pdf,2313640000.0,17745000000,null,null,Yes,11-Month,19-Year,Bonds of November 2044,127871300,20034000000,No,127871300,null,23.1250,Yes,null,13127872900.0,32613232900,31975600,Yes,null,null,A_20241212_3.xml,R_20241217_2.xml,No,null,null,null,2024-12-17,20,0.1762387568514622,0.6099061181495747,21.330614131782042,-0.06666666666666687,0.049734885980041776,-2.46000000000004,-4.015000000000042
2024-12-31,91282CME8,Note,2-Year,2024-12-23,2024-12-31,2026-12-31,99.838827,null,null,null,null,21.890000,2,null,2024-12-19,Single-Price,null,null,null,null,4.285000,No,null,2.73,No,null,null,No,01:00 PM,12:00 PM,68381385400,3,187706830000,Yes,912821RC1,null,null,2024-12-31,4546317900,14630000000,98474000000,Yes,5000000,5000000,Normal,2025-06-30,No,null,null,null,null,99.838827,null,4.335,null,56132947500.0,79309830000,Semi-Annual,4.250000,null,null,null,null,4.000000,2024-12-31,24150000000,10000000,24150000000,100,100,100,100,100,0,24150000000,613634800,Yes,69000000000,null,null,null,2-Year,A_20241219_1.pdf,R_20241223_5.pdf,NCR_20241223_5.pdf,7702120000.0,93767000000,null,null,No,0-Month,2-Year,BM-2026,678701700,20034000000,No,678701700,null,21.2500,Yes,null,69678721900.0,189004166500,292021500,Yes,null,null,A_20241219_1.xml,R_20241223_5.xml,No,null,null,SPL_20241219_1.pdf,2024-12-23,2,0.11053761880210378,0.8055966867555302,16.358793525501994,0.04666666666666641,-0.007193667120540634,6.839999999999957,6.068333333333283
2024-12-31,91282CMD0,Note,5-Year,2024-12-24,2024-12-31,2029-12-31,99.543129,null,null,null,null,46.890000,2,null,2024-12-19,Single-Price,null,null,null,null,4.425000,No,null,2.4,No,null,null,No,11:30 AM,11:00 AM,69737933500,3,167610170000,Yes,912821RD9,null,null,2024-12-31,14125500000,24657000000,98474000000,Yes,80000000,80000000,Normal,2025-06-30,No,null,null,null,null,99.543129,null,4.478,null,46916098500.0,54327170000,Semi-Annual,4.375000,null,null,null,null,4.300000,2024-12-31,24500000000,10000000,24500000000,100,100,100,100,100,0,24500000000,182128600,Yes,70000000000,null,null,null,5-Year,A_20241219_6.pdf,R_20241224_2.pdf,NCR_20241224_2.pdf,8696335000.0,88626000000,null,null,No,0-Month,5-Year,AH-2029,688537800,20034000000,No,688537800,null,21.8750,Yes,null,70688599900.0,168560836400,57153600,Yes,null,null,A_20241219_6.xml,R_20241224_2.xml,No,null,null,"SPL_20241219_2.pdf, SPL_20241219_3.pdf, SPL_20241219_4.pdf",2024-12-24,5,0.12302316090999561,0.6637010574034583,38.87787063791461,0.006666666666666821,-0.00012905946514712996,7.0299999999999585,1.1166666666666032
2024-12-31,91282CMC2,Note,7-Year,2024-12-26,2024-12-31,2031-12-31,99.809877,null,null,null,null,90.350000,2,null,2024-12-19,Single-Price,null,null,null,null,4.490000,No,null,2.76,No,null,null,No,01:00 PM,12:00 PM,43890161300,3,121264490000,Yes,912821RE7,null,null,2024-12-31,1251151800,11000600000,98474000000,Yes,0,0,Normal,2025-06-30,No,null,null,null,null,99.809877,null,4.532,null,38569609500.0,50510890000,Semi-Annual,4.500000,null,null,null,null,2.888000,2024-12-31,15400000000,10000000,15400000000,100,100,100,100,100,0,15400000000,110055600,Yes,44000000000,null,null,null,7-Year,A_20241219_7.pdf,R_20241226_4.pdf,NCR_20241226_3.pdf,4069400000.0,59753000000,null,null,No,0-Month,7-Year,T-2031,432795200,20034000000,No,432795200,null,22.5000,Yes,null,44433012100.0,121807340800,30594600,Yes,null,null,A_20241219_7.xml,R_20241226_4.xml,No,912834YF9,null,SPL_20241224_1.pdf,2024-12-26,7,0.09158505821845915,0.8680394975968779,32.78819576704501,0.12666666666666648,-0.004899047474336171,3.1600000000000072,-0.06499999999998174
2025-01-15,91282CMF5,Note,3-Year,2025-01-06,2025-01-15,2028-01-15,99.771622,null,null,null,null,84.310000,2,null,2025-01-02,Single-Price,null,null,null,null,4.286000,No,null,2.62,No,null,null,No,01:00 PM,12:00 PM,57749647500,3,151505260000,Yes,912821RF4,null,null,2025-01-15,11358000000,20003000000,119274000000,Yes,0,0,Normal,2025-07-15,No,null,null,null,null,99.771622,null,4.332,null,35213492500.0,48119260000,Semi-Annual,4.250000,null,null,null,null,4.200000,2025-01-15,20300000000,10000000,20300000000,100,100,100,100,100,0,20300000000,250354100,Yes,58000000000,null,null,null,3-Year,A_20250102_4.pdf,R_20250106_3.pdf,NCR_20250106_3.pdf,11178155000.0,83383000000,null,null,No,0-Month,3-Year,AJ-2028,12744830700,42570000000,No,12744830700,null,21.2500,Yes,null,70744832300.0,164500444800,102278100,Yes,null,null,A_20250102_4.xml,R_20250106_3.xml,No,912834YG7,null,SPL_20250102_1.pdf,2025-01-06,3,0.15800666474970215,0.4977535652452172,20.180747873508373,0.03500000000000014,0.01582605818255234,4.429999999999978,1.0849999999999809
2025-01-15,91282CLW9,Note,9-Year 10-Month,2025-01-07,2025-01-15,2034-11-15,96.631098,null,7.1616000000,null,null,97.580000,2,null,2025-01-02,Single-Price,null,null,null,null,4.625000,Yes,2024-11-15,2.53,No,null,null,No,01:00 PM,12:00 PM,38879694200,3,98521399000,Yes,912821QX6,null,91486000000.000000,2024-11-15,8931395000,14517000000,119274000000,Yes,0,0,Normal,2025-05-15,No,null,null,null,null,96.631098,null,4.68,null,23867074400.0,29048399000,Semi-Annual,4.250000,null,null,null,null,4.533000,2025-01-15,13650000000,10000000,13650000000,100,100,100,100,100,28400000000,13650000000,120312100,Yes,39000000000,null,2024-11-15,2024-11-15,10-Year,A_20250102_3.pdf,R_20250107_2.pdf,NCR_20250107_2.pdf,6081224800.0,54956000000,null,null,Yes,10-Month,9-Year,F-2034,8569799900,42570000000,No,8569799900,null,21.2500,Yes,null,47569806200.0,107211511000,34044100,Yes,null,null,A_20250102_3.xml,R_20250107_2.xml,No,null,null,SPL_20250102_1.pdf,2025-01-07,10,0.127837914126293,0.5017273835351467,39.0,-0.020000000000000462,0.009616113862075143,3.8399999999999324,1.773333333333249
2025-01-15,912810UE6,Bond,29-Year 10-Month,2025-01-08,2025-01-15,2054-11-15,93.557438,null,7.5828700000,null,null,67.560000,2,null,2025-01-02,Single-Price,null,null,null,null,4.870000,Yes,2024-11-15,2.52,No,null,null,No,01:00 PM,12:00 PM,21966493600,3,55380776000,Yes,912803HF3,null,53229000000.000000,2024-11-15,4549750000,8408000000,119274000000,Yes,0,0,Normal,2025-05-15,No,null,null,null,null,93.557438,null,4.913,null,14636231600.0,17596776000,Semi-Annual,4.500000,null,null,null,null,4.800000,2025-01-15,7700000000,10000000,7700000000,100,100,100,100,100,16500000000,7700000000,33508300,Yes,22000000000,null,2024-11-15,2024-11-15,30-Year,A_20250102_2.pdf,R_20250108_2.pdf,NCR_20250108_2.pdf,2780512000.0,29376000000,null,null,Yes,10-Month,29-Year,Bonds of November 2054,4834246100,42570000000,No,4834246100,null,22.5000,Yes,null,26834248000.0,60248530400,10016300,Yes,null,null,A_20250102_2.xml,R_20250108_2.xml,No,null,null,SPL_20250102_2.pdf,2025-01-08,30,0.10361803319399895,0.5454310327608212,45.132168885017144,0.10000000000000009,-0.02907071412726625,-3.4600000000000186,6.349999999999989
2025-01-31,912810UF3,Bond,19-Year 10-Month,2025-01-22,2025-01-31,2044-11-15,96.527371,null,9.8377100000,null,null,98.740000,2,null,2025-01-16,Single-Price,null,null,null,null,4.860000,Yes,2024-11-15,2.75,No,null,null,No,01:00 PM,12:00 PM,12894508000,3,35659870000,Yes,912803HG1,null,30215000000.000000,2024-11-15,2589724000,4859000000,165088000000,Yes,0,0,Normal,2025-05-15,No,null,null,null,null,96.527371,null,4.9,null,8964044000.0,12519870000,Semi-Annual,4.625000,null,null,null,null,3.880000,2025-01-31,4550000000,10000000,4550000000,100,100,100,100,100,10200000000,4550000000,105526500,Yes,13000000000,null,2024-11-15,2024-12-02,20-Year,A_20250116_5.pdf,R_20250122_3.pdf,NCR_20250122_3.pdf,1340740000.0,18281000000,null,null,Yes,10-Month,19-Year,Bonds of November 2044,721881100,22239000000,No,721881100,null,23.1250,Yes,null,13721915600.0,36487277600,54945500,Yes,null,null,A_20250116_5.xml,R_20250122_3.xml,No,null,null,null,2025-01-22,20,0.09770793226566704,0.653264767202037,21.330614131782042,0.22333333333333316,-0.04891440831373814,1.0100000000000442,-0.6733333333332887
2025-01-31,91282CMH1,Note,2-Year,2025-01-27,2025-01-31,2027-01-31,99.836686,null,null,null,null,55.050000,2,null,2025-01-23,Single-Price,null,null,null,null,4.168000,No,null,2.66,No,null,null,No,11:30 AM,11:00 AM,68094660000,3,182290660000,Yes,912821RH0,null,null,2025-01-31,14483500000,25638000000,165088000000,Yes,155000000,155000000,Normal,2025-07-31,No,null,null,null,null,99.836686,null,4.211,null,44277660000.0,58007660000,Semi-Annual,4.125000,null,null,null,null,4.090000,2025-01-31,24150000000,10000000,24150000000,100,100,100,100,100,0,24150000000,750404400,Yes,69000000000,null,null,null,2-Year,A_20250123_7.pdf,R_20250127_1.pdf,NCR_20250127_1.pdf,9333500000.0,98645000000,null,null,No,0-Month,2-Year,AW-2027,3831522900,22239000000,No,3831522900,null,20.6250,Yes,null,72831587300.0,187027587300,335292200,Yes,null,null,A_20250123_7.xml,R_20250127_1.xml,No,null,null,SPL_20250123_1.pdf,2025-01-27,2,0.12815181360189853,0.6079458328652958,16.358793525501994,-0.020000000000000018,0.013422944362382172,-4.239999999999977,-5.174999999999974
2025-01-31,91282CMG3,Note,5-Year,2025-01-27,2025-01-31,2030-01-31,99.643779,null,null,null,null,52.610000,2,null,2025-01-23,Single-Price,null,null,null,null,4.285000,No,null,2.4,No,null,null,No,01:00 PM,12:00 PM,69613545200,3,167346569000,Yes,912821RJ6,null,null,2025-01-31,18161665000,26987000000,165088000000,Yes,80000000,80000000,Normal,2025-07-31,No,null,null,null,null,99.643779,null,4.33,null,43713023700.0,52457569000,Semi-Annual,4.250000,null,null,null,null,4.240000,2025-01-31,24500000000,10000000,24500000000,100,100,100,100,100,0,24500000000,306461000,Yes,70000000000,null,null,null,5-Year,A_20250123_5.pdf,R_20250127_4.pdf,NCR_20250127_3.pdf,7738856500.0,87902000000,null,null,No,0-Month,5-Year,U-2030,3887052100,22239000000,No,3887052100,null,21.2500,Yes,null,73887058300.0,171620082100,133342400,Yes,null,null,A_20250123_5.xml,R_20250127_4.xml,No,null,null,SPL_20250123_1.pdf,2025-01-27,5,0.10473899865627753,0.5916194893361995,38.87787063791461,-0.0016666666666669272,-0.01744340696835192,-6.369999999999987,-11.298333333333328
2025-01-31,91282CMK4,Note,7-Year,2025-01-28,2025-01-31,2032-01-31,99.511534,null,null,null,null,49.840000,2,null,2025-01-23,Single-Price,null,null,null,null,4.410000,No,null,2.64,No,null,null,No,01:00 PM,12:00 PM,43817575200,3,115798076800,Yes,912821RK3,null,null,2025-01-31,10105700000,18060700000,165088000000,Yes,0,0,Normal,2025-07-31,No,null,null,null,null,99.511534,null,4.457,null,29392776800.0,37469376800,Semi-Annual,4.375000,null,null,null,null,4.270000,2025-01-31,15400000000,10000000,15400000000,100,100,100,100,100,0,15400000000,182440200,Yes,44000000000,null,null,null,7-Year,A_20250123_4.pdf,R_20250128_3.pdf,NCR_20250128_3.pdf,4319098400.0,60268000000,null,null,No,0-Month,7-Year,G-2032,2443289900,22239000000,No,2443289900,null,21.8750,Yes,null,46443305300.0,118423806900,70474200,Yes,null,null,A_20250123_4.xml,R_20250128_3.xml,No,912834YJ1,null,null,2025-01-28,7,0.09299722257278704,0.6328743531524661,32.78819576704501,-0.023333333333333428,0.00033799954406295296,4.570000000000007,1.4150000000000182
2025-02-18,91282CMN8,Note,3-Year,2025-02-11,2025-02-18,2028-02-15,99.860298,null,0.3522100000,null,null,41.590000,2,null,2025-02-05,Single-Price,null,null,null,null,4.260000,Yes,2025-02-15,2.79,No,null,null,No,01:00 PM,12:00 PM,57514536800,3,161075040000,Yes,912821RL1,null,null,2025-02-15,9097500000,16587000000,106176000000,Yes,144300000,144300000,Normal,2025-08-15,No,null,null,null,null,99.860298,null,4.3,null,42561086800.0,54745040000,Semi-Annual,4.250000,null,null,null,null,4.195000,2025-02-15,20300000000,10000000,20300000000,100,100,100,100,100,0,20300000000,341203900,Yes,58000000000,null,null,null,3-Year,A_20250205_1.pdf,R_20250211_2.pdf,NCR_20250211_2.pdf,5855950000.0,89743000000,null,null,No,0-Month,3-Year,AK-2028,15933366100,49109000000,No,15933366100,null,21.2500,Yes,null,73933406800.0,177493910000,129120600,Yes,null,null,A_20250205_1.xml,R_20250211_2.xml,No,null,null,null,2025-02-11,3,0.07920573734470464,0.5756678698052367,20.180747873508373,0.21333333333333337,-0.0683102069002854,3.9699999999999847,0.6766666666666517
2025-02-18,91282CMM0,Note,10-Year,2025-02-12,2025-02-18,2035-02-15,99.94366,null,0.3832900000,null,null,32.110000,2,null,2025-02-05,Single-Price,null,null,null,null,4.560000,Yes,2025-02-15,2.48,No,null,null,No,01:00 PM,12:00 PM,41770656300,3,103873005000,Yes,912821RM9,null,null,2025-02-15,5687000000,9437000000,106176000000,Yes,0,0,Normal,2025-08-15,No,null,null,null,null,99.94366,null,4.632,null,29885601300.0,34582005000,Semi-Annual,4.625000,null,null,null,null,4.517000,2025-02-15,14700000000,10000000,14700000000,100,100,100,100,100,0,14700000000,229349600,Yes,42000000000,null,null,null,10-Year,A_20250205_3.pdf,R_20250212_2.pdf,NCR_20250212_2.pdf,6198055000.0,59854000000,null,null,No,0-Month,10-Year,B-2035,11537954800,49109000000,No,11537954800,null,23.1250,Yes,null,53537960700.0,115640309400,96031600,Yes,null,null,A_20250205_3.xml,R_20250212_2.xml,No,null,null,null,2025-02-12,10,0.11576935167050545,0.5582132921996037,42.0,-0.061666666666666536,-0.007254062629804478,10.449999999999982,7.456666666666644
2025-02-18,912810UG1,Bond,30-Year,2025-02-13,2025-02-18,2055-02-15,98.042695,null,0.3832900000,null,null,27.190000,2,null,2025-02-05,Single-Price,null,null,null,null,4.680000,Yes,2025-02-15,2.33,No,null,null,No,01:00 PM,12:00 PM,24956496300,3,58167337000,Yes,912803HH9,null,null,2025-02-15,4636400000,6886400000,106176000000,Yes,0,0,Normal,2025-08-15,No,null,null,null,null,98.042695,null,4.748,null,16241317000.0,18382937000,Semi-Annual,4.625000,null,null,null,null,4.630000,2025-02-15,8750000000,10000000,8750000000,100,100,100,100,100,0,8750000000,43524100,Yes,25000000000,null,null,null,30-Year,A_20250205_2.pdf,R_20250213_3.pdf,NCR_20250213_3.pdf,4078779300.0,32898000000,null,null,No,0-Month,30-Year,Bonds of February 2055,6867830200,49109000000,No,6867830200,null,23.1250,Yes,null,31867850600.0,65078691300,13734100,Yes,null,null,A_20250205_2.xml,R_20250213_3.xml,No,912834YK8,null,null,2025-02-13,30,0.12799041112612722,0.5096458246857728,51.28655555115584,-0.12666666666666648,0.0007582303933228451,-14.309999999999956,-6.251666666666603
2025-02-28,912810UJ5,Bond,20-Year,2025-02-19,2025-02-28,2045-02-15,98.978703,null,1.7058000000,null,null,37.100000,2,null,2025-02-13,Single-Price,null,null,null,null,4.769000,Yes,2025-02-15,2.43,No,null,null,No,01:00 PM,12:00 PM,15892978000,3,38707828000,Yes,912803HJ5,null,null,2025-02-15,3100000000,4500000000,100133000000,Yes,0,0,Normal,2025-08-15,No,null,null,null,null,98.978703,null,4.83,null,10010448000.0,12931828000,Semi-Annual,4.750000,null,null,null,null,4.700000,2025-02-28,5600000000,10000000,5600000000,100,100,100,100,100,0,5600000000,107066800,Yes,16000000000,null,null,null,20-Year,A_20250213_3.pdf,R_20250219_2.pdf,NCR_20250219_2.pdf,2782530000.0,21276000000,null,null,No,0-Month,20-Year,Bonds of February 2045,1612645300,34017000000,No,1612645300,null,23.7500,Yes,null,17612690100.0,40427540100,40061800,Yes,null,null,A_20250213_3.xml,R_20250219_2.xml,No,null,null,null,2025-02-19,20,0.15798438422532626,0.5683656467673839,26.25306354680867,-0.10833333333333339,0.008413356717855203,-1.529999999999987,-3.0616666666666514
2025-02-28,91282CMP3,Note,2-Year,2025-02-24,2025-02-28,2027-02-28,99.916401,null,null,null,null,60.910000,2,null,2025-02-20,Single-Price,null,null,null,null,4.130000,No,null,2.56,No,null,null,No,01:00 PM,12:00 PM,68439422200,3,175983800000,Yes,912821RN7,null,null,2025-02-28,5229432200,13472000000,100133000000,Yes,0,0,Normal,2025-08-31,No,null,null,null,null,99.916401,null,4.169,null,58509165000.0,71927800000,Semi-Annual,4.125000,null,null,null,null,4.070000,2025-02-28,24150000000,10000000,24150000000,100,100,100,100,100,0,24150000000,560737200,Yes,69000000000,null,null,null,2-Year,A_20250220_4.pdf,R_20250224_3.pdf,NCR_20250224_3.pdf,4700825000.0,90584000000,null,null,No,0-Month,2-Year,AY-2027,6954533300,34017000000,No,6954533300,null,20.6250,Yes,null,75954692700.0,183499070500,260138700,Yes,null,null,A_20250220_4.xml,R_20250224_3.xml,No,null,null,null,2025-02-24,2,0.061889856082585404,0.7703166574723039,16.358793525501994,-0.09499999999999975,-0.060121142965207985,1.839999999999975,1.3549999999999802
2025-02-28,91282CGQ8,Note,5-Year,2025-02-25,2025-02-28,2030-02-28,99.449344,null,null,null,null,26.180000,2,91282CMQ1,2025-02-20,Single-Price,null,null,null,null,4.070000,No,null,2.42,No,null,null,No,01:00 PM,12:00 PM,69797603000,3,169481713000,Yes,912821KV6,null,null,2025-02-28,10151800000,18498000000,100133000000,Yes,5000000,5000000,Normal,2025-08-31,No,null,null,null,null,99.449344,null,4.123,null,52255713000.0,61313713000,Semi-Annual,4.000000,null,null,null,null,4.020000,2025-02-28,24500000000,10000000,24500000000,100,100,100,100,100,0,24500000000,197428100,Yes,70000000000,91282CMQ1,2023-02-28,2023-02-28,7-Year,A_20250220_2.pdf,R_20250225_2.pdf,NCR_20250225_2.pdf,7390090000.0,89670000000,null,null,Yes,0-Month,5-Year,H-2030,7055323500,34017000000,No,7055323500,null,20.0000,Yes,null,77055354600.0,176739464600,90277100,Yes,null,null,A_20250220_2.xml,R_20250225_2.xml,No,null,null,"SPL_20250220_1.pdf, SPL_20250225_1.pdf",2025-02-25,7,0.09590624867489742,0.6781581016823975,52.16303872029888,-0.24333333333333362,0.0017302797203232329,-17.00999999999997,-20.7583333333333
2025-02-28,91282CMR9,Note,7-Year,2025-02-26,2025-02-28,2032-02-29,99.585172,null,null,null,null,5.810000,2,null,2025-02-20,Single-Price,null,null,null,null,4.148000,No,null,2.64,No,null,null,No,01:00 PM,12:00 PM,43915416500,3,115987587000,Yes,912821RQ0,null,null,2025-02-28,11049500000,16439000000,100133000000,Yes,0,0,Normal,2025-08-31,No,null,null,null,null,99.585172,null,4.194,null,29009458500.0,36208587000,Semi-Annual,4.125000,null,null,null,null,4.000000,2025-02-28,15400000000,10000000,15400000000,100,100,100,100,100,0,15400000000,84584700,Yes,44000000000,null,null,null,7-Year,A_20250220_5.pdf,R_20250226_3.pdf,NCR_20250226_3.pdf,3856458000.0,63340000000,null,null,No,0-Month,7-Year,H-2032,4434774800,34017000000,No,4434774800,null,20.6250,Yes,null,48434776000.0,120506946500,39174700,Yes,null,null,A_20250220_5.xml,R_20250226_3.xml,No,912834YN2,null,null,2025-02-26,7,0.07962167513688925,0.5989386324404598,32.78819576704501,-0.009999999999999787,-0.009441283044422225,1.020000000000021,1.1333333333333495
2025-03-17,91282CMS7,Note,3-Year,2025-03-11,2025-03-17,2028-03-15,99.90719,null,0.2106000000,null,null,4.830000,2,null,2025-03-06,Single-Price,null,null,null,null,3.850000,Yes,2025-03-15,2.7,No,null,null,No,01:00 PM,12:00 PM,57828163100,3,156256773500,Yes,912821RR8,null,null,2025-03-15,15036243100,20176000000,48000000000,Yes,5000000,5000000,Normal,2025-09-15,No,null,null,null,null,99.90719,null,3.908,null,36161120500.0,50574773500,Semi-Annual,3.875000,null,null,null,null,3.670000,2025-03-15,20300000000,10000000,20300000000,100,100,100,100,100,0,20300000000,166862700,Yes,58000000000,null,null,null,3-Year,A_20250306_6.pdf,R_20250311_2.pdf,NCR_20250311_2.pdf,6630799500.0,85506000000,null,null,No,0-Month,3-Year,AL-2028,983095500,8065000000,No,983095500,null,19.3750,Yes,null,58983121300.0,157411731700,79913700,Yes,null,null,A_20250306_6.xml,R_20250311_2.xml,No,912834YP7,null,null,2025-03-11,3,0.1124185928763319,0.6130757359563472,20.180747873508373,0.08333333333333348,-0.026891488012292755,3.54000000000001,1.843333333333345
2025-03-17,91282CMM0,Note,9-Year 11-Month,2025-03-12,2025-03-17,2035-02-15,102.513731,null,3.8328700000,null,null,95.260000,2,null,2025-03-06,Single-Price,null,null,null,null,4.265000,Yes,2025-02-15,2.59,No,null,null,No,01:00 PM,12:00 PM,38912640600,3,100860107000,Yes,912821RM9,null,53539000000.000000,2025-02-15,7590682000,11590000000,48000000000,Yes,0,0,Normal,2025-08-15,No,null,null,null,null,102.513731,null,4.31,null,26232149600.0,32590607000,Semi-Annual,4.625000,null,null,null,null,4.200000,2025-03-15,13650000000,10000000,13650000000,100,100,100,100,100,14800000000,13650000000,87474200,Yes,39000000000,null,2025-02-15,2025-02-18,10-Year,A_20250306_1.pdf,R_20250312_2.pdf,NCR_20250312_2.pdf,5089809000.0,56679500000,null,null,Yes,11-Month,9-Year,B-2035,661046900,8065000000,No,661046900,null,23.1250,Yes,null,39661161700.0,101608628100,43966200,Yes,null,null,A_20250306_1.xml,R_20250312_2.xml,No,null,null,null,2025-03-12,10,0.12833232265105335,0.6614064862351221,39.0,0.0216666666666665,0.01097409825921973,-0.48000000000003595,-3.995000000000038
2025-03-17,912810UG1,Bond,29-Year 11-Month,2025-03-13,2025-03-17,2055-02-15,100.024989,null,3.8328700000,null,null,87.850000,2,null,2025-03-06,Single-Price,null,null,null,null,4.560000,Yes,2025-02-15,2.37,No,null,null,No,01:00 PM,12:00 PM,21959626000,3,52022431000,Yes,912803HH9,null,31868000000.000000,2025-02-15,4974800000,7034800000,48000000000,Yes,0,0,Normal,2025-08-15,No,null,null,null,null,100.024989,null,4.623,null,13275686000.0,15606631000,Semi-Annual,4.625000,null,null,null,null,4.510000,2025-03-15,7700000000,10000000,7700000000,100,100,100,100,100,8800000000,7700000000,40399800,Yes,22000000000,null,2025-02-15,2025-02-18,30-Year,A_20250306_3.pdf,R_20250313_3.pdf,NCR_20250313_3.pdf,3709140000.0,29381000000,null,null,Yes,11-Month,29-Year,Bonds of February 2055,372898200,8065000000,No,372898200,null,23.1250,Yes,null,22372924000.0,52435729000,24500800,Yes,null,null,A_20250306_3.xml,R_20250313_3.xml,No,null,null,null,2025-03-13,30,0.16578700218174433,0.5933818038268042,45.132168885017144,-0.0900000000000003,0.044022864387161256,-18.330000000000002,-10.934999999999992
2025-03-31,912810UJ5,Bond,19-Year 11-Month,2025-03-18,2025-03-31,2045-02-15,101.512446,null,5.7734800000,null,null,97.340000,2,null,2025-03-13,Single-Price,null,null,null,null,4.598000,Yes,2025-02-15,2.78,No,null,null,No,01:00 PM,12:00 PM,12921252300,3,36086618000,Yes,912803HJ5,null,17611000000.000000,2025-02-15,2888464300,4422000000,97343000000,Yes,0,0,Normal,2025-08-15,No,null,null,null,null,101.512446,null,4.632,null,8894788000.0,12171618000,Semi-Annual,4.750000,null,null,null,null,3.880000,2025-03-31,4550000000,10000000,4550000000,100,100,100,100,100,5600000000,4550000000,78757000,Yes,13000000000,null,2025-02-15,2025-02-28,20-Year,A_20250313_4.pdf,R_20250318_3.pdf,NCR_20250318_3.pdf,1138000000.0,19493000000,null,null,Yes,11-Month,19-Year,Bonds of February 2045,383969600,25273000000,No,383969600,null,23.7500,Yes,null,13383978900.0,36549344600,40224000,Yes,null,null,A_20250313_4.xml,R_20250318_3.xml,No,null,null,null,2025-03-18,20,0.08502703183430751,0.6645847297323518,21.330614131782042,0.2599999999999998,-0.07594107937697508,-3.790000000000049,-4.835000000000041
2025-03-31,91282CMV0,Note,2-Year,2025-03-25,2025-03-31,2027-03-31,99.792438,null,null,null,null,39.210000,2,null,2025-03-20,Single-Price,null,null,null,null,3.936000,No,null,2.66,No,null,null,No,01:00 PM,12:00 PM,68484645300,3,182770750000,Yes,912821RS6,null,null,2025-03-31,9301395300,17323000000,97343000000,Yes,100000000,100000000,Normal,2025-09-30,No,null,null,null,null,99.792438,null,3.984,null,51890250000.0,65490250000,Semi-Annual,3.875000,null,null,null,null,3.880000,2025-03-31,24150000000,10000000,24150000000,100,100,100,100,100,0,24150000000,415389200,Yes,69000000000,null,null,null,2-Year,A_20250320_4.pdf,R_20250325_2.pdf,NCR_20250325_2.pdf,7293000000.0,99957500000,null,null,No,0-Month,2-Year,AZ-2027,2037992800,25273000000,No,2037992800,null,19.3750,Yes,null,71038027300.0,185324132000,194070000,Yes,null,null,A_20250320_4.xml,R_20250325_2.xml,No,null,null,null,2025-03-25,2,0.1026633238167074,0.7304573616728234,16.358793525501994,0.02499999999999991,-0.011473676860353096,-1.4200000000000212,-2.1966666666666765
2025-03-31,91282CMU2,Note,5-Year,2025-03-26,2025-03-31,2030-03-31,99.552043,null,null,null,null,62.950000,2,null,2025-03-20,Single-Price,null,null,null,null,4.040000,No,null,2.33,No,null,null,No,01:00 PM,12:00 PM,69765065500,3,162540829000,Yes,912821RT4,null,null,2025-03-31,7652000000,13402000000,97343000000,Yes,100000000,100000000,Normal,2025-09-30,No,null,null,null,null,99.552043,null,4.1,null,52908549000.0,60635829000,Semi-Annual,4.000000,null,null,null,null,3.980000,2025-03-31,24500000000,10000000,24500000000,100,100,100,100,100,0,24500000000,134936500,Yes,70000000000,null,null,null,5-Year,A_20250320_2.pdf,R_20250326_3.pdf,NCR_20250326_3.pdf,9204516500.0,88503000000,null,null,No,0-Month,5-Year,W-2030,2067528900,25273000000,No,2067528900,null,20.0000,Yes,null,72067530900.0,164843294400,50637500,Yes,null,null,A_20250320_2.xml,R_20250326_3.xml,No,null,null,SPL_20250320_1.pdf,2025-03-26,5,0.12772071396163234,0.7341523754076609,38.87787063791461,-0.07166666666666677,0.010084747568552113,6.229999999999958,2.709999999999953
2025-03-31,91282CMT5,Note,7-Year,2025-03-27,2025-03-31,2032-03-31,99.351591,null,null,null,null,8.030000,2,null,2025-03-20,Single-Price,null,null,null,null,4.177000,No,null,2.53,No,null,null,No,01:00 PM,12:00 PM,43917667200,3,111418998000,Yes,912821RU1,null,null,2025-03-31,11476200000,15916700000,97343000000,Yes,0,0,Normal,2025-09-30,No,null,null,null,null,99.351591,null,4.233,null,26877452200.0,33917298000,Semi-Annual,4.125000,null,null,null,null,4.100000,2025-03-31,15400000000,10000000,15400000000,100,100,100,100,100,0,15400000000,82344900,Yes,44000000000,null,null,null,7-Year,A_20250320_3.pdf,R_20250327_3.pdf,NCR_20250327_3.pdf,5564015000.0,61585000000,null,null,No,0-Month,7-Year,J-2032,1299589600,25273000000,No,1299589600,null,20.6250,Yes,null,45299601700.0,112800932500,26662900,Yes,null,null,A_20250320_3.xml,R_20250327_3.xml,No,912834YQ5,null,null,2025-03-27,7,0.12282701814572466,0.5933264574377042,32.78819576704501,-0.12166666666666703,0.035046839554500483,4.359999999999964,5.10499999999996
2025-04-15,91282CMW8,Note,3-Year,2025-04-08,2025-04-15,2028-04-15,99.904428,null,null,null,null,38.620000,2,null,2025-04-03,Single-Price,null,null,null,null,3.700000,No,null,2.47,No,null,null,No,01:00 PM,12:00 PM,57790487000,3,143017540000,Yes,912821RV9,null,null,2025-04-15,3606100000,11461600000,78243000000,Yes,105000000,105000000,Normal,2025-10-15,No,null,null,null,null,99.904428,null,3.784,null,42204940000.0,51376940000,Semi-Annual,3.750000,null,null,null,null,3.640000,2025-04-15,20300000000,10000000,20300000000,100,100,100,100,100,0,20300000000,104526900,Yes,58000000000,null,null,null,3-Year,A_20250403_6.pdf,R_20250408_2.pdf,NCR_20250408_2.pdf,11979447000.0,80179000000,null,null,No,0-Month,3-Year,AM-2028,9680781300,22543000000,No,9680781300,null,18.7500,Yes,null,67680795200.0,152907848200,55060900,Yes,null,null,A_20250403_6.xml,R_20250408_2.xml,No,912834YR3,null,null,2025-04-08,3,0.17699920582493392,0.6235881223806897,20.180747873508373,-0.15333333333333332,0.03612098196018981,9.34999999999997,6.084999999999971
2025-04-15,91282CMM0,Note,9-Year 10-Month,2025-04-09,2025-04-15,2035-02-15,101.490492,null,7.5379800000,null,null,59.990000,2,null,2025-04-03,Single-Price,null,null,null,null,4.340000,Yes,2025-02-15,2.67,No,null,null,No,01:00 PM,12:00 PM,38903827000,3,103847415000,Yes,912821RM9,null,93197000000.000000,2025-02-15,546000000,7792000000,78243000000,Yes,0,0,Normal,2025-08-15,No,null,null,null,null,101.490492,null,4.435,null,34194897500.0,43071415000,Semi-Annual,4.625000,null,null,null,null,2.880000,2025-04-15,13650000000,10000000,13650000000,100,100,100,100,100,28400000000,13650000000,96191800,Yes,39000000000,null,2025-02-15,2025-02-18,10-Year,A_20250403_7.pdf,R_20250409_2.pdf,NCR_20250409_2.pdf,4162929500.0,52984000000,null,null,Yes,10-Month,9-Year,B-2035,6509490900,22543000000,No,6509490900,null,23.1250,Yes,null,45509509700.0,110453097700,42276900,Yes,null,null,A_20250403_7.xml,R_20250409_2.xml,No,null,null,null,2025-04-09,10,0.09147383760981279,0.7513791672424895,39.0,0.10999999999999988,-0.030388421147739278,10.529999999999973,7.089999999999982
2025-04-15,912810UG1,Bond,29-Year 10-Month,2025-04-10,2025-04-15,2055-02-15,97.026877,null,7.5379800000,null,null,9.470000,2,null,2025-04-03,Single-Price,null,null,null,null,4.730000,Yes,2025-02-15,2.43,No,null,null,No,01:00 PM,12:00 PM,21962662700,3,53530031500,Yes,912803HH9,null,54230000000.000000,2025-02-15,5671321700,9132200000,78243000000,Yes,0,0,Normal,2025-08-15,No,null,null,null,null,97.026877,null,4.813,null,13590553000.0,16472831500,Semi-Annual,4.625000,null,null,null,null,3.880000,2025-04-15,7700000000,10000000,7700000000,100,100,100,100,100,16500000000,7700000000,37353300,Yes,22000000000,null,2025-02-15,2025-02-18,30-Year,A_20250403_2.pdf,R_20250410_3.pdf,NCR_20250410_3.pdf,2700788000.0,27925000000,null,null,Yes,10-Month,29-Year,Bonds of February 2055,3672020400,22543000000,No,3672020400,null,23.1250,Yes,null,25672036400.0,57239405200,11501300,Yes,null,null,A_20250403_2.xml,R_20250410_3.xml,No,null,null,null,2025-04-10,30,0.10520349682894653,0.5293913107726819,45.132168885017144,-0.02833333333333332,-0.018377430444092638,-8.840000000000003,-1.5149999999999926
2025-04-30,912810UJ5,Bond,19-Year 10-Month,2025-04-16,2025-04-30,2045-02-15,99.225787,null,9.7099400000,null,null,6.470000,2,null,2025-04-10,Single-Price,null,null,null,null,4.750000,Yes,2025-02-15,2.63,No,null,null,No,01:00 PM,12:00 PM,12883615500,3,34070634000,Yes,912803HJ5,null,30985000000.000000,2025-02-15,1587646500,3074000000,175787000000,Yes,0,0,Normal,2025-08-15,No,null,null,null,null,99.225787,null,4.81,null,9106734000.0,12365634000,Semi-Annual,4.750000,null,null,null,null,3.880000,2025-04-30,4550000000,10000000,4550000000,100,100,100,100,100,10200000000,4550000000,116395300,Yes,13000000000,null,2025-02-15,2025-02-28,20-Year,A_20250410_5.pdf,R_20250416_2.pdf,NCR_20250416_2.pdf,2189235000.0,18631000000,null,null,Yes,10-Month,19-Year,Bonds of February 2045,890228100,19508000000,No,890228100,null,23.7500,Yes,null,13890238900.0,35077257400,41753300,Yes,null,null,A_20250410_5.xml,R_20250416_2.xml,No,null,null,null,2025-04-16,20,0.15760960022077086,0.6556211211025319,21.330614131782042,0.06499999999999995,0.0127731902112114,-8.830000000000027,-8.568333333333348
2025-04-30,91282CMY4,Note,2-Year,2025-04-22,2025-04-30,2027-04-30,99.914113,null,null,null,null,77.990000,2,null,2025-04-17,Single-Price,null,null,null,null,3.740000,No,null,2.52,No,null,null,No,01:00 PM,12:00 PM,68639526300,3,173174710000,Yes,912821RX5,null,null,2025-04-30,20646000000,26496000000,175787000000,Yes,100000000,100000000,Normal,2025-10-31,No,null,null,null,null,99.914113,null,3.795,null,38561700000.0,52112710000,Semi-Annual,3.750000,null,null,null,null,2.880000,2025-04-30,24150000000,10000000,24150000000,100,100,100,100,100,0,24150000000,260484000,Yes,69000000000,null,null,null,2-Year,A_20250417_3.pdf,R_20250422_2.pdf,NCR_20250422_2.pdf,9431826300.0,94566000000,null,null,No,0-Month,2-Year,BA-2027,4725057000,19508000000,No,4725057000,null,18.7500,Yes,null,73725067300.0,178260251000,124482000,Yes,null,null,A_20250417_3.xml,R_20250422_2.xml,No,null,null,null,2025-04-22,2,0.12793242034788893,0.5230473353531954,16.358793525501994,-0.12666666666666693,0.01735917347790096,5.6299999999999795,4.939999999999996
2025-04-30,91282CMZ1,Note,5-Year,2025-04-23,2025-04-30,2030-04-30,99.460974,null,null,null,null,76.410000,2,null,2025-04-17,Single-Price,null,null,null,null,3.928000,No,null,2.41,No,null,null,No,01:00 PM,12:00 PM,69884341800,3,168300632000,Yes,912821RY3,null,null,2025-04-30,17362633800,25521000000,175787000000,Yes,5000000,5000000,Normal,2025-10-31,No,null,null,null,null,99.460974,null,3.995,null,44753632000.0,53759632000,Semi-Annual,3.875000,null,null,null,null,3.800000,2025-04-30,24500000000,10000000,24500000000,100,100,100,100,100,0,24500000000,110745200,Yes,70000000000,null,null,null,5-Year,A_20250417_7.pdf,R_20250423_3.pdf,NCR_20250423_3.pdf,7768076000.0,89020000000,null,null,No,0-Month,5-Year,Y-2030,4793536100,19508000000,No,4793536100,null,19.3750,Yes,null,74793623100.0,173209913300,40643200,Yes,null,null,A_20250417_7.xml,R_20250423_3.xml,No,null,null,SPL_20250417_1.pdf,2025-04-23,5,0.10386013777690628,0.5983616001616052,38.87787063791461,0.021666666666666945,-0.014804627432191617,2.9300000000000104,-1.5866666666666545
2025-04-30,91282CNA5,Note,7-Year,2025-04-24,2025-04-30,2032-04-30,99.258678,null,null,null,null,30.840000,2,null,2025-04-17,Single-Price,null,null,null,null,4.065000,No,null,2.55,No,null,null,No,01:00 PM,12:00 PM,43929113000,3,112301837000,Yes,912821RZ0,null,null,2025-04-30,11173500000,19467900000,175787000000,Yes,0,0,Normal,2025-10-31,No,null,null,null,null,99.258678,null,4.123,null,26049613000.0,31965937000,Semi-Annual,4.000000,null,null,null,null,3.880000,2025-04-30,15400000000,10000000,15400000000,100,100,100,100,100,0,15400000000,70905900,Yes,44000000000,null,null,null,7-Year,A_20250417_4.pdf,R_20250424_3.pdf,NCR_20250424_3.pdf,6706000000.0,60868000000,null,null,No,0-Month,7-Year,K-2032,3013079700,19508000000,No,3013079700,null,20.0000,Yes,null,47013098600.0,115385822600,25546900,Yes,null,null,A_20250417_4.xml,R_20250424_3.xml,No,912834YS1,null,null,2025-04-24,7,0.14264109790032006,0.5540926630179616,32.78819576704501,-0.06666666666666687,0.04660416376401484,-6.859999999999999,-6.0966666666666685
2025-05-15,91282CND9,Note,3-Year,2025-05-05,2025-05-15,2028-05-15,99.79213,null,null,null,null,23.890000,2,null,2025-04-30,Single-Price,null,null,null,null,3.769000,No,null,2.56,No,null,null,No,01:00 PM,12:00 PM,57734288000,3,147993840000,Yes,912821SA4,null,null,2025-05-15,13688000000,19388000000,94183000000,Yes,155000000,155000000,Normal,2025-11-15,No,null,null,null,null,99.79213,null,3.824,null,36008840000.0,46689840000,Semi-Annual,3.750000,null,null,null,null,3.690000,2025-05-15,20300000000,10000000,20300000000,100,100,100,100,100,0,20300000000,110731100,Yes,58000000000,null,null,null,3-Year,A_20250430_2.pdf,R_20250505_3.pdf,NCR_20250505_3.pdf,8037448000.0,81916000000,null,null,No,0-Month,3-Year,AN-2028,20473592400,47215000000,No,20473592400,null,18.7500,Yes,null,78473611500.0,168733163500,53103300,Yes,null,null,A_20250430_2.xml,R_20250505_3.xml,No,null,null,null,2025-05-05,3,0.10242230281449452,0.458865589485454,20.180747873508373,-0.06666666666666643,-0.036547514667673364,4.159999999999986,-0.3666666666666707
2025-05-15,91282CNC1,Note,10-Year,2025-05-06,2025-05-15,2035-05-15,99.2601,null,null,null,null,92.860000,2,null,2025-04-30,Single-Price,null,null,null,null,4.281000,No,null,2.6,No,null,null,No,01:00 PM,12:00 PM,41852615000,3,109230765000,Yes,912821SB2,null,null,2025-05-15,8321500000,13760000000,94183000000,Yes,0,0,Normal,2025-11-15,No,null,null,null,null,99.2601,null,4.342,null,29794965000.0,36794765000,Semi-Annual,4.250000,null,null,null,null,4.200000,2025-05-15,14700000000,10000000,14700000000,100,100,100,100,100,0,14700000000,147392100,Yes,42000000000,null,null,null,10-Year,A_20250430_3.pdf,R_20250506_2.pdf,NCR_20250506_2.pdf,3736150000.0,58676000000,null,null,No,0-Month,10-Year,C-2035,14825704800,47215000000,No,14825704800,null,21.2500,Yes,null,56825711900.0,124203861900,76435100,Yes,null,null,A_20250430_3.xml,R_20250506_2.xml,No,null,null,null,2025-05-06,10,0.0657475265171293,0.5243218959127549,42.0,0.008333333333333304,-0.048507358274599705,-6.950000000000056,-11.610000000000046
2025-05-15,912810UK2,Bond,30-Year,2025-05-08,2025-05-15,2055-05-15,98.911312,null,null,null,null,24.050000,2,null,2025-04-30,Single-Price,null,null,null,null,4.749000,No,null,2.31,No,null,null,No,01:00 PM,12:00 PM,24916150000,3,57775443000,Yes,912803HL0,null,null,2025-05-15,6778900000,9023900000,94183000000,Yes,0,0,Normal,2025-11-15,No,null,null,null,null,98.911312,null,4.819,null,14669592500.0,17137543000,Semi-Annual,4.750000,null,null,null,null,4.677000,2025-05-15,8750000000,10000000,8750000000,100,100,100,100,100,0,8750000000,83873000,Yes,25000000000,null,null,null,30-Year,A_20250430_1.pdf,R_20250508_4.pdf,NCR_20250508_3.pdf,3467657500.0,31614000000,null,null,No,0-Month,30-Year,Bonds of May 2055,8824824300,47215000000,No,8824824300,null,23.7500,Yes,null,33824847300.0,66684140300,43910000,Yes,null,null,A_20250430_1.xml,R_20250508_4.xml,No,912834YT9,null,SPL_20250506_1.pdf,2025-05-08,30,0.10251805334831475,0.4336927930492091,51.28655555115584,-0.13666666666666671,-0.018630869925615134,-13.22000000000001,-6.6816666666666675
2025-06-02,912810UL0,Bond,20-Year,2025-05-21,2025-06-02,2045-05-15,99.407798,null,2.4456500000,null,null,41.020000,2,null,2025-05-15,Single-Price,null,null,null,null,4.974000,Yes,2025-05-15,2.46,No,null,null,No,01:00 PM,12:00 PM,15784555100,3,39172912000,Yes,912803HM8,null,null,2025-05-15,2221300000,3626300000,104542000000,Yes,0,0,Normal,2025-11-15,No,null,null,null,null,99.407798,null,5.047,null,10894000100.0,13192612000,Semi-Annual,5.000000,null,null,null,null,4.900000,2025-05-31,5600000000,10000000,5600000000,100,100,100,100,100,0,5600000000,215459800,Yes,16000000000,null,null,null,20-Year,A_20250515_4.pdf,R_20250521_2.pdf,NCR_20250521_2.pdf,2669255000.0,22354000000,null,null,No,0-Month,20-Year,Bonds of May 2045,2190424200,29152000000,No,2190424200,null,25.0000,Yes,null,18190439100.0,41578796000,56836800,Yes,null,null,A_20250515_4.xml,R_20250521_2.xml,No,null,null,null,2025-05-21,20,0.14673944841716327,0.5988860433830869,26.25306354680867,-0.1116666666666668,-0.000747033686461146,-4.720000000000013,-2.414999999999997
2025-06-02,91282CNE7,Note,2-Year,2025-05-27,2025-06-02,2027-05-31,99.847598,null,0.2117500000,null,null,90.400000,2,null,2025-05-22,Single-Price,null,null,null,null,3.900000,Yes,2025-05-31,2.57,No,null,null,No,01:00 PM,12:00 PM,68692183000,3,176843805000,Yes,912821SC0,null,null,2025-05-31,17986500000,25100050000,104542000000,Yes,5000000,5000000,Normal,2025-11-30,No,null,null,null,null,99.847598,null,3.955,null,43508755000.0,58591755000,Semi-Annual,3.875000,null,null,null,null,3.850000,2025-05-31,24150000000,10000000,24150000000,100,100,100,100,100,0,24150000000,302821900,Yes,69000000000,null,null,null,2-Year,A_20250522_6.pdf,R_20250527_3.pdf,NCR_20250527_3.pdf,7196928000.0,93152000000,null,null,No,0-Month,2-Year,BC-2027,9446204800,29152000000,No,9446204800,null,19.3750,Yes,null,78446209700.0,186597831700,137275200,Yes,null,null,A_20250522_6.xml,R_20250527_3.xml,No,null,null,SPL_20250522_1.pdf,2025-05-27,2,0.09174347654938388,0.5546317045321821,16.358793525501994,-0.08000000000000007,-0.010995470630552326,-2.859999999999996,-3.4699999999999807
2025-06-02,91282CNG2,Note,5-Year,2025-05-28,2025-06-02,2030-05-31,99.681589,null,0.2185800000,null,null,23.120000,2,null,2025-05-22,Single-Price,null,null,null,null,4.010000,Yes,2025-05-31,2.39,No,null,null,No,01:00 PM,12:00 PM,69880539000,3,167252785000,Yes,912821SD8,null,null,2025-05-31,8660750000,14995000000,104542000000,Yes,5000000,5000000,Normal,2025-11-30,No,null,null,null,null,99.681589,null,4.071,null,54765969000.0,62178785000,Semi-Annual,4.000000,null,null,null,null,3.940000,2025-05-31,24500000000,10000000,24500000000,100,100,100,100,100,0,24500000000,114467200,Yes,70000000000,null,null,null,5-Year,A_20250522_7.pdf,R_20250528_3.pdf,NCR_20250528_3.pdf,6453820000.0,90079000000,null,null,No,0-Month,5-Year,Z-2030,9583106300,29152000000,No,9583106300,null,20.0000,Yes,null,79583112500.0,176955358500,42761200,Yes,null,null,A_20250522_7.xml,R_20250528_3.xml,No,null,null,SPL_20250522_2.pdf,2025-05-28,5,0.08109534544781721,0.6881606823306892,38.87787063791461,-0.0033333333333329662,-0.03622207755506085,6.959999999999944,2.721666666666615
2025-06-02,91282CNF4,Note,7-Year,2025-05-29,2025-06-02,2032-05-31,99.58499,null,0.2254100000,null,null,55.870000,2,null,2025-05-22,Single-Price,null,null,null,null,4.144000,Yes,2025-05-31,2.69,No,null,null,No,01:00 PM,12:00 PM,43834565500,3,118405868000,Yes,912821SE6,null,null,2025-05-31,10360571300,17404900000,104542000000,Yes,83000000,83000000,Normal,2025-11-30,No,null,null,null,null,99.58499,null,4.194,null,31350156700.0,39218968000,Semi-Annual,4.125000,null,null,null,null,4.000000,2025-05-31,15400000000,10000000,15400000000,100,100,100,100,100,0,15400000000,82476800,Yes,44000000000,null,null,null,7-Year,A_20250522_1.pdf,R_20250529_3.pdf,NCR_20250529_3.pdf,2123837500.0,61782000000,null,null,No,0-Month,7-Year,L-2032,6023666700,29152000000,No,6023666700,null,20.6250,Yes,null,50023709000.0,124595011500,31760800,Yes,null,null,A_20250522_1.xml,R_20250529_3.xml,No,912834YU6,null,null,2025-05-29,7,0.042456617920914264,0.6267059625666701,32.78819576704501,0.10000000000000009,-0.06180643552059867,-4.089999999999971,-2.296666666666643
2025-06-16,91282CNH0,Note,3-Year,2025-06-10,2025-06-16,2028-06-15,99.728229,null,0.1058700000,null,null,63.050000,2,null,2025-06-05,Single-Price,null,null,null,null,3.919000,Yes,2025-06-15,2.52,No,null,null,No,01:00 PM,12:00 PM,57852154000,3,145779130000,Yes,912821SF3,null,null,2025-06-15,10430000000,15358000000,43999000000,Yes,5000000,5000000,Normal,2025-12-15,No,null,null,null,null,99.728229,null,3.972,null,38635435000.0,48573130000,Semi-Annual,3.875000,null,null,null,null,3.870000,2025-06-15,20300000000,10000000,20300000000,100,100,100,100,100,0,20300000000,142849200,Yes,58000000000,null,null,null,3-Year,A_20250605_7.pdf,R_20250610_3.pdf,NCR_20250610_3.pdf,8786719000.0,81848000000,null,null,No,0-Month,3-Year,AP-2028,1043064200,2587000000,No,1043064200,null,19.3750,Yes,null,59043067400.0,146970043400,54097200,Yes,null,null,A_20250605_7.xml,R_20250610_3.xml,No,912834YV4,null,null,2025-06-10,3,0.14881880950514437,0.6543602272262704,20.180747873508373,-0.10000000000000009,0.019160816515994578,1.1600000000000055,-3.9833333333333165
2025-06-16,91282CNC1,Note,9-Year 11-Month,2025-06-11,2025-06-16,2035-05-15,98.632744,null,3.6956500000,null,null,30.580000,2,null,2025-06-05,Single-Price,null,null,null,null,4.378000,Yes,2025-05-15,2.52,No,null,null,No,01:00 PM,12:00 PM,38875284000,3,98123554000,Yes,912821SB2,null,56825000000.000000,2025-05-15,7962750000,12106000000,43999000000,Yes,0,0,Normal,2025-11-15,No,null,null,null,null,98.632744,null,4.421,null,27429054000.0,33340554000,Semi-Annual,4.250000,null,null,null,null,4.320000,2025-06-15,13650000000,10000000,13650000000,100,100,100,100,100,14700000000,13650000000,124721100,Yes,39000000000,null,2025-05-15,2025-05-15,10-Year,A_20250605_1.pdf,R_20250611_2.pdf,NCR_20250611_2.pdf,3483480000.0,52677000000,null,null,Yes,11-Month,9-Year,C-2035,701370600,2587000000,No,701370600,null,21.2500,Yes,null,39701375700.0,98949645700,66264100,Yes,null,null,A_20250605_1.xml,R_20250611_2.xml,No,null,null,null,2025-06-11,10,0.08774204768929456,0.6908842204175811,39.0,-0.07500000000000018,-0.017813869114591,-10.159999999999947,-13.443333333333252
2025-06-16,912810UK2,Bond,29-Year 11-Month,2025-06-12,2025-06-16,2055-05-15,98.514927,null,4.1304300000,null,null,3.080000,2,null,2025-06-05,Single-Price,null,null,null,null,4.800000,Yes,2025-05-15,2.43,No,null,null,No,01:00 PM,12:00 PM,21965397000,3,53415277000,Yes,912803HL0,null,33805000000.000000,2025-05-15,5145200000,7780700000,43999000000,Yes,0,0,Normal,2025-11-15,No,null,null,null,null,98.514927,null,4.844,null,14313193000.0,17290577000,Semi-Annual,4.750000,null,null,null,null,4.700000,2025-06-15,7700000000,10000000,7700000000,100,100,100,100,100,8800000000,7700000000,34615700,Yes,22000000000,null,2025-05-15,2025-05-15,30-Year,A_20250605_4.pdf,R_20250612_3.pdf,NCR_20250612_3.pdf,2507004000.0,28344000000,null,null,Yes,11-Month,29-Year,Bonds of May 2055,395645000,2587000000,No,395645000,null,23.7500,Yes,null,22395657700.0,53845537700,10757700,Yes,null,null,A_20250605_4.xml,R_20250612_3.xml,No,null,null,null,2025-06-12,30,0.11194152159237547,0.6391057227133812,45.132168885017144,0.03833333333333355,-0.012671115282781698,-24.02999999999995,-14.604999999999949
2025-06-30,912810UL0,Bond,19-Year 11-Month,2025-06-16,2025-06-30,2045-05-15,100.717496,null,6.2500000000,null,null,17.960000,2,null,2025-06-12,Single-Price,null,null,null,null,4.880000,Yes,2025-05-15,2.68,No,null,null,No,01:00 PM,12:00 PM,12912616400,3,34725112000,Yes,912803HM8,null,18189000000.000000,2025-05-15,2567500000,4109000000,102812000000,Yes,0,0,Normal,2025-11-15,No,null,null,null,null,100.717496,null,4.942,null,8618112000.0,11807112000,Semi-Annual,5.000000,null,null,null,null,3.880000,2025-06-30,4550000000,10000000,4550000000,100,100,100,100,100,5600000000,4550000000,87386300,Yes,13000000000,null,2025-05-15,2025-06-02,20-Year,A_20250612_1.pdf,R_20250616_3.pdf,NCR_20250616_3.pdf,1727004400.0,18809000000,null,null,Yes,11-Month,19-Year,Bonds of May 2045,1293674900,26346000000,No,1293674900,null,25.0000,Yes,null,14293677600.0,36106173200,41575300,Yes,null,null,A_20250612_1.xml,R_20250616_3.xml,No,null,null,null,2025-06-16,20,0.12082295741720102,0.6029317465506567,21.330614131782042,0.08833333333333337,-0.01606156821858183,-8.179999999999943,-4.793333333333264
2025-06-30,91282CNL1,Note,2-Year,2025-06-24,2025-06-30,2027-06-30,99.931283,null,null,null,null,4.180000,2,null,2025-06-18,Single-Price,null,null,null,null,3.730000,No,null,2.58,No,null,null,No,01:00 PM,12:00 PM,68694945000,3,177442495000,Yes,912821SG1,null,null,2025-06-30,18085000000,23976000000,102812000000,Yes,5000000,5000000,Normal,2025-12-31,No,null,null,null,null,99.931283,null,3.786,null,41561495000.0,54133495000,Semi-Annual,3.750000,null,null,null,null,3.600000,2025-06-30,24150000000,10000000,24150000000,100,100,100,100,100,0,24150000000,300073700,Yes,69000000000,null,null,null,2-Year,A_20250618_5.pdf,R_20250624_2.pdf,NCR_20250624_2.pdf,9048450000.0,99333000000,null,null,No,0-Month,2-Year,BD-2027,6866428500,26346000000,No,6866428500,null,18.7500,Yes,null,75866447200.0,184613997200,125905700,Yes,null,null,A_20250618_5.xml,R_20250624_2.xml,No,null,null,null,2025-06-24,2,0.11926813939430131,0.5478244538120404,16.358793525501994,-0.036666666666666625,0.015448387860873325,-2.749999999999986,-3.714999999999972
2025-06-30,91282CNK3,Note,5-Year,2025-06-25,2025-06-30,2030-06-30,99.981978,null,null,null,null,6.320000,2,null,2025-06-18,Single-Price,null,null,null,null,3.819000,No,null,2.36,No,null,null,No,01:00 PM,12:00 PM,69900930400,3,164874972000,Yes,912821SH9,null,null,2025-06-30,17080558400,22593800000,102812000000,Yes,5000000,5000000,Normal,2025-12-31,No,null,null,null,null,99.981978,null,3.879,null,45211732000.0,53622172000,Semi-Annual,3.875000,null,null,null,null,3.700000,2025-06-30,24500000000,10000000,24500000000,100,100,100,100,100,0,24500000000,94148600,Yes,70000000000,null,null,null,5-Year,A_20250618_4.pdf,R_20250625_3.pdf,NCR_20250625_3.pdf,7608640000.0,88659000000,null,null,No,0-Month,5-Year,AA-2030,6965941900,26346000000,No,6965941900,null,19.3750,Yes,null,76966020900.0,171940062500,43738600,Yes,null,null,A_20250618_4.xml,R_20250625_3.xml,No,null,null,SPL_20250618_1.pdf,2025-06-25,5,0.09885713086149683,0.5874245734847389,38.87787063791461,-0.03333333333333366,-0.008797616636594063,4.05000000000002,0.1633333333333673
2025-06-30,91282CNJ6,Note,7-Year,2025-06-26,2025-06-30,2032-06-30,99.866934,null,null,null,null,2.430000,2,null,2025-06-18,Single-Price,null,null,null,null,3.960000,No,null,2.53,No,null,null,No,01:00 PM,12:00 PM,43935954500,3,111281455000,Yes,912821SJ5,null,null,2025-06-30,5104800000,10147100000,102812000000,Yes,0,0,Normal,2025-12-31,No,null,null,null,null,99.866934,null,4.022,null,33716042000.0,39455355000,Semi-Annual,4.000000,null,null,null,null,3.900000,2025-06-30,15400000000,10000000,15400000000,100,100,100,100,100,0,15400000000,64045700,Yes,44000000000,null,null,null,7-Year,A_20250618_2.pdf,R_20250626_3.pdf,NCR_20250626_3.pdf,5115112500.0,61679000000,null,null,No,0-Month,7-Year,M-2032,4378592000,26346000000,No,4378592000,null,20.0000,Yes,null,48378592200.0,115724092700,19332700,Yes,null,null,A_20250618_2.xml,R_20250626_3.xml,No,912834YW2,null,"SPL_20250624_2.pdf, SPL_20250624_1.pdf",2025-06-26,7,0.10573090839133595,0.6969206929506312,32.78819576704501,-0.04833333333333334,0.009655928332747157,-1.1699999999999378,1.8316666666667203
2025-07-15,91282CNM9,Note,3-Year,2025-07-08,2025-07-15,2028-07-15,99.955106,null,null,null,null,19.350000,2,null,2025-07-03,Single-Price,null,null,null,null,3.836000,No,null,2.51,No,null,null,No,01:00 PM,12:00 PM,57844579000,3,145380070000,Yes,912821SK2,null,null,2025-07-15,16992784000,22376000000,87567000000,Yes,5000000,5000000,Normal,2026-01-15,No,null,null,null,null,99.955106,null,3.891,null,31302095000.0,41729070000,Semi-Annual,3.875000,null,null,null,null,3.700000,2025-07-15,20300000000,10000000,20300000000,100,100,100,100,100,0,20300000000,150439300,Yes,58000000000,null,null,null,3-Year,A_20250703_1.pdf,R_20250708_3.pdf,NCR_20250708_3.pdf,9549700000.0,81275000000,null,null,No,0-Month,3-Year,AQ-2028,6862758600,16359000000,No,6862758600,null,19.3750,Yes,null,64862776900.0,152398267900,55511300,Yes,null,null,A_20250703_1.xml,R_20250708_3.xml,No,912834YX0,null,null,2025-07-08,3,0.14722928089746956,0.4825894988778996,20.180747873508373,-0.10000000000000009,0.017584062044917664,6.570000000000009,2.13500000000002
2025-07-15,91282CNC1,Note,9-Year 10-Month,2025-07-09,2025-07-15,2035-05-15,99.101876,null,7.0448400000,null,null,94.680000,2,null,2025-07-03,Single-Price,null,null,null,null,4.310000,Yes,2025-05-15,2.61,No,null,null,No,01:00 PM,12:00 PM,38897801100,3,101724256000,Yes,912821SB2,null,96526000000.000000,2025-05-15,9220455100,13968000000,87567000000,Yes,0,0,Normal,2025-11-15,No,null,null,null,null,99.101876,null,4.362,null,25447656000.0,31292256000,Semi-Annual,4.250000,null,null,null,null,4.200000,2025-07-15,13650000000,10000000,13650000000,100,100,100,100,100,28400000000,13650000000,102230900,Yes,39000000000,null,2025-05-15,2025-05-15,10-Year,A_20250703_5.pdf,R_20250709_2.pdf,NCR_20250709_2.pdf,4229690000.0,56464000000,null,null,Yes,10-Month,9-Year,C-2035,4614613500,16359000000,No,4614613500,null,21.2500,Yes,null,43614645500.0,106441100400,42501900,Yes,null,null,A_20250703_5.xml,R_20250709_2.xml,No,null,null,null,2025-07-09,10,0.09697866282095541,0.5834658452055973,39.0,0.04499999999999993,-0.005838503889725996,-11.610000000000031,-12.815000000000005
2025-07-15,912810UK2,Bond,29-Year 10-Month,2025-07-10,2025-07-15,2055-05-15,97.817084,null,7.8736400000,null,null,60.850000,2,null,2025-07-03,Single-Price,null,null,null,null,4.838000,Yes,2025-05-15,2.38,No,null,null,No,01:00 PM,12:00 PM,21973765000,3,52404715000,Yes,912803HL0,null,56200000000.000000,2025-05-15,6019900000,8108900000,87567000000,Yes,0,0,Normal,2025-11-15,No,null,null,null,null,97.817084,null,4.889,null,13137015000.0,15326815000,Semi-Annual,4.750000,null,null,null,null,3.880000,2025-07-15,7700000000,10000000,7700000000,100,100,100,100,100,16500000000,7700000000,26237100,Yes,22000000000,null,2025-05-15,2025-05-15,30-Year,A_20250703_4.pdf,R_20250710_3.pdf,NCR_20250710_3.pdf,2816850000.0,28969000000,null,null,Yes,10-Month,29-Year,Bonds of May 2055,2603115300,16359000000,No,2603115300,null,23.7500,Yes,null,24603117400.0,55034067400,9613100,Yes,null,null,A_20250703_4.xml,R_20250710_3.xml,No,null,null,null,2025-07-10,30,0.11449158877728234,0.5339573350164154,45.132168885017144,-0.018333333333333535,-0.005018164267968861,-15.479999999999983,-1.7816666666666592
2025-07-31,912810UL0,Bond,19-Year 10-Month,2025-07-23,2025-07-31,2045-05-15,100.800466,null,10.4619600000,null,null,85.300000,2,null,2025-07-17,Single-Price,null,null,null,null,4.886000,Yes,2025-05-15,2.79,No,null,null,No,01:00 PM,12:00 PM,12877685000,3,36102677000,Yes,912803HM8,null,32481000000.000000,2025-05-15,2814500000,5018000000,169149000000,Yes,0,0,Normal,2025-11-15,No,null,null,null,null,100.800466,null,4.935,null,8683210000.0,12207677000,Semi-Annual,5.000000,null,null,null,null,3.880000,2025-07-31,4550000000,10000000,4550000000,100,100,100,100,100,10200000000,4550000000,122325900,Yes,13000000000,null,2025-05-15,2025-06-02,20-Year,A_20250717_5.pdf,R_20250723_2.pdf,NCR_20250723_2.pdf,1379975000.0,18877000000,null,null,Yes,10-Month,19-Year,Bonds of May 2045,885247700,19541000000,No,885247700,null,25.0000,Yes,null,13885258600.0,37110250600,48110900,Yes,null,null,A_20250717_5.xml,R_20250723_2.xml,No,null,null,null,2025-07-23,20,0.09938417711572185,0.6253545756792747,21.330614131782042,0.16833333333333345,-0.028264381947684145,-7.699999999999996,-3.3600000000000003
2025-07-31,91282CNP2,Note,2-Year,2025-07-28,2025-07-31,2027-07-31,99.914243,null,null,null,null,58.430000,2,null,2025-07-24,Single-Price,null,null,null,null,3.870000,No,null,2.62,No,null,null,No,11:30 AM,11:00 AM,68438880500,3,180334900000,Yes,912821SM8,null,null,2025-07-31,23524063000,31113000000,169149000000,Yes,205000000,205000000,Normal,2026-01-31,No,null,null,null,null,99.914243,null,3.92,null,37866200000.0,54499900000,Semi-Annual,3.875000,null,null,null,null,3.800000,2025-07-31,24150000000,10000000,24150000000,100,100,100,100,100,0,24150000000,356307900,Yes,69000000000,null,null,null,2-Year,A_20250724_3.pdf,R_20250728_2.pdf,NCR_20250728_2.pdf,7048617500.0,94722000000,null,null,No,0-Month,2-Year,BE-2027,4698622800,19541000000,No,4698622800,null,19.3750,Yes,null,73698811200.0,185594830700,159519900,Yes,null,null,A_20250724_3.xml,R_20250728_2.xml,No,null,null,SPL_20250724_1.pdf,2025-07-28,2,0.09564085750137581,0.5137966187438312,16.358793525501994,0.02833333333333332,-0.009633980797418437,4.469999999999974,5.103333333333311
2025-07-31,91282CNN7,Note,5-Year,2025-07-28,2025-07-31,2030-07-31,99.514725,null,null,null,null,67.800000,2,null,2025-07-24,Single-Price,null,null,null,null,3.920000,No,null,2.31,No,null,null,No,01:00 PM,12:00 PM,69878752400,3,161873520000,Yes,912821SN6,null,null,2025-07-31,20611000000,26298000000,169149000000,Yes,4000000,4000000,Normal,2026-01-31,No,null,null,null,null,99.514725,null,3.983,null,40723216400.0,48310520000,Semi-Annual,3.875000,null,null,null,null,3.800000,2025-07-31,24500000000,10000000,24500000000,100,100,100,100,100,0,24500000000,117282000,Yes,70000000000,null,null,null,5-Year,A_20250724_1.pdf,R_20250728_4.pdf,NCR_20250728_4.pdf,8544536000.0,87265000000,null,null,No,0-Month,5-Year,AB-2030,4766718600,19541000000,No,4766718600,null,19.3750,Yes,null,74766753000.0,166761520600,26721000,Yes,null,null,A_20250724_1.xml,R_20250728_4.xml,No,null,null,"SPL_20250724_2.pdf, SPL_20250724_1.pdf",2025-07-28,5,0.1142825608596377,0.5446701209560351,38.87787063791461,-0.07166666666666632,0.007733312923950061,5.480000000000018,2.008333333333367
2025-07-31,91282CNR8,Note,7-Year,2025-07-29,2025-07-31,2032-07-31,99.444911,null,null,null,null,75.530000,2,null,2025-07-24,Single-Price,null,null,null,null,4.057000,No,null,2.79,No,null,null,No,01:00 PM,12:00 PM,43916977700,3,122544544000,Yes,912821SP1,null,null,2025-07-31,14789730500,24016400000,169149000000,Yes,0,0,Normal,2026-01-31,No,null,null,null,null,99.444911,null,4.092,null,27343247200.0,38162144000,Semi-Annual,4.000000,null,null,null,null,3.880000,2025-07-31,15400000000,10000000,15400000000,100,100,100,100,100,0,15400000000,83485300,Yes,44000000000,null,null,null,7-Year,A_20250724_4.pdf,R_20250729_3.pdf,NCR_20250729_3.pdf,1784000000.0,60366000000,null,null,No,0-Month,7-Year,N-2032,2996223100,19541000000,No,2996223100,null,20.0000,Yes,null,46996686100.0,125624252400,23334300,Yes,null,null,A_20250724_4.xml,R_20250729_3.xml,No,912834YZ5,null,null,2025-07-29,7,0.037960123320269594,0.5818122397357715,32.78819576704501,0.22999999999999998,-0.060237137708077336,-6.410000000000071,-2.4516666666667555
2025-08-15,91282CNU1,Note,3-Year,2025-08-05,2025-08-15,2028-08-15,99.876077,null,null,null,null,72.300000,2,null,2025-07-30,Single-Price,null,null,null,null,3.610000,No,null,2.53,No,null,null,No,01:00 PM,12:00 PM,57846725000,3,146330040000,Yes,912821SQ9,null,null,2025-08-15,16275135000,21043000000,89798000000,Yes,0,0,Normal,2026-02-15,No,null,null,null,null,99.876077,null,3.669,null,31228990000.0,40953040000,Semi-Annual,3.625000,null,null,null,null,3.460000,2025-08-15,20300000000,10000000,20300000000,100,100,100,100,100,0,20300000000,153289100,Yes,58000000000,null,null,null,3-Year,A_20250730_3.pdf,R_20250805_3.pdf,NCR_20250805_3.pdf,10342600000.0,84334000000,null,null,No,0-Month,3-Year,AR-2028,19683688400,45614000000,No,19683688400,null,18.1250,Yes,null,77683702500.0,166167017500,56157600,Yes,null,null,A_20250730_3.xml,R_20250805_3.xml,No,null,null,null,2025-08-05,3,0.13313732053386615,0.40200182271178436,20.180747873508373,-0.06166666666666698,0.00528833232335299,6.020000000000003,1.2283333333333424
2025-08-15,91282CNT4,Note,10-Year,2025-08-06,2025-08-15,2035-08-15,99.95962,null,null,null,null,52.850000,2,null,2025-07-30,Single-Price,null,null,null,null,4.195000,No,null,2.35,No,null,null,No,01:00 PM,12:00 PM,41857544000,3,98587416000,Yes,912821SR7,null,null,2025-08-15,8210000000,12175000000,89798000000,Yes,0,0,Normal,2026-02-15,No,null,null,null,null,99.95962,null,4.255,null,26884766000.0,30844416000,Semi-Annual,4.250000,null,null,null,null,4.120000,2025-08-15,14700000000,10000000,14700000000,100,100,100,100,100,0,14700000000,142568100,Yes,42000000000,null,null,null,10-Year,A_20250730_1.pdf,R_20250806_2.pdf,NCR_20250806_2.pdf,6762778000.0,55568000000,null,null,No,0-Month,10-Year,E-2035,14253705400,45614000000,No,14253705400,null,21.2500,Yes,null,56253817500.0,112983689500,71952400,Yes,null,null,A_20250730_1.xml,R_20250806_2.xml,No,null,null,null,2025-08-06,10,0.12021900558126566,0.47791896078875,42.0,-0.22833333333333306,0.022545047421473854,-0.2500000000000391,1.1199999999999803
2025-08-15,912810UM8,Bond,30-Year,2025-08-07,2025-08-15,2055-08-15,99.005294,null,null,null,null,73.950000,2,null,2025-07-30,Single-Price,null,null,null,null,4.740000,No,null,2.27,No,null,null,No,01:00 PM,12:00 PM,24960862000,3,56618887000,Yes,912803HN6,null,null,2025-08-15,5747800000,7997800000,89798000000,Yes,0,0,Normal,2026-02-15,No,null,null,null,null,99.005294,null,4.813,null,14856087000.0,16414087000,Semi-Annual,4.750000,null,null,null,null,4.640000,2025-08-15,8750000000,10000000,8750000000,100,100,100,100,100,0,8750000000,39138900,Yes,25000000000,null,null,null,30-Year,A_20250730_2.pdf,R_20250807_3.pdf,NCR_20250807_3.pdf,4356975000.0,32207000000,null,null,No,0-Month,30-Year,Bonds of August 2055,8484348400,45614000000,No,8484348400,null,23.7500,Yes,null,33484349300.0,65142374300,12668900,Yes,null,null,A_20250730_2.xml,R_20250807_3.xml,No,912834ZA9,null,null,2025-08-07,30,0.13011974522676478,0.4436725607805077,51.28655555115584,-0.10500000000000043,0.008797732917633014,-18.67000000000001,-2.968333333333357
2025-09-02,912810UN6,Bond,20-Year,2025-08-20,2025-09-02,2045-08-15,99.982203,null,2.3845100000,null,null,44.440000,2,null,2025-08-14,Single-Price,null,null,null,null,4.820000,Yes,2025-08-15,2.54,No,null,null,No,01:00 PM,12:00 PM,15839720000,3,40468842000,Yes,912803HP1,null,null,2025-08-15,4193000000,5850000000,108662000000,Yes,0,0,Normal,2026-02-15,No,null,null,null,null,99.982203,null,4.876,null,9605842000.0,12441842000,Semi-Annual,4.875000,null,null,null,null,2.888000,2025-08-31,5600000000,10000000,5600000000,100,100,100,100,100,0,5600000000,160287800,Yes,16000000000,null,null,null,20-Year,A_20250814_5.pdf,R_20250820_2.pdf,NCR_20250820_2.pdf,2040878000.0,22177000000,null,null,No,0-Month,20-Year,Bonds of August 2045,1931037500,25825000000,No,1931037500,null,24.3750,Yes,null,17931045300.0,42560167300,76920800,Yes,null,null,A_20250814_5.xml,R_20250820_2.xml,No,null,null,null,2025-08-20,20,0.11381812749087193,0.5357100960533516,26.25306354680867,-0.08833333333333337,-0.014109805714209875,-12.85999999999996,-7.068333333333292
2025-09-02,91282CNV9,Note,2-Year,2025-08-26,2025-09-02,2027-08-31,99.969131,null,0.2002800000,null,null,57.400000,2,null,2025-08-21,Single-Price,null,null,null,null,3.600000,Yes,2025-08-31,2.69,No,null,null,No,01:00 PM,12:00 PM,68364904200,3,185064243000,Yes,912821SS5,null,null,2025-08-31,22673100000,32884000000,108662000000,Yes,305000000,305000000,Normal,2026-02-28,No,null,null,null,null,99.969131,null,3.641,null,39032454200.0,55364243000,Semi-Annual,3.625000,null,null,null,null,3.500000,2025-08-31,24150000000,10000000,24150000000,100,100,100,100,100,0,24150000000,330121100,Yes,69000000000,null,null,null,2-Year,A_20250821_6.pdf,R_20250826_2.pdf,NCR_20250826_2.pdf,6659350000.0,96816000000,null,null,No,0-Month,2-Year,BG-2027,8327599600,25825000000,No,8327599600,null,18.1250,Yes,null,77327624900.0,194026963700,152426100,Yes,null,null,A_20250821_6.xml,R_20250826_2.xml,No,null,null,SPL_20250821_1.pdf,2025-08-26,2,0.08611864141193867,0.5047672710816701,16.358793525501994,0.10499999999999954,-0.013737704203435105,-5.120000000000013,-5.938333333333334
2025-09-02,91282CNX5,Note,5-Year,2025-08-27,2025-09-02,2030-08-31,99.552219,null,0.2002800000,null,null,84.430000,2,null,2025-08-21,Single-Price,null,null,null,null,3.667000,Yes,2025-08-31,2.36,No,null,null,No,01:00 PM,12:00 PM,69883850000,3,165269954000,Yes,912821ST3,null,null,2025-08-31,21480101000,26963000000,108662000000,Yes,9200000,9200000,Normal,2026-02-28,No,null,null,null,null,99.552219,null,3.724,null,42264749000.0,50435954000,Semi-Annual,3.625000,null,null,null,null,3.600000,2025-08-31,24500000000,10000000,24500000000,100,100,100,100,100,0,24500000000,107007500,Yes,70000000000,null,null,null,5-Year,A_20250821_1.pdf,R_20250827_3.pdf,NCR_20250827_3.pdf,6139000000.0,87871000000,null,null,No,0-Month,5-Year,AC-2030,8448289400,25825000000,No,8448289400,null,18.1250,Yes,null,78448346900.0,173834450900,32271500,Yes,null,null,A_20250821_1.xml,R_20250827_3.xml,No,null,null,SPL_20250821_2.pdf,2025-08-27,5,0.0782553137521882,0.5387589499352471,38.87787063791461,-0.006666666666666821,-0.026837167508439785,-0.25999999999997137,-3.473333333333299
2025-09-02,91282CNW7,Note,7-Year,2025-08-28,2025-09-02,2032-08-31,99.696342,null,0.2140900000,null,null,19.000000,2,null,2025-08-21,Single-Price,null,null,null,null,3.870000,Yes,2025-08-31,2.49,No,null,null,No,01:00 PM,12:00 PM,43904285000,3,109408835000,Yes,912821SU0,null,null,2025-08-31,5604550000,10164300000,108662000000,Yes,0,0,Normal,2026-02-28,No,null,null,null,null,99.696342,null,3.925,null,34002535000.0,39123535000,Semi-Annual,3.875000,null,null,null,null,2.880000,2025-08-31,15400000000,10000000,15400000000,100,100,100,100,100,0,15400000000,95734600,Yes,44000000000,null,null,null,7-Year,A_20250821_3.pdf,R_20250828_3.pdf,NCR_20250828_3.pdf,4297200000.0,60121000000,null,null,No,0-Month,7-Year,P-2032,5310353300,25825000000,No,5310353300,null,19.3750,Yes,null,49310372900.0,114814922900,25387600,Yes,null,null,A_20250821_3.xml,R_20250828_3.xml,No,912834ZB7,null,null,2025-08-28,7,0.08714596437375553,0.689561506033551,32.78819576704501,-0.13166666666666638,-0.0013936090954867614,-1.0900000000000354,1.1016666666666306
2025-09-15,91282CNY3,Note,3-Year,2025-09-09,2025-09-15,2028-09-15,99.689226,null,null,null,null,24.560000,2,null,2025-09-04,Single-Price,null,null,null,null,3.445000,No,null,2.73,No,null,null,No,01:00 PM,12:00 PM,57778780200,3,157913245000,Yes,912821SV8,null,null,2025-09-15,10047772800,17365000000,41000000000,Yes,8000000,8000000,Normal,2026-03-15,No,null,null,null,null,99.689226,null,3.485,null,42895327400.0,55264245000,Semi-Annual,3.375000,null,null,null,null,2.880000,2025-09-15,20300000000,10000000,20300000000,100,100,100,100,100,0,20300000000,213366000,Yes,58000000000,null,null,null,3-Year,A_20250904_1.pdf,R_20250909_2.pdf,NCR_20250909_2.pdf,4835680000.0,85284000000,null,null,No,0-Month,3-Year,AS-2028,0,0,No,0,null,16.8750,Yes,null,58000146200.0,158134611000,87783400,Yes,null,null,A_20250904_1.xml,R_20250909_2.xml,No,912834ZC5,null,null,2025-09-09,3,0.08337358294452023,0.7395727461114572,20.180747873508373,0.18166666666666664,-0.05346400246418652,4.699999999999971,-0.4333333333333593
2025-09-15,91282CNT4,Note,9-Year 11-Month,2025-09-10,2025-09-15,2035-08-15,101.753345,null,3.5801600000,null,null,81.530000,2,null,2025-09-04,Single-Price,null,null,null,null,3.986000,Yes,2025-08-15,2.65,No,null,null,No,01:00 PM,12:00 PM,38881412000,3,103227910000,Yes,912821SR7,null,56254000000.000000,2025-08-15,4920500000,10467000000,41000000000,Yes,0,0,Normal,2026-02-15,No,null,null,null,null,101.753345,null,4.033,null,32322912000.0,38952910000,Semi-Annual,4.250000,null,null,null,null,3.900000,2025-09-15,13650000000,10000000,13650000000,100,100,100,100,100,14700000000,13650000000,118612500,Yes,39000000000,null,2025-08-15,2025-08-15,10-Year,A_20250904_3.pdf,R_20250910_2.pdf,NCR_20250910_2.pdf,1638000000.0,53808000000,null,null,Yes,11-Month,9-Year,E-2035,0,0,No,0,null,21.2500,Yes,null,39000024500.0,103346522500,44224500,Yes,null,null,A_20250904_3.xml,R_20250910_2.xml,No,null,null,null,2025-09-10,10,0.04199997361540119,0.8287920947331713,39.0,0.09333333333333327,-0.05641559352951731,-9.519999999999929,-6.366666666666573
2025-09-15,912810UM8,Bond,29-Year 11-Month,2025-09-11,2025-09-15,2055-08-15,101.583058,null,4.0013600000,null,null,44.540000,2,null,2025-09-04,Single-Price,null,null,null,null,4.585000,Yes,2025-08-15,2.38,No,null,null,No,01:00 PM,12:00 PM,21956149000,3,52238198000,Yes,912803HN6,null,33484000000.000000,2025-08-15,6150500000,8410500000,41000000000,Yes,0,0,Normal,2026-02-15,No,null,null,null,null,101.583058,null,4.651,null,13619698000.0,15489698000,Semi-Annual,4.750000,null,null,null,null,2.880000,2025-09-15,7700000000,10000000,7700000000,100,100,100,100,100,8800000000,7700000000,43851200,Yes,22000000000,null,2025-08-15,2025-08-15,30-Year,A_20250904_4.pdf,R_20250911_3.pdf,NCR_20250911_3.pdf,2185951000.0,28338000000,null,null,Yes,11-Month,29-Year,Bonds of August 2055,0,0,No,0,null,23.7500,Yes,null,22000000200.0,52282049200,15414200,Yes,null,null,A_20250904_4.xml,R_20250911_3.xml,No,null,null,null,2025-09-11,30,0.09936140818762357,0.6190771761902075,45.132168885017144,0.01499999999999968,-0.02231549313828113,-20.88000000000001,-4.451666666666686
2025-09-30,912810UN6,Bond,19-Year 11-Month,2025-09-16,2025-09-30,2045-08-15,103.374975,null,6.0937500000,null,null,14.960000,2,null,2025-09-11,Single-Price,null,null,null,null,4.564000,Yes,2025-08-15,2.74,No,null,null,No,01:00 PM,12:00 PM,12891939200,3,35576344000,Yes,912803HP1,null,17929000000.000000,2025-08-15,3592431200,5281000000,121651000000,Yes,0,0,Normal,2026-02-15,No,null,null,null,null,103.374975,null,4.613,null,8323068000.0,11112344000,Semi-Annual,4.875000,null,null,null,null,2.880000,2025-09-30,4550000000,10000000,4550000000,100,100,100,100,100,5600000000,4550000000,108094900,Yes,13000000000,null,2025-08-15,2025-09-02,20-Year,A_20250911_5.pdf,R_20250916_2.pdf,NCR_20250916_2.pdf,976440000.0,19183000000,null,null,Yes,11-Month,19-Year,Bonds of August 2045,717838900,16872000000,No,717838900,null,24.3750,Yes,null,13717873000.0,36402277800,54474900,Yes,null,null,A_20250911_5.xml,R_20250916_2.xml,No,null,null,null,2025-09-16,20,0.07118013120547187,0.6067316704273323,21.330614131782042,0.09333333333333327,-0.04938675921053422,-12.569999999999926,-4.889999999999929
2025-09-30,91282CPB1,Note,2-Year,2025-09-23,2025-09-30,2027-09-30,99.864119,null,null,null,null,85.190000,2,null,2025-09-18,Single-Price,null,null,null,null,3.520000,No,null,2.51,No,null,null,No,01:00 PM,12:00 PM,68681817300,3,173060255000,Yes,912821SW6,null,null,2025-09-30,21131182300,28009000000,121651000000,Yes,5000000,5000000,Normal,2026-03-31,No,null,null,null,null,99.864119,null,3.571,null,39661255000.0,52834255000,Semi-Annual,3.500000,null,null,null,null,3.400000,2025-09-30,24150000000,10000000,24150000000,100,100,100,100,100,0,24150000000,313227000,Yes,69000000000,null,null,null,2-Year,A_20250918_4.pdf,R_20250923_2.pdf,NCR_20250923_2.pdf,7889380000.0,92217000000,null,null,No,0-Month,2-Year,BH-2027,3810068500,16872000000,No,3810068500,null,17.5000,Yes,null,72810112800.0,177188550500,129647000,Yes,null,null,A_20250918_4.xml,R_20250923_2.xml,No,null,null,null,2025-09-23,2,0.10835555249956981,0.54472179034998,16.358793525501994,-0.09666666666666712,0.004461075995970468,-0.749999999999984,-0.40833333333330685
2025-09-30,91282CPA3,Note,5-Year,2025-09-24,2025-09-30,2030-09-30,99.615328,null,null,null,null,41.920000,2,null,2025-09-18,Single-Price,null,null,null,null,3.654000,No,null,2.34,No,null,null,No,01:00 PM,12:00 PM,69898797200,3,164000354000,Yes,912821SX4,null,null,2025-09-30,20016676800,26120000000,121651000000,Yes,5000000,5000000,Normal,2026-03-31,No,null,null,null,null,99.615328,null,3.71,null,41534274000.0,48035354000,Semi-Annual,3.625000,null,null,null,null,3.600000,2025-09-30,24500000000,10000000,24500000000,100,100,100,100,100,0,24500000000,96206000,Yes,70000000000,null,null,null,5-Year,A_20250918_5.pdf,R_20250924_3.pdf,NCR_20250924_3.pdf,8347846400.0,89845000000,null,null,No,0-Month,5-Year,AD-2030,3865286900,16872000000,No,3865286900,null,18.1250,Yes,null,73865290100.0,167966846900,33088000,Yes,null,null,A_20250918_5.xml,R_20250924_3.xml,No,null,null,null,2025-09-24,5,0.11301446712926401,0.5622975817704127,38.87787063791461,-0.020000000000000018,0.012335933352650902,5.35000000000001,1.1183333333333474
2025-09-30,91282CNZ0,Note,7-Year,2025-09-25,2025-09-30,2032-09-30,99.527074,null,null,null,null,64.630000,2,null,2025-09-18,Single-Price,null,null,null,null,3.895000,No,null,2.4,No,null,null,No,01:00 PM,12:00 PM,43943699400,3,105335796000,Yes,912821SY2,null,null,2025-09-30,13877103400,17828200000,121651000000,Yes,0,0,Normal,2026-03-31,No,null,null,null,null,99.527074,null,3.953,null,24791596000.0,29209596000,Semi-Annual,3.875000,null,null,null,null,3.800000,2025-09-30,15400000000,10000000,15400000000,100,100,100,100,100,0,15400000000,56306300,Yes,44000000000,null,null,null,7-Year,A_20250918_1.pdf,R_20250925_3.pdf,NCR_20250925_3.pdf,5275000000.0,58298000000,null,null,No,0-Month,7-Year,Q-2032,2429608900,16872000000,No,2429608900,null,19.3750,Yes,null,46429614600.0,107821711200,16707300,Yes,null,null,A_20250918_1.xml,R_20250925_3.xml,No,912834ZD3,null,null,2025-09-25,7,0.11361283192731908,0.5339608397266343,32.78819576704501,-0.19666666666666677,0.0238192102519324,5.830000000000002,8.373333333333344
2025-10-15,91282CPC9,Note,3-Year,2025-10-07,2025-10-15,2028-10-15,99.785614,null,null,null,null,60.650000,2,null,2025-10-02,Single-Price,null,null,null,null,3.534000,No,null,2.66,No,null,null,No,01:00 PM,12:00 PM,57841524400,3,154281860000,Yes,912821SZ9,null,null,2025-10-15,15372614400,22778000000,79509000000,Yes,5000000,5000000,Normal,2026-04-15,No,null,null,null,null,99.785614,null,3.576,null,36265910000.0,48526860000,Semi-Annual,3.500000,null,null,null,null,3.418000,2025-10-15,20300000000,10000000,20300000000,100,100,100,100,100,0,20300000000,153610300,Yes,58000000000,null,null,null,3-Year,A_20251002_1.pdf,R_20251007_2.pdf,NCR_20251007_2.pdf,6203000000.0,82977000000,null,null,No,0-Month,3-Year,AT-2028,1076671700,2871000000,No,1076671700,null,17.5000,Yes,null,59076806400.0,155517142000,51584400,Yes,null,null,A_20251002_1.xml,R_20251007_2.xml,No,912834ZE1,null,null,2025-10-07,3,0.10499890528950462,0.6138772931368206,20.180747873508373,0.10666666666666691,-0.026997845130566855,-1.3700000000000045,-6.696666666666662
2025-10-15,91282CNT4,Note,9-Year 10-Month,2025-10-08,2025-10-15,2035-08-15,101.057226,null,7.0448400000,null,null,78.380000,2,null,2025-10-02,Single-Price,null,null,null,null,4.060000,Yes,2025-08-15,2.48,No,null,null,No,01:00 PM,12:00 PM,38921677000,3,96557481000,Yes,912821SR7,null,95252000000.000000,2025-08-15,9381000000,13340000000,79509000000,Yes,0,0,Normal,2026-02-15,No,null,null,null,null,101.057226,null,4.117,null,26001456000.0,30898481000,Semi-Annual,4.250000,null,null,null,null,4.010000,2025-10-15,13650000000,10000000,13650000000,100,100,100,100,100,28400000000,13650000000,78344500,Yes,39000000000,null,2025-08-15,2025-08-15,10-Year,A_20251002_2.pdf,R_20251008_2.pdf,NCR_20251008_2.pdf,3539221000.0,52319000000,null,null,Yes,10-Month,9-Year,E-2035,723968800,2871000000,No,723968800,null,21.2500,Yes,null,39723990300.0,97359794300,31312500,Yes,null,null,A_20251002_2.xml,R_20251008_2.xml,No,null,null,null,2025-10-08,10,0.08909530420462317,0.6545529742514311,39.0,-0.08666666666666645,0.005068461898980012,-7.870000000000044,-3.210000000000039
2025-10-15,912810UM8,Bond,29-Year 10-Month,2025-10-09,2025-10-15,2055-08-15,100.242034,null,7.8736400000,null,null,17.370000,2,null,2025-10-02,Single-Price,null,null,null,null,4.670000,Yes,2025-08-15,2.38,No,null,null,No,01:00 PM,12:00 PM,21956457500,3,52369953000,Yes,912803HN6,null,55481000000.000000,2025-08-15,5898400000,8085400000,79509000000,Yes,0,0,Normal,2026-02-15,No,null,null,null,null,100.242034,null,4.734,null,14156320500.0,16416553000,Semi-Annual,4.750000,null,null,null,null,3.880000,2025-10-15,7700000000,10000000,7700000000,100,100,100,100,100,16500000000,7700000000,43558500,Yes,22000000000,null,2025-08-15,2025-08-15,30-Year,A_20251002_4.pdf,R_20251009_3.pdf,NCR_20251009_3.pdf,1901737000.0,27868000000,null,null,Yes,10-Month,29-Year,Bonds of August 2055,408392700,2871000000,No,408392700,null,23.7500,Yes,null,22408408700.0,52821904200,20642500,Yes,null,null,A_20251002_4.xml,R_20251009_3.xml,No,null,null,null,2025-10-09,30,0.08486711508434779,0.631741445344131,45.132168885017144,0.013333333333333197,-0.025738853909203455,-17.48000000000003,-0.6266666666667007
2025-10-31,912810UN6,Bond,19-Year 10-Month,2025-10-22,2025-10-31,2045-08-15,104.785763,null,10.2004100000,null,null,56.070000,2,null,2025-10-16,Single-Price,null,null,null,null,4.464000,Yes,2025-08-15,2.73,No,null,null,No,01:00 PM,12:00 PM,12934036100,3,35477274000,Yes,912803HP1,null,31630000000.000000,2025-08-15,3405962100,5082000000,193659000000,Yes,0,0,Normal,2026-02-15,No,null,null,null,null,104.785763,null,4.506,null,8230074000.0,11691274000,Semi-Annual,4.875000,null,null,null,null,3.880000,2025-10-31,4550000000,10000000,4550000000,100,100,100,100,100,10200000000,4550000000,65975000,Yes,13000000000,null,2025-08-15,2025-09-02,20-Year,A_20251016_5.pdf,R_20251022_2.pdf,NCR_20251022_2.pdf,1298000000.0,18704000000,null,null,Yes,10-Month,19-Year,Bonds of August 2045,746486500,18808000000,No,746486500,null,24.3750,Yes,null,13746497600.0,36289735500,28764000,Yes,null,null,A_20251016_5.xml,R_20251022_2.xml,No,null,null,null,2025-10-22,20,0.0944240516944476,0.5987033380779115,21.330614131782042,0.08999999999999986,-0.023835021950085855,-10.329999999999995,-1.1866666666666834
2025-10-31,91282CPE5,Note,2-Year,2025-10-27,2025-10-31,2027-10-31,99.992338,null,null,null,null,22.260000,2,null,2025-10-23,Single-Price,null,null,null,null,3.453000,No,null,2.59,No,null,null,No,11:30 AM,11:00 AM,68473624000,3,178176194000,Yes,912821TB1,null,null,2025-10-31,23809000000,31681000000,193659000000,Yes,205000000,205000000,Normal,2026-04-30,No,null,null,null,null,99.992338,null,3.504,null,36736364000.0,50626194000,Semi-Annual,3.500000,null,null,null,null,3.400000,2025-10-31,24150000000,10000000,24150000000,100,100,100,100,100,0,24150000000,321391600,Yes,69000000000,null,null,null,2-Year,A_20251023_2.pdf,R_20251027_1.pdf,NCR_20251027_2.pdf,7928260000.0,95869000000,null,null,No,0-Month,2-Year,BJ-2027,3962121200,18808000000,No,3962121200,null,17.5000,Yes,null,72962136800.0,182664706800,147691100,Yes,null,null,A_20251023_2.xml,R_20251027_1.xml,No,null,null,SPL_20251023_1.pdf,2025-10-27,2,0.1086626618643658,0.5034990148479314,16.358793525501994,0.008333333333333304,0.0038194805802894,4.039999999999999,4.270000000000003
2025-10-31,91282CPD7,Note,5-Year,2025-10-27,2025-10-31,2030-10-31,100.0,null,null,null,null,40.300000,2,null,2025-10-23,Single-Price,null,null,null,null,3.575000,No,null,2.38,No,null,null,No,01:00 PM,12:00 PM,69902036000,3,166511617000,Yes,912821TC9,null,null,2025-10-31,16701250000,23166000000,193659000000,Yes,7900000,7900000,Normal,2026-04-30,No,null,null,null,null,100.0,null,3.625,null,46720036000.0,54010617000,Semi-Annual,3.625000,null,null,null,null,3.520000,2025-10-31,24500000000,10000000,24500000000,100,100,100,100,100,0,24500000000,90171500,Yes,70000000000,null,null,null,5-Year,A_20251023_5.pdf,R_20251027_4.pdf,NCR_20251027_4.pdf,6480750000.0,89335000000,null,null,No,0-Month,5-Year,AF-2030,4019543200,18808000000,No,4019543200,null,18.1250,Yes,null,74019650700.0,170629231700,26172500,Yes,null,null,A_20251023_5.xml,R_20251027_4.xml,No,null,null,SPL_20251023_1.pdf,2025-10-27,5,0.08755445261781004,0.6311842268663934,38.87787063791461,0.01833333333333309,-0.010673040020074992,3.379999999999983,-0.7050000000000223
2025-10-31,91282CPF2,Note,7-Year,2025-10-28,2025-10-31,2032-10-31,99.756076,null,null,null,null,71.900000,2,null,2025-10-23,Single-Price,null,null,null,null,3.735000,No,null,2.46,No,null,null,No,01:00 PM,12:00 PM,43954857700,3,108060857000,Yes,912821TD7,null,null,2025-10-31,12239397000,17324100000,193659000000,Yes,0,0,Normal,2026-04-30,No,null,null,null,null,99.756076,null,3.79,null,25937729700.0,30671757000,Semi-Annual,3.750000,null,null,null,null,3.630000,2025-10-31,15400000000,10000000,15400000000,100,100,100,100,100,0,15400000000,45181300,Yes,44000000000,null,null,null,7-Year,A_20251023_7.pdf,R_20251028_3.pdf,NCR_20251028_3.pdf,5777731000.0,60065000000,null,null,No,0-Month,7-Year,R-2032,2526570100,18808000000,No,2526570100,null,18.7500,Yes,null,46526609100.0,110632608400,16236300,Yes,null,null,A_20251023_7.xml,R_20251028_3.xml,No,912834ZF8,null,null,2025-10-28,7,0.12418121826978361,0.5574816261432644,32.78819576704501,-0.11500000000000021,0.035923294297464534,0.36000000000000476,2.6583333333333403
2025-11-17,91282CPK1,Note,3-Year,2025-11-10,2025-11-17,2028-11-15,99.777212,null,0.1933700000,null,null,86.430000,2,null,2025-11-05,Single-Price,null,null,null,null,3.540000,Yes,2025-11-15,2.85,No,null,null,No,01:00 PM,12:00 PM,57743491600,3,165015820000,Yes,912821TE5,null,null,2025-11-15,15775500000,23870000000,98239000000,Yes,100000000,100000000,Normal,2026-05-15,No,null,null,null,null,99.777212,null,3.579,null,36356991600.0,49962820000,Semi-Annual,3.500000,null,null,null,null,3.480000,2025-11-15,20300000000,10000000,20300000000,100,100,100,100,100,0,20300000000,156624000,Yes,58000000000,null,null,null,3-Year,A_20251105_2.pdf,R_20251110_4.pdf,NCR_20251110_4.pdf,5611000000.0,91183000000,null,null,No,0-Month,3-Year,AU-2028,9033593800,21774000000,No,9033593800,null,17.5000,Yes,null,67033709400.0,174306037800,67284900,Yes,null,null,A_20251105_2.xml,R_20251110_4.xml,No,null,null,"SPL_20251105_1.pdf, SPL_20251106_1.pdf",2025-11-10,3,0.08370415497251298,0.5423687861737218,20.180747873508373,0.2650000000000001,-0.03629254535832027,4.510000000000014,0.9700000000000188
2025-11-17,91282CPJ4,Note,10-Year,2025-11-12,2025-11-17,2035-11-15,99.396983,null,0.2209900000,null,null,97.520000,2,null,2025-11-05,Single-Price,null,null,null,null,4.028000,Yes,2025-11-15,2.43,No,null,null,No,01:00 PM,12:00 PM,41857012200,3,102025085000,Yes,912821TF2,null,null,2025-11-15,9439000000,13485000000,98239000000,Yes,0,0,Normal,2026-05-15,No,null,null,null,null,99.396983,null,4.074,null,28043344200.0,32273085000,Semi-Annual,4.000000,null,null,null,null,3.960000,2025-11-15,14700000000,10000000,14700000000,100,100,100,100,100,0,14700000000,143047000,Yes,42000000000,null,null,null,10-Year,A_20251105_3.pdf,R_20251112_2.pdf,NCR_20251112_2.pdf,4374668000.0,56267000000,null,null,No,0-Month,10-Year,F-2035,6541567900,21774000000,No,6541567900,null,20.0000,Yes,null,48541627100.0,108709699900,55917000,Yes,null,null,A_20251105_3.xml,R_20251112_2.xml,No,null,null,null,2025-11-12,10,0.09012198933891938,0.5777174329617806,42.0,-0.10499999999999998,0.00649156926747449,-10.939999999999994,-3.2133333333333205
2025-11-17,912810UP1,Bond,30-Year,2025-11-13,2025-11-17,2055-11-15,98.894977,null,0.2555200000,null,null,23.040000,2,null,2025-11-05,Single-Price,null,null,null,null,4.630000,Yes,2025-11-15,2.29,No,null,null,No,01:00 PM,12:00 PM,24946422000,3,57316798000,Yes,912803HQ9,null,null,2025-11-15,3617560000,5952800000,98239000000,Yes,0,0,Normal,2026-05-15,No,null,null,null,null,98.894977,null,4.694,null,17709038000.0,19572998000,Semi-Annual,4.625000,null,null,null,null,4.570000,2025-11-15,8750000000,10000000,8750000000,100,100,100,100,100,0,8750000000,53588500,Yes,25000000000,null,null,null,30-Year,A_20251105_1.pdf,R_20251113_3.pdf,NCR_20251113_3.pdf,3619824000.0,31791000000,null,null,No,0-Month,30-Year,Bonds of November 2055,3893790400,21774000000,No,3893790400,null,23.1250,Yes,null,28893800900.0,61264176900,20676500,Yes,null,null,A_20251105_1.xml,R_20251113_3.xml,No,912834ZG6,null,null,2025-11-13,30,0.12528029844630098,0.6129009492828615,51.28655555115584,-0.06833333333333336,0.018063726410182862,-13.480000000000025,4.813333333333308
2025-12-01,912810UQ9,Bond,20-Year,2025-11-19,2025-12-01,2045-11-15,98.954789,null,2.0442000000,null,null,62.390000,2,null,2025-11-13,Single-Price,null,null,null,null,4.650000,Yes,2025-11-15,2.41,No,null,null,No,01:00 PM,12:00 PM,15901105500,3,38397118000,Yes,912803HR7,null,null,2025-11-15,4634500000,6224500000,115105000000,Yes,0,0,Normal,2026-05-15,No,null,null,null,null,98.954789,null,4.706,null,9456618000.0,11466618000,Semi-Annual,4.625000,null,null,null,null,2.880000,2025-11-30,5600000000,10000000,5600000000,100,100,100,100,100,0,5600000000,98896700,Yes,16000000000,null,null,null,20-Year,A_20251113_3.pdf,R_20251119_2.pdf,NCR_20251119_2.pdf,1809987500.0,20706000000,null,null,No,0-Month,20-Year,Bonds of November 2045,1829631800,25451000000,No,1829631800,null,23.1250,Yes,null,17829634000.0,40325646500,40230700,Yes,null,null,A_20251113_3.xml,R_20251119_2.xml,No,null,null,null,2025-11-19,20,0.10151568450591864,0.5303876680811284,26.25306354680867,-0.2466666666666666,-0.006212464384227623,-12.38999999999999,-2.9966666666666857
2025-12-01,91282CPL9,Note,2-Year,2025-11-24,2025-12-01,2027-11-30,99.781736,null,0.0927200000,null,null,27.700000,2,null,2025-11-20,Single-Price,null,null,null,null,3.434000,Yes,2025-11-30,2.68,No,null,null,No,01:00 PM,12:00 PM,68711131300,3,184922656000,Yes,912821TG0,null,null,2025-11-30,21123896800,28289000000,115105000000,Yes,5000000,5000000,Normal,2026-05-31,No,null,null,null,null,99.781736,null,3.489,null,39903234500.0,56817656000,Semi-Annual,3.375000,null,null,null,null,3.380000,2025-11-30,24150000000,10000000,24150000000,100,100,100,100,100,0,24150000000,284004200,Yes,69000000000,null,null,null,2-Year,A_20251120_2.pdf,R_20251124_3.pdf,NCR_20251124_3.pdf,7684000000.0,99816000000,null,null,No,0-Month,2-Year,BL-2027,7890287400,25451000000,No,7890287400,null,16.8750,Yes,null,76890422900.0,193101947600,155307100,Yes,null,null,A_20251120_2.xml,R_20251124_3.xml,No,null,null,SPL_20251120_3.pdf,2025-11-24,2,0.09993442239215464,0.5189623492108534,16.358793525501994,0.08666666666666689,-0.0016971324780012537,-0.0700000000000145,0.4249999999999865
2025-12-01,91282CPN5,Note,5-Year,2025-11-25,2025-12-01,2030-11-30,99.718295,null,0.0961500000,null,null,9.220000,2,null,2025-11-20,Single-Price,null,null,null,null,3.515000,Yes,2025-11-30,2.41,No,null,null,No,01:00 PM,12:00 PM,69800167000,3,168769022000,Yes,912821TH8,null,null,2025-11-30,19272500000,26234000000,115105000000,Yes,105000000,105000000,Normal,2026-05-31,No,null,null,null,null,99.718295,null,3.562,null,42822922000.0,52686022000,Semi-Annual,3.500000,null,null,null,null,3.460000,2025-11-30,24500000000,10000000,24500000000,100,100,100,100,100,0,24500000000,94877200,Yes,70000000000,null,null,null,5-Year,A_20251120_8.pdf,R_20251125_4.pdf,NCR_20251125_3.pdf,7704745000.0,89849000000,null,null,No,0-Month,5-Year,AG-2030,8004639400,25451000000,No,8004639400,null,17.5000,Yes,null,78004683600.0,176973538600,28754200,Yes,null,null,A_20251120_8.xml,R_20251125_4.xml,No,null,null,SPL_20251120_1.pdf,2025-11-25,5,0.09877285112146779,0.5489788564439482,38.87787063791461,0.05333333333333323,0.003262972676765452,-2.4599999999999955,-6.6199999999999966
2025-12-01,91282CPM7,Note,7-Year,2025-11-26,2025-12-01,2032-11-30,99.810773,null,0.1030200000,null,null,19.480000,2,null,2025-11-20,Single-Price,null,null,null,null,3.715000,Yes,2025-11-30,2.46,No,null,null,No,11:30 AM,11:00 AM,43940026900,3,108114572000,Yes,912821TJ4,null,null,2025-11-30,13302179000,18297300000,115105000000,Yes,0,0,Normal,2026-05-31,No,null,null,null,null,99.810773,null,3.781,null,24893367900.0,28968272000,Semi-Annual,3.750000,null,null,null,null,2.880000,2025-11-30,15400000000,10000000,15400000000,100,100,100,100,100,0,15400000000,60006900,Yes,44000000000,null,null,null,7-Year,A_20251120_6.pdf,R_20251126_3.pdf,NCR_20251126_4.pdf,5744480000.0,60849000000,null,null,No,0-Month,7-Year,S-2032,5031487500,25451000000,No,5031487500,null,18.7500,Yes,null,49031521300.0,113206066400,23566900,Yes,null,null,A_20251120_6.xml,R_20251126_3.xml,No,912834ZH4,null,SPL_20251120_2.pdf,2025-11-26,7,0.11715891833851788,0.5077013162143105,32.78819576704501,-0.10000000000000009,0.031977640971288204,2.550000000000008,3.6450000000000093
2025-12-15,91282CPP0,Note,3-Year,2025-12-08,2025-12-15,2028-12-15,99.678628,null,null,null,null,89.650000,2,null,2025-12-04,Single-Price,null,null,null,null,3.570000,No,null,2.64,No,null,null,No,01:00 PM,12:00 PM,57719315000,3,152872480000,Yes,912821TK1,null,null,2025-12-15,10967232500,17572000000,39999000000,Yes,105000000,105000000,Normal,2026-06-15,No,null,null,null,null,99.678628,null,3.614,null,41540607500.0,52377480000,Semi-Annual,3.500000,null,null,null,null,1.888000,2025-12-15,20300000000,10000000,20300000000,100,100,100,100,100,0,20300000000,175752800,Yes,58000000000,null,null,null,3-Year,A_20251204_4.pdf,R_20251208_3.pdf,NCR_20251208_3.pdf,5211475000.0,82923000000,null,null,No,0-Month,3-Year,AV-2028,0,0,No,0,null,17.5000,Yes,null,58000067800.0,153153232800,78645300,Yes,null,null,A_20251204_4.xml,R_20251208_3.xml,No,912834ZJ0,null,null,2025-12-08,3,0.08985291220642332,0.7162165334572247,20.180747873508373,0.006666666666666821,-0.027024096817412996,5.459999999999976,1.8616666666666433
2025-12-15,91282CPJ4,Note,9-Year 11-Month,2025-12-09,2025-12-15,2035-11-15,98.585013,null,3.3149200000,null,null,70.500000,2,null,2025-12-04,Single-Price,null,null,null,null,4.120000,Yes,2025-11-15,2.55,No,null,null,No,01:00 PM,12:00 PM,38904926000,3,99355816000,Yes,912821TF2,null,48541000000.000000,2025-11-15,8153500000,12729000000,39999000000,Yes,0,0,Normal,2026-05-15,No,null,null,null,null,98.585013,null,4.175,null,27325201000.0,31770316000,Semi-Annual,4.000000,null,null,null,null,4.070000,2025-12-15,13650000000,10000000,13650000000,100,100,100,100,100,14700000000,13650000000,95122600,Yes,39000000000,null,2025-11-15,2025-11-17,10-Year,A_20251204_3.pdf,R_20251209_2.pdf,NCR_20251209_2.pdf,3426225000.0,54856500000,null,null,Yes,11-Month,9-Year,F-2035,0,0,No,0,null,20.0000,Yes,null,39000048600.0,99450938600,34189600,Yes,null,null,A_20251204_3.xml,R_20251209_2.xml,No,null,null,null,2025-12-09,10,0.08785181360004767,0.7006453063753362,39.0,0.043333333333333446,0.00015898305830444603,-7.370000000000054,1.0216666666666097
2025-12-15,912810UP1,Bond,29-Year 11-Month,2025-12-11,2025-12-15,2055-11-15,97.647861,null,3.8328700000,null,null,97.760000,2,null,2025-12-04,Single-Price,null,null,null,null,4.720000,Yes,2025-11-15,2.36,No,null,null,No,01:00 PM,12:00 PM,21946790000,3,51974158000,Yes,912803HQ9,null,28885000000.000000,2025-11-15,5148080000,7640200000,39999000000,Yes,0,0,Normal,2026-05-15,No,null,null,null,null,97.647861,null,4.773,null,14349158000.0,16314958000,Semi-Annual,4.625000,null,null,null,null,3.880000,2025-12-15,7700000000,10000000,7700000000,100,100,100,100,100,8800000000,7700000000,53215100,Yes,22000000000,null,2025-11-15,2025-11-17,30-Year,A_20251204_2.pdf,R_20251211_3.pdf,NCR_20251211_3.pdf,2449552000.0,28019000000,null,null,Yes,11-Month,29-Year,Bonds of November 2055,0,0,No,0,null,23.1250,Yes,null,22000005100.0,52027373100,17212100,Yes,null,null,A_20251204_2.xml,R_20251211_3.xml,No,null,null,null,2025-12-11,30,0.11134324691588367,0.6522343033456842,45.132168885017144,0.004999999999999893,0.0003329673634344943,-23.04000000000004,-4.703333333333369
2025-12-31,912810UQ9,Bond,19-Year 11-Month,2025-12-17,2025-12-31,2045-11-15,97.789241,null,5.8770700000,null,null,3.160000,2,null,2025-12-11,Single-Price,null,null,null,null,4.746000,Yes,2025-11-15,2.67,No,null,null,No,01:00 PM,12:00 PM,12942131100,3,34621460000,Yes,912803HR7,null,17829000000.000000,2025-11-15,2878091100,4543000000,131690000000,Yes,0,0,Normal,2026-05-15,No,null,null,null,null,97.789241,null,4.798,null,8437250000.0,10932460000,Semi-Annual,4.625000,null,null,null,null,3.880000,2025-12-31,4550000000,10000000,4550000000,100,100,100,100,100,5600000000,4550000000,57895000,Yes,13000000000,null,2025-11-15,2025-12-01,20-Year,A_20251211_2.pdf,R_20251217_2.pdf,NCR_20251217_2.pdf,1626790000.0,19146000000,null,null,Yes,11-Month,19-Year,Bonds of November 2045,1385475400,23447000000,No,1385475400,null,23.1250,Yes,null,14385501500.0,36064830400,24764000,Yes,null,null,A_20251211_2.xml,R_20251217_2.xml,No,null,null,null,2025-12-17,20,0.11308538669993534,0.586510661446179,21.330614131782042,0.0216666666666665,0.012894531794996514,-10.59000000000001,0.08166666666662259
2025-12-31,91282CPS4,Note,2-Year,2025-12-22,2025-12-31,2027-12-31,99.762479,null,null,null,null,6.200000,2,null,2025-12-18,Single-Price,null,null,null,null,3.445000,No,null,2.54,No,null,null,No,01:00 PM,12:00 PM,68696877000,3,175175977000,Yes,912821TL9,null,null,2025-12-31,23393000000,29763000000,131690000000,Yes,5000000,5000000,Normal,2026-06-30,No,null,null,null,null,99.762479,null,3.499,null,36552477000.0,51467977000,Semi-Annual,3.375000,null,null,null,null,3.380000,2025-12-31,24150000000,10000000,24150000000,100,100,100,100,100,0,24150000000,298192900,Yes,69000000000,null,null,null,2-Year,A_20251218_2.pdf,R_20251222_3.pdf,NCR_20251222_3.pdf,8751400000.0,93945000000,null,null,No,0-Month,2-Year,BM-2027,7353677200,23447000000,No,7353677200,null,16.8750,Yes,null,76353747100.0,182832847100,131454400,Yes,null,null,A_20251218_2.xml,R_20251222_3.xml,No,null,null,SPL_20251218_3.pdf,2025-12-22,2,0.11461650976393273,0.4787253853059426,16.358793525501994,-0.07166666666666677,0.011619797253315065,2.4900000000000144,2.5200000000000187
2025-12-31,91282CPR6,Note,5-Year,2025-12-23,2025-12-31,2030-12-31,99.448418,null,null,null,null,68.450000,2,null,2025-12-18,Single-Price,null,null,null,null,3.692000,No,null,2.35,No,null,null,No,01:00 PM,12:00 PM,69883070500,3,164324468000,Yes,912821TM7,null,null,2025-12-31,22119000000,27729000000,131690000000,Yes,5000000,5000000,Normal,2026-06-30,No,null,null,null,null,99.448418,null,3.747,null,41588608000.0,47887468000,Semi-Annual,3.625000,null,null,null,null,3.600000,2025-12-31,24500000000,10000000,24500000000,100,100,100,100,100,0,24500000000,111970200,Yes,70000000000,null,null,null,5-Year,A_20251218_8.pdf,R_20251223_3.pdf,NCR_20251223_4.pdf,6175462500.0,88708000000,null,null,No,0-Month,5-Year,AH-2030,7460252300,23447000000,No,7460252300,null,18.1250,Yes,null,77460293000.0,171901690500,39782200,Yes,null,null,A_20251218_8.xml,R_20251223_3.xml,No,null,null,"SPL_20251218_1.pdf, SPL_20251218_4.pdf",2025-12-23,5,0.07972423367931232,0.536902281017708,38.87787063791461,-0.009999999999999787,-0.018731895710998453,5.319999999999991,2.7299999999999804
2025-12-31,91282CPQ8,Note,7-Year,2025-12-24,2025-12-31,2032-12-31,99.666257,null,null,null,null,30.730000,2,null,2025-12-18,Single-Price,null,null,null,null,3.881000,No,null,2.51,No,null,null,No,11:30 AM,11:00 AM,43910962700,3,110323408000,Yes,912821TN5,null,null,2025-12-31,13886300000,19241300000,131690000000,Yes,0,0,Normal,2026-06-30,No,null,null,null,null,99.666257,null,3.93,null,25925060200.0,33306108000,Semi-Annual,3.875000,null,null,null,null,3.780000,2025-12-31,15400000000,10000000,15400000000,100,100,100,100,100,0,15400000000,89049700,Yes,44000000000,null,null,null,7-Year,A_20251218_7.pdf,R_20251224_4.pdf,NCR_20251224_3.pdf,4099602500.0,57776000000,null,null,No,0-Month,7-Year,T-2032,4689301400,23447000000,No,4689301400,null,19.3750,Yes,null,48689313800.0,115101759100,21313700,Yes,null,null,A_20251218_7.xml,R_20251224_4.xml,No,912834ZK7,null,SPL_20251218_2.pdf,2025-12-24,7,0.08419922525176356,0.5324589355785909,32.78819576704501,-0.011666666666667158,-0.013432435518400052,1.1700000000000266,1.158333333333365
2026-01-15,91282CPT2,Note,3-Year,2026-01-12,2026-01-15,2029-01-15,99.692698,null,null,null,null,77.540000,2,null,2026-01-08,Single-Price,null,null,null,null,3.560000,No,null,2.65,No,null,null,No,11:30 AM,11:00 AM,57540560800,3,153252940000,Yes,912821TP0,null,null,2026-01-15,16971685800,23366000000,95595000000,Yes,255000000,255000000,Normal,2026-07-15,No,null,null,null,null,99.692698,null,3.609,null,32510795000.0,42530940000,Semi-Annual,3.500000,null,null,null,null,3.500000,2026-01-15,20300000000,10000000,20300000000,100,100,100,100,100,0,20300000000,204503800,Yes,58000000000,null,null,null,3-Year,A_20260108_1.pdf,R_20260112_2.pdf,NCR_20260112_1.pdf,8058080000.0,87356000000,null,null,No,0-Month,3-Year,AJ-2029,16882359100,34638000000,No,16882359100,null,17.5000,Yes,null,74882423700.0,170594802900,79221800,Yes,null,null,A_20260108_1.xml,R_20260112_2.xml,No,912834ZL5,null,SPL_20260108_1.pdf,2026-01-12,3,0.1076097647731453,0.43415788904279284,20.180747873508373,-0.0033333333333334103,0.0005604052990958175,4.11999999999999,-0.19500000000000473
2026-01-15,91282CPJ4,Note,9-Year 10-Month,2026-01-12,2026-01-15,2035-11-15,98.607166,null,6.7403300000,null,null,93.910000,2,null,2026-01-08,Single-Price,null,null,null,null,4.125000,Yes,2025-11-15,2.55,No,null,null,No,01:00 PM,12:00 PM,38924042800,3,99515907000,Yes,912821TF2,null,87540000000.000000,2025-11-15,9538500000,14656000000,95595000000,Yes,0,0,Normal,2026-05-15,No,null,null,null,null,98.607166,null,4.173,null,27109470300.0,31874907000,Semi-Annual,4.000000,null,null,null,null,4.000000,2026-01-15,13650000000,10000000,13650000000,100,100,100,100,100,28400000000,13650000000,75966200,Yes,39000000000,null,2025-11-15,2025-11-17,10-Year,A_20260108_6.pdf,R_20260112_4.pdf,NCR_20260112_3.pdf,2276072500.0,52985000000,null,null,Yes,10-Month,9-Year,F-2035,11351931000,34638000000,No,11351931000,null,20.0000,Yes,null,50351940000.0,110943804200,29647200,Yes,null,null,A_20260108_6.xml,R_20260112_4.xml,No,null,null,SPL_20260108_1.pdf,2026-01-12,10,0.045203273200595646,0.5383997180644877,39.0,0.03833333333333311,-0.04250785165960642,-7.380000000000031,0.5466666666666518
2026-01-15,912810UP1,Bond,29-Year 10-Month,2026-01-13,2026-01-15,2055-11-15,96.842230,null,7.7935100000,null,null,32.350000,2,null,2026-01-08,Single-Price,null,null,null,null,4.780000,Yes,2025-11-15,2.42,No,null,null,No,01:00 PM,12:00 PM,21968003900,3,53174367900,Yes,912803HQ9,null,50874000000.000000,2025-11-15,4674100000,7184100000,95595000000,Yes,0,0,Normal,2026-05-15,No,null,null,null,null,96.842230,null,4.825,null,14668433900.0,17826267900,Semi-Annual,4.625000,null,null,null,null,2.880000,2026-01-15,7700000000,10000000,7700000000,100,100,100,100,100,16500000000,7700000000,32032500,Yes,22000000000,null,2025-11-15,2025-11-17,30-Year,A_20260108_4.pdf,R_20260113_2.pdf,NCR_20260113_2.pdf,2625470000.0,28164000000,null,null,Yes,10-Month,29-Year,Bonds of November 2055,6403653400,34638000000,No,6403653400,null,23.1250,Yes,null,28403689800.0,59610053800,10651500,Yes,null,null,A_20260108_4.xml,R_20260113_2.xml,No,null,null,null,2026-01-13,30,0.09243411748567962,0.5164270558960969,45.132168885017144,0.07666666666666666,-0.018476449620687577,-24.109999999999943,-5.938333333333258
2026-02-02,912810UQ9,Bond,19-Year 10-Month,2026-01-21,2026-02-02,2045-11-15,97.194489,null,10.0932300000,null,null,3.890000,2,null,2026-01-15,Single-Price,null,null,null,null,4.806000,Yes,2025-11-15,2.86,No,null,null,No,01:00 PM,12:00 PM,12953038500,3,37162940000,Yes,912803HR7,null,32215000000.000000,2025-11-15,3766176500,6154300000,225914000000,Yes,0,0,Normal,2026-05-15,No,null,null,null,null,97.194489,null,4.846,null,8382550800.0,11990640000,Semi-Annual,4.625000,null,null,null,null,2.880000,2026-01-31,4550000000,10000000,4550000000,100,100,100,100,100,10200000000,4550000000,47075000,Yes,13000000000,null,2025-11-15,2025-12-01,20-Year,A_20260115_3.pdf,R_20260121_2.pdf,NCR_20260121_2.pdf,804311200.0,19018000000,null,null,Yes,10-Month,19-Year,Bonds of November 2045,916076700,15926000000,No,916076700,null,23.1250,Yes,null,13916190200.0,38126091700,21518000,Yes,null,null,A_20260115_3.xml,R_20260121_2.xml,No,null,null,null,2026-01-21,20,0.057796795562624605,0.6023596027021821,21.330614131782042,0.21333333333333337,-0.04110446422276994,-14.40999999999999,-3.336666666666675
2026-02-02,91282CGH8,Note,2-Year,2026-01-26,2026-02-02,2028-01-31,99.846980,null,0.1933700000,null,null,52.250000,2,91282CPV7,2026-01-22,Single-Price,null,null,null,null,3.540000,Yes,2026-01-31,2.75,No,null,null,No,01:00 PM,12:00 PM,68645358000,3,189362333000,Yes,912821KP9,null,null,2026-01-31,19407500000,26783000000,225914000000,Yes,5000000,5000000,Normal,2026-07-31,No,null,null,null,null,99.846980,null,3.58,null,44206733000.0,61273333000,Semi-Annual,3.500000,null,null,null,null,3.490000,2026-01-31,24150000000,10000000,24150000000,100,100,100,100,100,0,24150000000,349661200,Yes,69000000000,91282CPV7,2023-01-31,2023-01-31,5-Year,A_20260122_2.pdf,R_20260126_3.pdf,NCR_20260126_3.pdf,5031125000.0,101306000000,null,null,Yes,0-Month,2-Year,U-2028,4862253600,15926000000,No,4862253600,null,17.5000,Yes,null,73862272800.0,194579247800,168910200,Yes,null,null,A_20260122_2.xml,R_20260126_3.xml,No,null,null,"SPL_20260122_1.pdf, SPL_20260126_1.pdf",2026-01-26,5,0.06811494974738985,0.5985022031436866,38.322472485944395,0.3916666666666666,-0.027152363445890157,-24.019999999999975,-26.821666666666648
2026-02-02,91282CPW5,Note,5-Year,2026-01-27,2026-02-02,2031-01-31,99.670556,null,0.2071800000,null,null,27.680000,2,null,2026-01-22,Single-Price,null,null,null,null,3.770000,Yes,2026-01-31,2.34,No,null,null,No,01:00 PM,12:00 PM,69853052000,3,163455436000,Yes,912821TS4,null,null,2026-01-31,19887000000,23163000000,225914000000,Yes,5000000,5000000,Normal,2026-07-31,No,null,null,null,null,99.670556,null,3.823,null,42388836000.0,50140436000,Semi-Annual,3.750000,null,null,null,null,3.710000,2026-01-31,24500000000,10000000,24500000000,100,100,100,100,100,0,24500000000,141998600,Yes,70000000000,null,null,null,5-Year,A_20260122_7.pdf,R_20260127_2.pdf,NCR_20260127_2.pdf,7577216000.0,90152000000,null,null,No,0-Month,5-Year,U-2031,4932721000,15926000000,No,4932721000,null,18.7500,Yes,null,74932771600.0,168535155600,44105600,Yes,null,null,A_20260122_7.xml,R_20260127_2.xml,No,null,null,SPL_20260122_2.pdf,2026-01-27,5,0.10112018864653874,0.5656915538407764,38.87787063791461,-0.09166666666666679,0.013547477305300051,1.6499999999999737,3.7649999999999664
2026-02-02,91282CPY1,Note,7-Year,2026-01-29,2026-02-02,2033-01-31,99.890756,null,0.2209900000,null,null,37.500000,2,null,2026-01-22,Single-Price,null,null,null,null,3.960000,Yes,2026-01-31,2.45,No,null,null,No,01:00 PM,12:00 PM,43888735000,3,107879310000,Yes,912821TT2,null,null,2026-01-31,9742900000,11651900000,225914000000,Yes,0,0,Normal,2026-07-31,No,null,null,null,null,99.890756,null,4.018,null,29349585000.0,34544410000,Semi-Annual,4.000000,null,null,null,null,3.850000,2026-01-31,15400000000,10000000,15400000000,100,100,100,100,100,0,15400000000,111308400,Yes,44000000000,null,null,null,7-Year,A_20260122_1.pdf,R_20260129_3.pdf,NCR_20260129_3.pdf,4796250000.0,61683000000,null,null,No,0-Month,7-Year,G-2033,3100567400,15926000000,No,3100567400,null,20.0000,Yes,null,47100610800.0,111091185800,34805400,Yes,null,null,A_20260122_1.xml,R_20260129_3.xml,No,912834ZN1,null,null,2026-01-29,7,0.10182988964550753,0.6231253587055393,32.78819576704501,-0.06833333333333336,0.007786842731939331,-3.0400000000000205,-3.441666666666676
2026-02-17,91282CQA2,Note,3-Year,2026-02-10,2026-02-17,2029-02-15,99.948932,null,0.1933700000,null,null,45.280000,2,null,2026-02-04,Single-Price,null,null,null,null,3.468000,Yes,2026-02-15,2.62,No,null,null,No,01:00 PM,12:00 PM,57729734400,3,151909720000,Yes,912821TU9,null,null,2026-02-15,18425590400,21633000000,90204000000,Yes,105000000,105000000,Normal,2026-08-15,No,null,null,null,null,99.948932,null,3.518,null,32990720000.0,44588720000,Semi-Annual,3.500000,null,null,null,null,2.600000,2026-02-15,20300000000,10000000,20300000000,100,100,100,100,100,0,20300000000,165278500,Yes,58000000000,null,null,null,3-Year,A_20260204_2.pdf,R_20260210_2.pdf,NCR_20260210_2.pdf,6313424000.0,85688000000,null,null,No,0-Month,3-Year,AK-2029,16434528300,35419000000,No,16434528300,null,17.5000,Yes,null,74434541200.0,168614526800,49962800,Yes,null,null,A_20260204_2.xml,R_20260210_2.xml,No,null,null,null,2026-02-10,3,0.08481847134700952,0.44321788605314866,20.180747873508373,-0.0566666666666662,-0.01562763543965258,-1.0900000000000354,-4.996666666666693
2026-02-17,91282CPZ8,Note,10-Year,2026-02-11,2026-02-17,2036-02-15,99.578196,null,0.2279000000,null,null,6.200000,2,null,2026-02-04,Single-Price,null,null,null,null,4.110000,Yes,2026-02-15,2.39,No,null,null,No,01:00 PM,12:00 PM,41834683000,3,100115133000,Yes,912821TV7,null,null,2026-02-15,9236850000,11451000000,90204000000,Yes,0,0,Normal,2026-08-15,No,null,null,null,null,99.578196,null,4.177,null,27002133000.0,31544133000,Semi-Annual,4.125000,null,null,null,null,4.060000,2026-02-15,14700000000,10000000,14700000000,100,100,100,100,100,0,14700000000,165357500,Yes,42000000000,null,null,null,10-Year,A_20260204_1.pdf,R_20260211_2.pdf,NCR_20260211_2.pdf,5595700000.0,57120000000,null,null,No,0-Month,10-Year,B-2036,11900865300,35419000000,No,11900865300,null,20.6250,Yes,null,53900905800.0,112181355800,62471500,Yes,null,null,A_20260204_1.xml,R_20260211_2.xml,No,null,null,SPL_20260204_1.pdf,2026-02-11,10,0.10381458190633969,0.5009587983584498,42.0,-0.11166666666666636,0.024732688649530904,-5.120000000000058,2.101666666666624
2026-02-17,912810UR7,Bond,30-Year,2026-02-12,2026-02-17,2056-02-15,99.999398,null,0.2624300000,null,null,1.200000,2,null,2026-02-04,Single-Price,null,null,null,null,4.718000,Yes,2026-02-15,2.66,No,null,null,No,01:00 PM,12:00 PM,24961985000,3,66513037000,Yes,912803HS5,null,null,2026-02-15,6035250000,10187100000,90204000000,Yes,0,0,Normal,2026-08-15,No,null,null,null,null,99.999398,null,4.75,null,17458295000.0,24777837000,Semi-Annual,4.750000,null,null,null,null,3.880000,2026-02-15,8750000000,10000000,8750000000,100,100,100,100,100,0,8750000000,38086800,Yes,25000000000,null,null,null,30-Year,A_20260204_3.pdf,R_20260212_3.pdf,NCR_20260212_3.pdf,1468440000.0,31548100000,null,null,No,0-Month,30-Year,Bonds of February 2056,7083848300,35419000000,No,7083848300,null,23.7500,Yes,null,32083920100.0,73634972100,15463800,Yes,null,null,A_20260204_3.xml,R_20260212_3.xml,No,912834ZP6,null,null,2026-02-12,30,0.04576872138514022,0.5441446975801439,51.28655555115584,0.31000000000000005,-0.061465600505959846,-28.960000000000008,-9.349999999999998
2026-03-02,912810UT3,Bond,20-Year,2026-02-18,2026-03-02,2046-02-15,99.492967,null,1.9164400000,null,null,15.910000,2,null,2026-02-12,Single-Price,null,null,null,null,4.595000,Yes,2026-02-15,2.36,No,null,null,No,01:00 PM,12:00 PM,15948334400,3,37727240000,Yes,912803HT3,null,null,2026-02-15,4344500000,5069500000,140112000000,Yes,0,0,Normal,2026-08-15,No,null,null,null,null,99.492967,null,4.664,null,8798149800.0,11115740000,Semi-Annual,4.625000,null,null,null,null,2.888000,2026-02-28,5600000000,10000000,5600000000,100,100,100,100,100,0,5600000000,51680400,Yes,16000000000,null,null,null,20-Year,A_20260212_4.pdf,R_20260218_2.pdf,NCR_20260218_2.pdf,2805684600.0,21542000000,null,null,No,0-Month,20-Year,Bonds of February 2046,1916713400,23839000000,No,1916713400,null,23.1250,Yes,null,17916728200.0,39695633800,26130400,Yes,null,null,A_20260212_4.xml,R_20260218_2.xml,No,null,null,null,2026-02-18,20,0.1565958119518719,0.49105783722275814,26.25306354680867,-0.2983333333333338,0.06462578242532689,-8.640000000000025,3.551666666666618
2026-03-02,91282CQB0,Note,2-Year,2026-02-24,2026-03-02,2028-02-29,99.846770,null,0.1834200000,null,null,51.320000,2,null,2026-02-19,Single-Price,null,null,null,null,3.403000,Yes,2026-02-28,2.63,No,null,null,No,01:00 PM,12:00 PM,68667373900,3,181098022000,Yes,912821TW5,null,null,2026-02-28,23538687900,27494000000,140112000000,Yes,0,0,Normal,2026-08-31,No,null,null,null,null,99.846770,null,3.455,null,38392172000.0,57938022000,Semi-Annual,3.375000,null,null,null,null,2.880000,2026-02-28,24150000000,10000000,24150000000,100,100,100,100,100,0,24150000000,332794900,Yes,69000000000,null,null,null,2-Year,A_20260219_3.pdf,R_20260224_2.pdf,NCR_20260224_2.pdf,6736514000.0,95666000000,null,null,No,0-Month,2-Year,AY-2028,8265826600,23839000000,No,8265826600,null,16.8750,Yes,null,77265995400.0,189696643500,145226900,Yes,null,null,A_20260219_3.xml,R_20260224_2.xml,No,null,null,null,2026-02-24,2,0.08718601197235078,0.4968831605837307,16.358793525501994,0.02499999999999991,-0.01503542893320546,3.3800000000000274,2.536666666666698
2026-03-02,91282CQD6,Note,5-Year,2026-02-25,2026-03-02,2031-02-28,99.478439,null,0.1902200000,null,null,67.450000,2,null,2026-02-19,Single-Price,null,null,null,null,3.555000,Yes,2026-02-28,2.32,No,null,null,No,01:00 PM,12:00 PM,69910663000,3,162241003000,Yes,912821TX3,null,null,2026-02-28,17266000000,20406000000,140112000000,Yes,3100000,3100000,Normal,2026-08-31,No,null,null,null,null,99.478439,null,3.615,null,43690590500.0,51701003000,Semi-Annual,3.500000,null,null,null,null,3.500000,2026-02-28,24500000000,10000000,24500000000,100,100,100,100,100,0,24500000000,86250700,Yes,70000000000,null,null,null,5-Year,A_20260219_7.pdf,R_20260225_3.pdf,NCR_20260225_3.pdf,8954072500.0,90134000000,null,null,No,0-Month,5-Year,V-2031,8385621200,23839000000,No,8385621200,null,17.5000,Yes,null,78385634900.0,170715974900,26715500,Yes,null,null,A_20260219_7.xml,R_20260225_3.xml,No,null,null,null,2026-02-25,5,0.11423103877927511,0.5573800678624088,38.87787063791461,-0.10833333333333339,0.022847514955644646,3.100000000000014,4.8966666666666825
2026-03-02,91282CQC8,Note,7-Year,2026-02-26,2026-03-02,2033-02-28,99.755866,null,0.2038000000,null,null,62.040000,2,null,2026-02-19,Single-Price,null,null,null,null,3.740000,Yes,2026-02-28,2.5,No,null,null,No,01:00 PM,12:00 PM,43954752400,3,109874376000,Yes,912821TY1,null,null,2026-02-28,11431800000,15039300000,140112000000,Yes,0,0,Normal,2026-08-31,No,null,null,null,null,99.755866,null,3.79,null,27943712400.0,34026076000,Semi-Annual,3.750000,null,null,null,null,3.630000,2026-02-28,15400000000,10000000,15400000000,100,100,100,100,100,0,15400000000,45268600,Yes,44000000000,null,null,null,7-Year,A_20260219_1.pdf,R_20260226_3.pdf,NCR_20260226_3.pdf,4579240000.0,60809000000,null,null,No,0-Month,7-Year,H-2033,5270961800,23839000000,No,5270961800,null,18.7500,Yes,null,49270982800.0,115190606400,19157600,Yes,null,null,A_20260219_1.xml,R_20260226_3.xml,No,912834ZS0,null,null,2026-02-26,7,0.09293989564989964,0.5671433937786198,32.78819576704501,0.03833333333333355,-0.011748112317874898,-1.4899999999999913,-2.453333333333322
2026-03-16,91282CQE4,Note,3-Year,2026-03-10,2026-03-16,2029-03-15,99.777186,null,0.0951100000,null,null,17.590000,2,null,2026-03-05,Single-Price,null,null,null,null,3.527000,Yes,2026-03-15,2.55,No,null,null,No,01:00 PM,12:00 PM,57770165000,3,147418840000,Yes,912821TZ8,null,null,2026-03-15,11934000000,14334000000,37727000000,Yes,100000000,100000000,Normal,2026-09-15,No,null,null,null,null,99.777186,null,3.579,null,34570625000.0,43966840000,Semi-Annual,3.500000,null,null,null,null,3.400000,2026-03-15,20300000000,10000000,20300000000,100,100,100,100,100,0,20300000000,129850600,Yes,58000000000,null,null,null,3-Year,A_20260305_6.pdf,R_20260310_2.pdf,NCR_20260310_2.pdf,11265540000.0,89118000000,null,null,No,0-Month,3-Year,AL-2029,14621900,30000000,No,14621900,null,17.5000,Yes,null,58014637500.0,147663312500,50143600,Yes,null,null,A_20260305_6.xml,R_20260310_2.xml,No,912834ZT8,null,null,2026-03-10,3,0.19418444181436106,0.5958948722208253,20.180747873508373,-0.14166666666666705,0.10179147655884174,1.3000000000000345,-1.4216666666666176
2026-03-16,91282CPZ8,Note,9-Year 11-Month,2026-03-11,2026-03-16,2036-02-15,99.254672,null,3.3045600000,null,null,24.680000,2,null,2026-03-05,Single-Price,null,null,null,null,4.160000,Yes,2026-02-15,2.45,No,null,null,No,01:00 PM,12:00 PM,38926836500,3,95454803000,Yes,912821TV7,null,53900000000.000000,2026-02-15,4994894800,7985000000,37727000000,Yes,0,0,Normal,2026-08-15,No,null,null,null,null,99.254672,null,4.217,null,28981761700.0,34154803000,Semi-Annual,4.125000,null,null,null,null,4.100000,2026-03-15,13650000000,10000000,13650000000,100,100,100,100,100,14700000000,13650000000,73187800,Yes,39000000000,null,2026-02-15,2026-02-17,10-Year,A_20260305_4.pdf,R_20260311_2.pdf,NCR_20260311_2.pdf,4950180000.0,53315000000,null,null,Yes,11-Month,9-Year,B-2036,9831900,30000000,No,9831900,null,20.6250,Yes,null,39009856200.0,95537822700,30107800,Yes,null,null,A_20260305_4.xml,R_20260311_2.xml,No,null,null,null,2026-03-11,10,0.1268956228554362,0.7429343382198881,39.0,-0.058333333333333126,0.05054780021111509,1.389999999999958,9.42333333333331
2026-03-16,912810UR7,Bond,29-Year 11-Month,2026-03-12,2026-03-16,2056-02-15,98.096850,null,3.8052500000,null,null,59.560000,2,null,2026-03-05,Single-Price,null,null,null,null,4.825000,Yes,2026-02-15,2.45,No,null,null,No,01:00 PM,12:00 PM,21969517000,3,53914007000,Yes,912803HS5,null,32082000000.000000,2026-02-15,5981890000,8710400000,37727000000,Yes,0,0,Normal,2026-08-15,No,null,null,null,null,98.096850,null,4.871,null,13931627000.0,17599607000,Semi-Annual,4.750000,null,null,null,null,2.880000,2026-03-15,7700000000,10000000,7700000000,100,100,100,100,100,8800000000,7700000000,30604300,Yes,22000000000,null,2026-02-15,2026-02-17,30-Year,A_20260305_1.pdf,R_20260312_3.pdf,NCR_20260312_3.pdf,2056000000.0,27604000000,null,null,Yes,11-Month,29-Year,Bonds of February 2056,5546200,30000000,No,5546200,null,23.7500,Yes,null,22005667500.0,53950157500,13126300,Yes,null,null,A_20260305_1.xml,R_20260312_3.xml,No,null,null,null,2026-03-12,30,0.09343047648974974,0.6330926794199722,45.132168885017144,0.03500000000000014,0.0002546585722537631,-11.719999999999953,9.605000000000057
2026-03-31,912810UT3,Bond,19-Year 11-Month,2026-03-17,2026-03-31,2046-02-15,97.551352,null,5.6215500000,null,null,33.710000,2,null,2026-03-12,Single-Price,null,null,null,null,4.770000,Yes,2026-02-15,2.76,No,null,null,No,01:00 PM,12:00 PM,12959817600,3,35829195000,Yes,912803HT3,null,17916000000.000000,2026-02-15,2796816000,4257000000,135446000000,Yes,0,0,Normal,2026-08-15,No,null,null,null,null,97.551352,null,4.817,null,8965001600.0,12632495000,Semi-Annual,4.625000,null,null,null,null,3.880000,2026-03-31,4550000000,10000000,4550000000,100,100,100,100,100,5600000000,4550000000,40200700,Yes,13000000000,null,2026-02-15,2026-03-02,20-Year,A_20260312_4.pdf,R_20260317_3.pdf,NCR_20260317_3.pdf,1198000000.0,18939700000,null,null,Yes,11-Month,19-Year,Bonds of February 2046,1343283200,22216000000,No,1343283200,null,23.1250,Yes,null,14343301500.0,37212678900,16608700,Yes,null,null,A_20260312_4.xml,R_20260317_3.xml,No,null,null,null,2026-03-17,20,0.08352330877239107,0.6250305482318698,21.330614131782042,0.13166666666666638,-0.015576334830987248,-17.189999999999994,-5.7016666666666715
2026-03-31,91282CQH7,Note,2-Year,2026-03-24,2026-03-31,2028-03-31,99.883774,null,null,null,null,20.780000,2,null,2026-03-19,Single-Price,null,null,null,null,3.865000,No,null,2.44,No,null,null,No,01:00 PM,12:00 PM,68414607500,3,167803707500,Yes,912821UA1,null,null,2026-03-31,11286000000,14136000000,135446000000,Yes,100000000,100000000,Normal,2026-09-30,No,null,null,null,null,99.883774,null,3.936,null,40624707500.0,53507707500,Semi-Annual,3.875000,null,null,null,null,3.700000,2026-03-31,24150000000,10000000,24150000000,100,100,100,100,100,0,24150000000,485402000,Yes,69000000000,null,null,null,2-Year,A_20260319_7.pdf,R_20260324_2.pdf,NCR_20260324_2.pdf,16503900000.0,100160000000,null,null,No,0-Month,2-Year,AZ-2028,7129734200,22216000000,No,7129734200,null,19.3750,Yes,null,76129743700.0,175518843700,179270000,Yes,null,null,A_20260319_7.xml,R_20260324_2.xml,No,null,null,SPL_20260319_1.pdf,2026-03-24,2,0.2167864910334645,0.5336246455798852,16.358793525501994,-0.16666666666666652,0.11597419104941245,12.659999999999982,11.99833333333331
2026-03-31,91282CQG9,Note,5-Year,2026-03-25,2026-03-31,2031-03-31,99.528167,null,null,null,null,89.880000,2,null,2026-03-19,Single-Price,null,null,null,null,3.923000,No,null,2.29,No,null,null,No,01:00 PM,12:00 PM,69845769000,3,159960369000,Yes,912821UB9,null,null,2026-03-31,15703000000,17903000000,135446000000,Yes,0,0,Normal,2026-09-30,No,null,null,null,null,99.528167,null,3.98,null,43236369000.0,51845369000,Semi-Annual,3.875000,null,null,null,null,3.860000,2026-03-31,24500000000,10000000,24500000000,100,100,100,100,100,0,24500000000,154264800,Yes,70000000000,null,null,null,5-Year,A_20260319_6.pdf,R_20260325_3.pdf,NCR_20260325_3.pdf,10906400000.0,90212000000,null,null,No,0-Month,5-Year,W-2031,7233063700,22216000000,No,7233063700,null,19.3750,Yes,null,77233097500.0,167347697500,44820800,Yes,null,null,A_20260319_6.xml,R_20260325_3.xml,No,null,null,SPL_20260319_2.pdf,2026-03-25,5,0.14121406952505045,0.5598165864058475,38.87787063791461,-0.13500000000000023,0.049627783759751465,-5.540000000000012,-3.368333333333344
2026-03-31,91282CQF1,Note,7-Year,2026-03-26,2026-03-31,2033-03-31,99.970004,null,null,null,null,24.470000,2,null,2026-03-19,Single-Price,null,null,null,null,4.190000,No,null,2.43,No,null,null,No,01:00 PM,12:00 PM,43892441000,3,106898704000,Yes,912821UC7,null,null,2026-03-31,10988400000,12603400000,135446000000,Yes,0,0,Normal,2026-09-30,No,null,null,null,null,99.970004,null,4.255,null,27458889000.0,34628304000,Semi-Annual,4.250000,null,null,null,null,2.880000,2026-03-31,15400000000,10000000,15400000000,100,100,100,100,100,0,15400000000,107559000,Yes,44000000000,null,null,null,7-Year,A_20260319_4.pdf,R_20260326_3.pdf,NCR_20260326_3.pdf,5445152000.0,59667000000,null,null,No,0-Month,7-Year,J-2033,4546497200,22216000000,No,4546497200,null,21.2500,Yes,null,48546497200.0,111552760200,38303000,Yes,null,null,A_20260319_4.xml,R_20260326_3.xml,No,912834ZU5,null,null,2026-03-26,7,0.1121636433946464,0.5656203966040211,32.78819576704501,-0.033333333333333215,0.006509980214181185,12.080000000000002,11.18333333333333
2026-04-15,91282CQJ3,Note,3-Year,2026-04-07,2026-04-15,2029-04-15,99.938277,null,null,null,null,64.470000,2,null,2026-04-02,Single-Price,null,null,null,null,3.847000,No,null,2.68,No,null,null,No,01:00 PM,12:00 PM,57813627900,3,155073380000,Yes,912821UD5,null,null,2026-04-15,6886496900,13037000000,70962000000,Yes,0,0,Normal,2026-10-15,No,null,null,null,null,99.938277,null,3.897,null,43249380000.0,55968380000,Semi-Annual,3.875000,null,null,null,null,3.780000,2026-04-15,20300000000,10000000,20300000000,100,100,100,100,100,0,20300000000,186471200,Yes,58000000000,null,null,null,3-Year,A_20260402_3.pdf,R_20260407_2.pdf,NCR_20260407_2.pdf,7677751000.0,86068000000,null,null,No,0-Month,3-Year,AM-2029,10285400400,21103000000,No,10285400400,null,19.3750,Yes,null,68285499500.0,165545251600,69639200,Yes,null,null,A_20260402_3.xml,R_20260407_2.xml,No,912834ZV3,null,null,2026-04-07,3,0.11243603775644931,0.6333611135113686,20.180747873508373,0.018333333333333535,0.0015745960226231787,4.61999999999998,2.464999999999984
2026-04-15,91282CPZ8,Note,9-Year 10-Month,2026-04-08,2026-04-15,2036-02-15,98.740656,null,6.7230700000,null,null,38.890000,2,null,2026-04-02,Single-Price,null,null,null,null,4.230000,Yes,2026-02-15,2.43,No,null,null,No,01:00 PM,12:00 PM,38921968500,3,94637801000,Yes,912821TV7,null,92910000000.000000,2026-02-15,9295000000,11291000000,70962000000,Yes,0,0,Normal,2026-08-15,No,null,null,null,null,98.740656,null,4.282,null,25424801000.0,32080801000,Semi-Annual,4.125000,null,null,null,null,4.120000,2026-04-15,13650000000,10000000,13650000000,100,100,100,100,100,28400000000,13650000000,78033800,Yes,39000000000,null,2026-02-15,2026-02-17,10-Year,A_20260402_2.pdf,R_20260408_2.pdf,NCR_20260408_2.pdf,4202167500.0,51266000000,null,null,Yes,10-Month,9-Year,B-2036,6916045100,21103000000,No,6916045100,null,20.6250,Yes,null,45916047400.0,101631879900,35027600,Yes,null,null,A_20260402_2.xml,R_20260408_2.xml,No,null,null,null,2026-04-08,10,0.09151849381530171,0.5537236421617597,39.0,-0.04499999999999993,0.0010213962976414193,-11.20000000000001,-4.984999999999974
2026-04-15,912810UR7,Bond,29-Year 10-Month,2026-04-09,2026-04-15,2056-02-15,98.017194,null,7.7417100000,null,null,15.440000,2,null,2026-04-02,Single-Price,null,null,null,null,4.823000,Yes,2026-02-15,2.39,No,null,null,No,01:00 PM,12:00 PM,21973237800,3,52452190600,Yes,912803HS5,null,54087000000.000000,2026-02-15,5324955200,6752400000,70962000000,Yes,0,0,Normal,2026-08-15,No,null,null,null,null,98.017194,null,4.876,null,14094190600.0,17194190600,Semi-Annual,4.750000,null,null,null,null,1.888000,2026-04-15,7700000000,10000000,7700000000,100,100,100,100,100,16500000000,7700000000,26789700,Yes,22000000000,null,2026-02-15,2026-02-17,30-Year,A_20260402_4.pdf,R_20260409_3.pdf,NCR_20260409_3.pdf,2554092000.0,28505600000,null,null,Yes,10-Month,29-Year,Bonds of February 2056,3901358700,21103000000,No,3901358700,null,23.7500,Yes,null,25901386200.0,56380339000,10190700,Yes,null,null,A_20260402_4.xml,R_20260409_3.xml,No,null,null,null,2026-04-09,30,0.09860831309484124,0.5441481197635669,45.132168885017144,-0.03666666666666618,0.0064209837936575614,-14.609999999999967,5.1883333333333645
2026-04-30,912810UT3,Bond,19-Year 10-Month,2026-04-22,2026-04-30,2046-02-15,96.735962,null,9.4544200000,null,null,56.280000,2,null,2026-04-16,Single-Price,null,null,null,null,4.841000,Yes,2026-02-15,2.68,No,null,null,No,01:00 PM,12:00 PM,12944148000,3,34832868000,Yes,912803HT3,null,32258000000.000000,2026-02-15,2961500000,4635000000,229920000000,Yes,0,0,Normal,2026-08-15,No,null,null,null,null,96.735962,null,4.883,null,8723508000.0,11893368000,Semi-Annual,4.625000,null,null,null,null,3.880000,2026-04-30,4550000000,10000000,4550000000,100,100,100,100,100,10200000000,4550000000,55853000,Yes,13000000000,null,2026-02-15,2026-03-02,20-Year,A_20260416_5.pdf,R_20260422_2.pdf,NCR_20260422_2.pdf,1259140000.0,18304500000,null,null,Yes,10-Month,19-Year,Bonds of February 2046,1636143300,31716000000,No,1636143300,null,23.1250,Yes,null,14636144300.0,36524864300,21253000,Yes,null,null,A_20260416_5.xml,R_20260422_2.xml,No,null,null,null,2026-04-22,20,0.08602948797109086,0.5960250063946144,21.330614131782042,0.04833333333333378,-0.01512735189344068,-12.249999999999961,0.008333333333373716
2026-04-30,91282CQL8,Note,2-Year,2026-04-27,2026-04-30,2028-04-30,99.881691,null,null,null,null,4.280000,2,null,2026-04-23,Single-Price,null,null,null,null,3.750000,No,null,2.65,No,null,null,No,11:30 AM,11:00 AM,68334730100,3,182422740000,Yes,912821UF0,null,null,2026-04-30,21626470100,26499000000,229920000000,Yes,200000000,200000000,Normal,2026-10-31,No,null,null,null,null,99.881691,null,3.812,null,38597840000.0,54422740000,Semi-Annual,3.750000,null,null,null,null,2.880000,2026-04-30,24150000000,10000000,24150000000,100,100,100,100,100,0,24150000000,465345300,Yes,69000000000,null,null,null,2-Year,A_20260423_1.pdf,R_20260427_1.pdf,NCR_20260427_2.pdf,8110420000.0,101501000000,null,null,No,0-Month,2-Year,BA-2028,8684145700,31716000000,No,8684145700,null,18.7500,Yes,null,77684221100.0,191772231000,247171300,Yes,null,null,A_20260423_1.xml,R_20260427_1.xml,No,null,null,"SPL_20260423_1.pdf, SPL_20260423_2.pdf",2026-04-27,2,0.10440241126392655,0.4968555963290723,16.358793525501994,0.08499999999999996,-0.018187863657046513,7.709999999999972,4.084999999999969
2026-04-30,91282CQK0,Note,5-Year,2026-04-27,2026-04-30,2031-04-30,99.640273,null,null,null,null,61.040000,2,null,2026-04-23,Single-Price,null,null,null,null,3.902000,No,null,2.33,No,null,null,No,01:00 PM,12:00 PM,69875552600,3,162951063000,Yes,912821UG8,null,null,2026-04-30,10499000000,12854000000,229920000000,Yes,0,0,Normal,2026-10-31,No,null,null,null,null,99.640273,null,3.955,null,50513063000.0,59861063000,Semi-Annual,3.875000,null,null,null,null,3.840000,2026-04-30,24500000000,10000000,24500000000,100,100,100,100,100,0,24500000000,124455100,Yes,70000000000,null,null,null,5-Year,A_20260423_4.pdf,R_20260427_4.pdf,NCR_20260427_4.pdf,8863489600.0,90236000000,null,null,No,0-Month,5-Year,Y-2031,8810002900,31716000000,No,8810002900,null,19.3750,Yes,null,78810010600.0,171885521000,35046100,Yes,null,null,A_20260423_4.xml,R_20260427_4.xml,No,null,null,SPL_20260423_1.pdf,2026-04-27,5,0.11246654495437919,0.640947293566282,38.87787063791461,-0.08000000000000007,0.011936989704540144,4.610000000000003,8.268333333333336
2026-04-30,91282CQN4,Note,7-Year,2026-04-28,2026-04-30,2033-04-30,99.699199,null,null,null,null,1.890000,2,null,2026-04-23,Single-Price,null,null,null,null,4.120000,No,null,2.51,No,null,null,No,01:00 PM,12:00 PM,43911881800,3,110488273000,Yes,912821UH6,null,null,2026-04-30,13177650000,15867900000,229920000000,Yes,0,0,Normal,2026-10-31,No,null,null,null,null,99.699199,null,4.175,null,25623768000.0,33926373000,Semi-Annual,4.125000,null,null,null,null,2.880000,2026-04-30,15400000000,10000000,15400000000,100,100,100,100,100,0,15400000000,88173900,Yes,44000000000,null,null,null,7-Year,A_20260423_6.pdf,R_20260428_3.pdf,NCR_20260428_3.pdf,5110463800.0,60694000000,null,null,No,0-Month,7-Year,K-2033,5537716000,31716000000,No,5537716000,null,20.6250,Yes,null,49537771700.0,116114162900,44137900,Yes,null,null,A_20260423_6.xml,R_20260428_3.xml,No,912834ZW1,null,null,2026-04-28,7,0.10316297291183972,0.5172571781221237,32.78819576704501,0.04166666666666652,-0.0022491588465133883,5.379999999999985,3.441666666666647
2026-05-15,91282CQR5,Note,3-Year,2026-05-11,2026-05-15,2029-05-15,99.747787,null,null,null,null,37.530000,2,null,2026-05-06,Single-Price,null,null,null,null,3.917000,No,null,2.54,No,null,null,No,01:00 PM,12:00 PM,57599404500,3,146914420000,Yes,912821UJ2,null,null,2026-05-15,11600454500,14626000000,83284000000,Yes,200000000,200000000,Normal,2026-11-15,No,null,null,null,null,99.747787,null,3.965,null,36261950000.0,46832420000,Semi-Annual,3.875000,null,null,null,null,3.800000,2026-05-15,20300000000,10000000,20300000000,100,100,100,100,100,0,20300000000,200595700,Yes,58000000000,null,null,null,3-Year,A_20260506_2.pdf,R_20260511_3.pdf,NCR_20260511_3.pdf,9737000000.0,85456000000,null,null,No,0-Month,3-Year,AN-2029,13771891200,29681000000,No,13771891200,null,19.3750,Yes,null,71771891400.0,161086906900,70022700,Yes,null,null,A_20260506_2.xml,R_20260511_3.xml,No,null,null,null,2026-05-11,3,0.13566592450146855,0.5052388796319223,20.180747873508373,-0.125,0.02356496068981831,8.44999999999998,5.296666666666653
2026-05-15,91282CQQ7,Note,10-Year,2026-05-12,2026-05-15,2036-05-15,99.256552,null,null,null,null,22.000000,2,null,2026-05-06,Single-Price,null,null,null,null,4.413000,No,null,2.4,No,null,null,No,01:00 PM,12:00 PM,41869018000,3,100759818000,Yes,912821UK9,null,null,2026-05-15,10078500000,12418500000,83284000000,Yes,0,0,Normal,2026-11-15,No,null,null,null,null,99.256552,null,4.468,null,26775518000.0,32367318000,Semi-Annual,4.375000,null,null,null,null,4.340000,2026-05-15,14700000000,10000000,14700000000,100,100,100,100,100,0,14700000000,131024400,Yes,42000000000,null,null,null,10-Year,A_20260506_1.pdf,R_20260512_3.pdf,NCR_20260512_3.pdf,5015000000.0,55974000000,null,null,No,0-Month,10-Year,C-2036,9972748700,29681000000,No,9972748700,null,21.8750,Yes,null,51972791100.0,110863591100,58319400,Yes,null,null,A_20260506_1.xml,R_20260512_3.xml,No,null,null,null,2026-05-12,10,0.09649279736296479,0.5151833764032735,42.0,-0.06666666666666687,0.005591834910191398,-1.9400000000000084,4.830000000000023
2026-05-15,912810UU0,Bond,30-Year,2026-05-13,2026-05-15,2056-05-15,99.292811,null,null,null,null,72.060000,2,null,2026-05-06,Single-Price,null,null,null,null,4.990000,No,null,2.3,No,null,null,No,01:00 PM,12:00 PM,24937681600,3,57504603000,Yes,912803HV8,null,null,2026-05-15,5420900000,6770900000,83284000000,Yes,0,0,Normal,2026-11-15,No,null,null,null,null,99.292811,null,5.046,null,16609721600.0,19839203000,Semi-Annual,5.000000,null,null,null,null,3.880000,2026-05-15,8750000000,10000000,8750000000,100,100,100,100,100,0,8750000000,62324000,Yes,25000000000,null,null,null,30-Year,A_20260506_3.pdf,R_20260513_2.pdf,NCR_20260513_2.pdf,2907060000.0,30894500000,null,null,No,0-Month,30-Year,Bonds of May 2056,5936159900,29681000000,No,5936159900,null,25.0000,Yes,null,30936165500.0,63503086900,24474000,Yes,null,null,A_20260506_3.xml,R_20260513_2.xml,No,912834ZX9,null,null,2026-05-13,30,0.09396962917075162,0.5369030496038689,51.28655555115584,-0.1283333333333334,-0.000507899798847633,-18.569999999999975,0.7500000000000142
2026-06-01,912810UV8,Bond,20-Year,2026-05-20,2026-06-01,2046-05-15,98.481099,null,2.3097800000,null,null,1.670000,2,null,2026-05-14,Single-Price,null,null,null,null,5.068000,Yes,2026-05-15,2.55,No,null,null,No,01:00 PM,12:00 PM,15829823000,3,40665950000,Yes,912803HW6,null,null,2026-05-15,3631500000,4812500000,130939000000,Yes,0,0,Normal,2026-11-15,No,null,null,null,null,98.481099,null,5.122,null,10712317000.0,14564450000,Semi-Annual,5.000000,null,null,null,null,3.880000,2026-05-31,5600000000,10000000,5600000000,100,100,100,100,100,0,5600000000,170180700,Yes,16000000000,null,null,null,20-Year,A_20260514_3.pdf,R_20260520_2.pdf,NCR_20260520_2.pdf,1486006000.0,21289000000,null,null,No,0-Month,20-Year,Bonds of May 2046,2360684500,29361000000,No,2360684500,null,25.0000,Yes,null,18360688200.0,43196815200,48456700,Yes,null,null,A_20260514_3.xml,R_20260520_2.xml,No,null,null,null,2026-05-20,20,0.08093411226274187,0.5834376622113762,26.25306354680867,-0.07333333333333325,-0.018823633647896854,-13.870000000000005,-1.2916666666666767
2026-06-01,91282CQS3,Note,2-Year,2026-05-26,2026-06-01,2028-05-31,99.864901,null,0.1092900000,null,null,42.140000,2,null,2026-05-21,Single-Price,null,null,null,null,4.015000,Yes,2026-05-31,2.64,No,null,null,No,01:00 PM,12:00 PM,68274791000,3,181345923000,Yes,912821UL7,null,null,2026-05-31,20557500000,25366000000,130939000000,Yes,0,0,Normal,2026-11-30,No,null,null,null,null,99.864901,null,4.071,null,39294023000.0,58227923000,Semi-Annual,4.000000,null,null,null,null,3.900000,2026-05-31,24150000000,10000000,24150000000,100,100,100,100,100,0,24150000000,725260500,Yes,69000000000,null,null,null,2-Year,A_20260521_6.pdf,R_20260526_4.pdf,NCR_20260526_4.pdf,8423268000.0,97752000000,null,null,No,0-Month,2-Year,BC-2028,10180452200,29361000000,No,10180452200,null,20.0000,Yes,null,79180503700.0,192251635700,293067500,Yes,null,null,A_20260521_6.xml,R_20260526_4.xml,No,null,null,"SPL_20260521_1.pdf, SPL_20260521_2.pdf",2026-05-26,2,0.10638058115813678,0.4962588157923022,16.358793525501994,0.05166666666666675,-0.015550836890229042,3.8100000000000023,-1.2249999999999943
2026-06-01,91282CQU8,Note,5-Year,2026-05-27,2026-06-01,2031-05-31,99.745106,null,0.1127000000,null,null,75.220000,2,null,2026-05-21,Single-Price,null,null,null,null,4.125000,Yes,2026-05-31,2.34,No,null,null,No,01:00 PM,12:00 PM,69746462500,3,163570965500,Yes,912821UM5,null,null,2026-05-31,8609059400,12897000000,130939000000,Yes,100000000,100000000,Normal,2026-11-30,No,null,null,null,null,99.745106,null,4.182,null,52207838100.0,61390965500,Semi-Annual,4.125000,null,null,null,null,4.070000,2026-05-31,24500000000,10000000,24500000000,100,100,100,100,100,0,24500000000,153591500,Yes,70000000000,null,null,null,5-Year,A_20260521_7.pdf,R_20260527_3.pdf,NCR_20260527_3.pdf,8929565000.0,89283000000,null,null,No,0-Month,5-Year,Z-2031,10327995000,29361000000,No,10327995000,null,20.6250,Yes,null,80328049000.0,174152552000,54310500,Yes,null,null,A_20260521_7.xml,R_20260527_3.xml,No,null,null,SPL_20260521_3.pdf,2026-05-27,5,0.11116372314731558,0.6499328534669129,38.87787063791461,-0.05666666666666709,0.00835188559199132,-1.3099999999999667,1.1700000000000341
2026-06-01,91282CQT1,Note,7-Year,2026-05-28,2026-06-01,2033-05-31,99.760165,null,0.1161200000,null,null,71.230000,2,null,2026-05-21,Single-Price,null,null,null,null,4.240000,Yes,2026-05-31,2.52,No,null,null,No,01:00 PM,12:00 PM,43917937100,3,110712243000,Yes,912821UN3,null,null,2026-05-31,4916350000,8093100000,130939000000,Yes,0,0,Normal,2026-11-30,No,null,null,null,null,99.760165,null,4.29,null,34425897100.0,41618143000,Semi-Annual,4.250000,null,null,null,null,2.880000,2026-05-31,15400000000,10000000,15400000000,100,100,100,100,100,0,15400000000,82069100,Yes,44000000000,null,null,null,7-Year,A_20260521_4.pdf,R_20260528_3.pdf,NCR_20260528_3.pdf,4575690000.0,61001000000,null,null,No,0-Month,7-Year,L-2033,6491882600,29361000000,No,6491882600,null,21.2500,Yes,null,50491888800.0,117286194700,30164100,Yes,null,null,A_20260521_4.xml,R_20260528_3.xml,No,912834ZY7,null,null,2026-05-28,7,0.09062227832522676,0.6818104435815837,32.78819576704501,0.043333333333333446,-0.01128681254013568,-4.779999999999962,-7.554999999999964
2026-06-15,91282CQV6,Note,3-Year,2026-06-09,2026-06-15,2029-06-15,99.812958,null,null,null,null,42.920000,2,null,2026-06-04,Single-Price,null,null,null,null,4.147000,No,null,2.64,No,null,null,No,01:00 PM,12:00 PM,57733403100,3,153124410000,Yes,912821UP8,null,null,2026-06-15,12131465100,16178000000,39999000000,Yes,5000000,5000000,Normal,2026-12-15,No,null,null,null,null,99.812958,null,4.192,null,36781410000.0,48981410000,Semi-Annual,4.125000,null,null,null,null,2.880000,2026-06-15,20300000000,10000000,20300000000,100,100,100,100,100,0,20300000000,261616100,Yes,58000000000,null,null,null,3-Year,A_20260604_4.pdf,R_20260609_3.pdf,NCR_20260609_3.pdf,8820528000.0,87965000000,null,null,No,0-Month,3-Year,AP-2029,0,0,No,0,null,20.6250,Yes,null,58000019200.0,153391026100,90506100,Yes,null,null,A_20260604_4.xml,R_20260609_3.xml,No,912834ZZ4,null,null,2026-06-09,3,0.15207801862244902,0.6341620314498103,20.180747873508373,0.02666666666666684,0.03131675988930617,5.120000000000058,1.3100000000000702
2026-06-15,91282CQQ7,Note,9-Year 11-Month,2026-06-10,2026-06-15,2036-05-15,98.703094,null,3.6854600000,null,null,71.340000,2,null,2026-06-04,Single-Price,null,null,null,null,4.480000,Yes,2026-05-15,2.57,No,null,null,No,01:00 PM,12:00 PM,38914680400,3,99959349000,Yes,912821UK9,null,51972000000.000000,2026-05-15,4796000000,7916500000,39999000000,Yes,0,0,Normal,2026-11-15,No,null,null,null,null,98.703094,null,4.538,null,30435505400.0,37206849000,Semi-Annual,4.375000,null,null,null,null,4.400000,2026-06-15,13650000000,10000000,13650000000,100,100,100,100,100,14700000000,13650000000,85320600,Yes,39000000000,null,2026-05-15,2026-05-15,10-Year,A_20260604_2.pdf,R_20260610_2.pdf,NCR_20260610_2.pdf,3683175000.0,54836000000,null,null,Yes,11-Month,9-Year,C-2036,0,0,No,0,null,21.8750,Yes,null,39000001000.0,100044669600,38560800,Yes,null,null,A_20260604_2.xml,R_20260610_2.xml,No,null,null,null,2026-06-10,10,0.09444038219383635,0.7803975543487807,39.0,0.10833333333333339,0.0024776184037220567,-7.350000000000012,-2.079999999999978
2026-06-15,912810UU0,Bond,29-Year 11-Month,2026-06-11,2026-06-15,2056-05-15,99.683378,null,4.2119600000,null,null,32.360000,2,null,2026-06-04,Single-Price,null,null,null,null,4.960000,Yes,2026-05-15,2.33,No,null,null,No,01:00 PM,12:00 PM,21959443000,3,51179273000,Yes,912803HV8,null,30936000000.000000,2026-05-15,5557100000,6725100000,39999000000,Yes,0,0,Normal,2026-11-15,No,null,null,null,null,99.683378,null,5.02,null,13164713000.0,16105173000,Semi-Annual,5.000000,null,null,null,null,4.890000,2026-06-15,7700000000,10000000,7700000000,100,100,100,100,100,8800000000,7700000000,40579800,Yes,22000000000,null,2026-05-15,2026-05-15,30-Year,A_20260604_3.pdf,R_20260611_3.pdf,NCR_20260611_3.pdf,3237630000.0,28349000000,null,null,Yes,11-Month,29-Year,Bonds of May 2056,0,0,No,0,null,25.0000,Yes,null,22000022800.0,51219852800,15269800,Yes,null,null,A_20260604_3.xml,R_20260611_3.xml,No,null,null,null,2026-06-11,30,0.1471648474837035,0.5983954252992865,45.132168885017144,-0.10000000000000009,0.057905763393362494,-19.900000000000073,0.26833333333324205
2026-06-22,912810UV8,Bond,19-Year 11-Month,2026-06-16,2026-06-22,2046-05-15,100.909218,null,5.1630400000,null,null,56.570000,2,null,2026-06-11,Single-Price,null,null,null,null,4.875000,Yes,2026-05-15,2.75,No,null,null,No,01:00 PM,12:00 PM,12932506400,3,35651830000,Yes,912803HW6,null,18360000000.000000,2026-05-15,2579248900,4511500000,0,Yes,0,0,Normal,2026-11-15,No,null,null,null,null,100.909218,null,4.927,null,9256257500.0,12646830000,Semi-Annual,5.000000,null,null,null,null,3.880000,2026-06-22,4550000000,10000000,4550000000,100,100,100,100,100,5600000000,4550000000,67525300,Yes,13000000000,null,2026-05-15,2026-06-01,20-Year,A_20260611_1.pdf,R_20260616_2.pdf,NCR_20260616_2.pdf,1097000000.0,18493500000,null,null,Yes,11-Month,19-Year,Bonds of May 2046,0,0,No,0,null,25.0000,Yes,null,13000031700.0,35719355300,34186300,Yes,null,null,A_20260611_1.xml,R_20260616_2.xml,No,null,null,null,2026-06-16,20,0.08438440961647808,0.7120180714636257,21.330614131782042,0.1033333333333335,-0.011943074253631183,-11.470000000000002,1.354999999999995
2026-06-30,91282CQY0,Note,2-Year,2026-06-23,2026-06-30,2028-06-30,99.878432,null,null,null,null,5.660000,2,null,2026-06-18,Single-Price,null,null,null,null,4.138000,No,null,2.64,No,null,null,No,01:00 PM,12:00 PM,68035905000,3,181436815000,Yes,912821UQ6,null,null,2026-06-30,23343000000,28404000000,142819000000,Yes,205000000,205000000,Normal,2026-12-31,No,null,null,null,null,99.878432,null,4.189,null,37726415000.0,54184815000,Semi-Annual,4.125000,null,null,null,null,4.080000,2026-06-30,24150000000,10000000,24150000000,100,100,100,100,100,0,24150000000,759106400,Yes,69000000000,null,null,null,2-Year,A_20260618_5.pdf,R_20260623_2.pdf,NCR_20260623_2.pdf,6966490000.0,98848000000,null,null,No,0-Month,2-Year,BD-2028,10328694400,30986000000,No,10328694400,null,20.6250,Yes,null,79328705800.0,192729615800,312015400,Yes,null,null,A_20260618_5.xml,R_20260623_2.xml,No,null,null,SPL_20260618_1.pdf,2026-06-23,2,0.0878180216070032,0.4755707863823489,16.358793525501994,0.043333333333333446,-0.03373304965699114,4.159999999999986,-0.8366666666666775
2026-06-30,91282CQX2,Note,5-Year,2026-06-24,2026-06-30,2031-06-30,99.664909,null,null,null,null,86.810000,2,null,2026-06-18,Single-Price,null,null,null,null,4.135000,No,null,2.35,No,null,null,No,01:00 PM,12:00 PM,69854999700,3,164427300200,Yes,912821UR4,null,null,2026-06-30,17820350000,21416600000,142819000000,Yes,4900000,4900000,Normal,2026-12-31,No,null,null,null,null,99.664909,null,4.2,null,43028302200.0,51983700200,Semi-Annual,4.125000,null,null,null,null,4.085000,2026-06-30,24500000000,10000000,24500000000,100,100,100,100,100,0,24500000000,140118100,Yes,70000000000,null,null,null,5-Year,A_20260618_2.pdf,R_20260624_3.pdf,NCR_20260624_3.pdf,9006347500.0,91027000000,null,null,No,0-Month,5-Year,AA-2031,10478385600,30986000000,No,10478385600,null,20.6250,Yes,null,80478403400.0,175050703900,48019100,Yes,null,null,A_20260618_2.xml,R_20260624_3.xml,No,null,null,SPL_20260618_2.pdf,2026-06-24,5,0.11191011649716699,0.5346565088541505,38.87787063791461,-0.04499999999999993,0.0038583640305088346,-6.459999999999955,-2.874999999999961
2026-06-30,91282CQW4,Note,7-Year,2026-06-25,2026-06-30,2033-06-30,99.940019,null,null,null,null,36.220000,2,null,2026-06-18,Single-Price,null,null,null,null,4.200000,No,null,2.5,No,null,null,No,01:00 PM,12:00 PM,43927162000,3,109847684000,Yes,912821US2,null,null,2026-06-30,13044711000,16829900000,142819000000,Yes,0,0,Normal,2026-12-31,No,null,null,null,null,99.940019,null,4.26,null,25281614000.0,32190284000,Semi-Annual,4.250000,null,null,null,null,4.140000,2026-06-30,15400000000,10000000,15400000000,100,100,100,100,100,0,15400000000,72861700,Yes,44000000000,null,null,null,7-Year,A_20260618_6.pdf,R_20260625_3.pdf,NCR_20260625_3.pdf,5600837000.0,60827500000,null,null,No,0-Month,7-Year,M-2033,6586413700,30986000000,No,6586413700,null,21.2500,Yes,null,50586437400.0,116506959400,18721700,Yes,null,null,A_20260618_6.xml,R_20260625_3.xml,No,912834K80,null,null,2026-06-25,7,0.11071815466491024,0.4997705966144989,32.78819576704501,0.013333333333333197,0.013231837135096292,-2.3800000000000487,-3.9333333333333886
2026-07-15,91282CQZ7,Note,3-Year,2026-07-07,2026-07-15,2029-07-15,99.849217,null,null,null,null,2.170000,2,null,2026-07-02,Single-Price,null,null,null,null,4.134000,No,null,2.6,No,null,null,No,01:00 PM,12:00 PM,57799547000,3,150608870000,Yes,912821UT0,null,null,2026-07-15,14308250000,17665000000,75144000000,Yes,5000000,5000000,Normal,2027-01-15,No,null,null,null,null,99.849217,null,4.179,null,39016667500.0,52403870000,Semi-Annual,4.125000,null,null,null,null,3.965000,2026-07-15,20300000000,10000000,20300000000,100,100,100,100,100,0,20300000000,195461400,Yes,58000000000,null,null,null,3-Year,A_20260702_3.pdf,R_20260707_3.pdf,NCR_20260707_3.pdf,4474629500.0,80540000000,null,null,No,0-Month,3-Year,AQ-2029,6031635400,12375000000,No,6031635400,null,20.6250,Yes,null,64031643800.0,156840966800,77314800,Yes,null,null,A_20260702_3.xml,R_20260707_3.xml,No,912834K98,null,null,2026-07-07,3,0.06988153410486082,0.6093341539359325,20.180747873508373,-0.013333333333333197,-0.061250575697619644,8.640000000000025,4.886666666666692
2026-07-15,91282CQQ7,Note,9-Year 10-Month,2026-07-08,2026-07-15,2036-05-15,98.380297,null,7.2520400000,null,null,40.290000,2,null,2026-07-02,Single-Price,null,null,null,null,4.530000,Yes,2026-05-15,2.59,No,null,null,No,01:00 PM,12:00 PM,38923847700,3,101048621000,Yes,912821UK9,null,90972000000.000000,2026-05-15,4175493900,7845700000,75144000000,Yes,0,0,Normal,2026-11-15,No,null,null,null,null,98.380297,null,4.58,null,31720938500.0,37926921000,Semi-Annual,4.375000,null,null,null,null,4.400000,2026-07-15,13650000000,10000000,13650000000,100,100,100,100,100,28400000000,13650000000,76272700,Yes,39000000000,null,2026-05-15,2026-05-15,10-Year,A_20260702_4.pdf,R_20260708_2.pdf,NCR_20260708_2.pdf,3027415300.0,55276000000,null,null,Yes,10-Month,9-Year,C-2036,4055754800,12375000000,No,4055754800,null,21.8750,Yes,null,43055875200.0,105180648500,34705700,Yes,null,null,A_20260702_4.xml,R_20260708_2.xml,No,null,null,null,2026-07-08,10,0.07031363979798975,0.7367389085148593,39.0,0.125,-0.022747218757755983,-2.850000000000019,2.416666666666674
2026-07-15,912810UU0,Bond,29-Year 10-Month,2026-07-09,2026-07-15,2056-05-15,99.097875,null,8.2880400000,null,null,7.130000,2,null,2026-07-02,Single-Price,null,null,null,null,5.007000,Yes,2026-05-15,2.44,No,null,null,No,01:00 PM,12:00 PM,21951364800,3,53717644000,Yes,912803HV8,null,52935000000.000000,2026-05-15,2679847800,4530300000,75144000000,Yes,0,0,Normal,2026-11-15,No,null,null,null,null,99.097875,null,5.058,null,17065257000.0,20455344000,Semi-Annual,5.000000,null,null,null,null,2.888000,2026-07-15,7700000000,10000000,7700000000,100,100,100,100,100,16500000000,7700000000,48667300,Yes,22000000000,null,2026-05-15,2026-05-15,30-Year,A_20260702_2.pdf,R_20260709_3.pdf,NCR_20260709_3.pdf,2206260000.0,28732000000,null,null,Yes,10-Month,29-Year,Bonds of May 2056,2287861600,12375000000,No,2287861600,null,25.0000,Yes,null,24287893700.0,56054172900,23617300,Yes,null,null,A_20260702_2.xml,R_20260709_3.xml,No,null,null,null,2026-07-09,30,0.09083784815807226,0.7026239990501935,45.132168885017144,0.01499999999999968,-0.0043915026935720525,-17.740000000000045,1.9049999999999407
2026-07-24,912810UV8,Bond,19-Year 10-Month,2026-07-22,2026-07-24,2046-05-15,97.977958,null,9.5108700000,null,null,15.130000,2,null,2026-07-16,Single-Price,null,null,null,null,5.120000,Yes,2026-05-15,2.64,No,null,null,No,01:00 PM,12:00 PM,12881600000,3,34163870000,Yes,912803HW6,null,31359000000.000000,2026-05-15,2088500000,3337000000,0,Yes,0,0,Normal,2026-11-15,No,null,null,null,null,97.977958,null,5.163,null,8903970000.0,11914870000,Semi-Annual,5.000000,null,null,null,null,3.880000,2026-07-24,4550000000,10000000,4550000000,100,100,100,100,100,10200000000,4550000000,118408500,Yes,13000000000,null,2026-05-15,2026-06-01,20-Year,A_20260716_1.pdf,R_20260722_2.pdf,NCR_20260722_2.pdf,1889130000.0,18912000000,null,null,Yes,10-Month,19-Year,Bonds of May 2046,0,0,No,0,null,25.0000,Yes,null,13000008500.0,34282278500,45461500,Yes,null,null,A_20260716_1.xml,R_20260722_2.xml,No,null,null,null,2026-07-22,20,0.14531759729234023,0.6849203213982514,21.330614131782042,-0.020000000000000018,0.05377360960280715,-4.659999999999975,8.311666666666689
2026-07-31,91282CRB9,Note,2-Year,2026-07-27,2026-07-31,2028-07-31,99.876720,null,null,null,null,69.040000,2,null,2026-07-23,Single-Price,null,null,null,null,4.270000,No,null,2.66,No,null,null,No,11:30 AM,11:00 AM,67776042400,3,182453432000,Yes,912821UV5,null,null,2026-07-31,23080167200,31311800000,222735000000,Yes,305000000,305000000,Normal,2027-01-31,No,null,null,null,null,99.876720,null,4.315,null,38355032000.0,52334632000,Semi-Annual,4.250000,null,null,null,null,4.220000,2026-07-31,24150000000,10000000,24150000000,100,100,100,100,100,0,24150000000,919081500,Yes,69000000000,null,null,null,2-Year,A_20260723_1.pdf,R_20260727_2.pdf,NCR_20260727_1.pdf,6340843200.0,98807000000,null,null,No,0-Month,2-Year,BE-2028,7628718200,25871000000,No,7628718200,null,21.2500,Yes,null,76628842100.0,191306231700,395565100,Yes,null,null,A_20260723_1.xml,R_20260727_2.xml,No,null,null,"SPL_20260723_1.pdf, SPL_20260723_2.pdf",2026-07-27,2,0.08274747505286915,0.5005299695113101,16.358793525501994,0.07000000000000028,-0.03678419608026659,6.760000000000055,1.0583333333333913
2026-07-31,91282CRA1,Note,5-Year,2026-07-27,2026-07-31,2031-07-31,99.853357,null,null,null,null,51.710000,2,null,2026-07-23,Single-Price,null,null,null,null,4.343000,No,null,2.28,No,null,null,No,01:00 PM,12:00 PM,69805215000,3,159557505000,Yes,912821UW3,null,null,2026-07-31,19003000000,23413000000,222735000000,Yes,50000000,50000000,Normal,2027-01-31,No,null,null,null,null,99.853357,null,4.408,null,41354505000.0,47204505000,Semi-Annual,4.375000,null,null,null,null,4.290000,2026-07-31,24500000000,10000000,24500000000,100,100,100,100,100,0,24500000000,144786500,Yes,70000000000,null,null,null,5-Year,A_20260723_7.pdf,R_20260727_3.pdf,NCR_20260727_3.pdf,9447710000.0,88940000000,null,null,No,0-Month,5-Year,AB-2031,7739279400,25871000000,No,7739279400,null,21.8750,Yes,null,77739280900.0,167491570900,52590300,Yes,null,null,A_20260723_7.xml,R_20260727_3.xml,No,null,null,"SPL_20260723_1.pdf, SPL_20260723_3.pdf",2026-07-27,5,0.12153070996570024,0.5319640794361914,38.87787063791461,-0.04833333333333334,0.0061797630407458976,-1.3399999999999856,-0.6816666666666619
2026-07-31,91282CRC7,Note,7-Year,2026-07-28,2026-07-31,2033-07-31,99.416549,null,null,null,null,95.170000,2,null,2026-07-23,Single-Price,null,null,null,null,4.405000,No,null,2.49,No,null,null,No,01:00 PM,12:00 PM,43909474000,3,109314764000,Yes,912821UX1,null,null,2026-07-31,7413000000,11925500000,222735000000,Yes,0,0,Normal,2027-01-31,No,null,null,null,null,99.416549,null,4.473,null,30801964000.0,35987264000,Semi-Annual,4.375000,null,null,null,null,4.300000,2026-07-31,15400000000,10000000,15400000000,100,100,100,100,100,0,15400000000,90527200,Yes,44000000000,null,null,null,7-Year,A_20260723_6.pdf,R_20260728_2.pdf,NCR_20260728_2.pdf,5694510000.0,61402000000,null,null,No,0-Month,7-Year,N-2033,4864689800,25871000000,No,4864689800,null,21.8750,Yes,null,48864691000.0,114269981000,29036200,Yes,null,null,A_20260723_6.xml,R_20260728_2.xml,No,912834L30,null,null,2026-07-28,7,0.11653629406967907,0.6303521698315866,32.78819576704501,0.0050000000000003375,0.014630154971007364,-5.229999999999979,-6.19166666666664
2026-08-17,91282CRG8,Note,3-Year,2026-08-11,2026-08-17,2029-08-15,99.885444,null,0.2309800000,null,null,18.310000,2,null,2026-08-05,Single-Price,null,null,null,null,4.243000,Yes,2026-08-15,2.71,No,null,null,No,01:00 PM,12:00 PM,57400241500,3,156700220000,Yes,912821UY9,null,null,2026-08-15,13788100000,22506600000,96267000000,Yes,250000000,250000000,Normal,2027-02-15,No,null,null,null,null,99.885444,null,4.291,null,36872620000.0,47829620000,Semi-Annual,4.250000,null,null,null,null,3.880000,2026-08-15,20300000000,10000000,20300000000,100,100,100,100,100,0,20300000000,349775600,Yes,58000000000,null,null,null,3-Year,A_20260805_3.pdf,R_20260811_2.pdf,NCR_20260811_2.pdf,6739521500.0,86364000000,null,null,No,0-Month,3-Year,AR-2029,14670563200,31618000000,No,14670563200,null,21.2500,Yes,null,72670580300.0,171970558800,114383400,Yes,null,null,A_20260805_3.xml,R_20260811_2.xml,No,null,null,SPL_20260810_1.pdf,2026-08-11,3,0.09274071394748447,0.5073940492532437,20.180747873508373,0.10499999999999998,-0.03210335741028192,4.520000000000035,0.013333333333361175
2026-08-17,91282CRF0,Note,10-Year,2026-08-12,2026-08-17,2036-08-15,99.540696,null,0.2513600000,null,null,65.270000,2,null,2026-08-05,Single-Price,null,null,null,null,4.630000,Yes,2026-08-15,2.53,No,null,null,No,01:00 PM,12:00 PM,41821613600,3,106155266000,Yes,912821UZ6,null,null,2026-08-15,6135867600,10697600000,96267000000,Yes,0,0,Normal,2027-02-15,No,null,null,null,null,99.540696,null,4.683,null,32087936000.0,37281666000,Semi-Annual,4.625000,null,null,null,null,4.570000,2026-08-15,14700000000,10000000,14700000000,100,100,100,100,100,0,14700000000,178432300,Yes,42000000000,null,null,null,10-Year,A_20260805_1.pdf,R_20260812_2.pdf,NCR_20260812_2.pdf,3597810000.0,58176000000,null,null,No,0-Month,10-Year,E-2036,10623511200,31618000000,No,10623511200,null,23.1250,Yes,null,52623557100.0,116957209500,57449200,Yes,null,null,A_20260805_1.xml,R_20260812_2.xml,No,null,null,SPL_20260810_1.pdf,2026-08-12,10,0.06836881043907996,0.6097637211985428,42.0,0.058333333333333126,-0.028877109216231475,-9.989999999999988,-5.478333333333296
2026-08-17,912810UW6,Bond,30-Year,2026-08-13,2026-08-17,2056-08-15,98.627017,null,0.2785300000,null,null,12.100000,2,null,2026-08-05,Single-Price,null,null,null,null,5.150000,Yes,2026-08-15,2.39,No,null,null,No,01:00 PM,12:00 PM,24904608000,3,59705603000,Yes,912803HX4,null,null,2026-08-15,5390150000,8462400000,96267000000,Yes,0,0,Normal,2027-02-15,No,null,null,null,null,98.627017,null,5.216,null,16647723000.0,19301203000,Semi-Annual,5.125000,null,null,null,null,4.880000,2026-08-15,8750000000,10000000,8750000000,100,100,100,100,100,0,8750000000,95407300,Yes,25000000000,null,null,null,30-Year,A_20260805_2.pdf,R_20260813_3.pdf,NCR_20260813_3.pdf,2866735000.0,31942000000,null,null,No,0-Month,30-Year,Bonds of August 2056,6323518500,31618000000,No,6323518500,null,25.6250,Yes,null,31323533800.0,66124528800,24727300,Yes,null,null,A_20260805_2.xml,R_20260813_3.xml,No,912834L48,null,SPL_20260810_1.pdf,2026-08-13,30,0.09152016558233925,0.5314765283602836,51.28655555115584,-0.03833333333333311,-0.003443140381370516,-24.270000000000014,-5.686666666666678
2026-08-31,912810UX4,Bond,20-Year,2026-08-19,2026-08-31,2046-08-15,99.021288,null,2.2282600000,null,null,65.580000,2,null,2026-08-13,Single-Price,null,null,null,null,5.147000,Yes,2026-08-15,2.53,No,null,null,No,01:00 PM,12:00 PM,15809192000,3,40228372000,Yes,912803HY2,null,null,2026-08-15,3886857900,5982000000,132370000000,Yes,0,0,Normal,2027-02-15,No,null,null,null,null,99.021288,null,5.204,null,9947939100.0,12478372000,Semi-Annual,5.125000,null,null,null,null,3.880000,2026-08-31,5600000000,10000000,5600000000,100,100,100,100,100,0,5600000000,190844500,Yes,16000000000,null,null,null,20-Year,A_20260813_3.pdf,R_20260819_2.pdf,NCR_20260819_2.pdf,1974395000.0,21768000000,null,null,No,0-Month,20-Year,Bonds of August 2046,2056891600,26611000000,No,2056891600,null,25.6250,Yes,null,18056928100.0,42476108100,60773500,Yes,null,null,A_20260813_3.xml,R_20260819_2.xml,No,null,null,null,2026-08-19,20,0.10934279568848701,0.5509209011027739,26.25306354680867,-0.09333333333333327,0.0032120077106680134,-17.189999999999994,-5.8433333333333355
2026-08-31,91282CRH6,Note,2-Year,2026-08-25,2026-08-31,2028-08-31,99.849966,null,null,null,null,85.680000,2,null,2026-08-20,Single-Price,null,null,null,null,4.157000,No,null,2.6,No,null,null,No,01:00 PM,12:00 PM,68107241800,3,178430485000,Yes,912821VA0,null,null,2026-08-31,15727302400,22980900000,132370000000,Yes,155000000,155000000,Normal,2027-02-28,No,null,null,null,null,99.849966,null,4.204,null,44958379400.0,59586085000,Semi-Annual,4.125000,null,null,null,null,4.100000,2026-08-31,24150000000,10000000,24150000000,100,100,100,100,100,0,24150000000,737951900,Yes,69000000000,null,null,null,2-Year,A_20260820_5.pdf,R_20260825_2.pdf,NCR_20260825_2.pdf,7421560000.0,95863500000,null,null,No,0-Month,2-Year,BG-2028,8870345200,26611000000,No,8870345200,null,20.6250,Yes,null,77870538900.0,188193782100,339406300,Yes,null,null,A_20260820_5.xml,R_20260825_2.xml,No,null,null,SPL_20260820_1.pdf,2026-08-25,2,0.09530639064320126,0.577347736834527,16.358793525501994,-0.009999999999999787,-0.018913774704757233,4.0599999999999525,-2.353333333333385
2026-08-31,91282CRK9,Note,5-Year,2026-08-26,2026-08-31,2031-08-31,99.919982,null,null,null,null,19.220000,2,null,2026-08-20,Single-Price,null,null,null,null,4.340000,No,null,2.37,No,null,null,No,01:00 PM,12:00 PM,69797539000,3,165795079000,Yes,912821VB8,null,null,2026-08-31,19848750000,25616000000,132370000000,Yes,0,0,Normal,2027-02-28,No,null,null,null,null,99.919982,null,4.393,null,42935179000.0,50722079000,Semi-Annual,4.375000,null,null,null,null,4.280000,2026-08-31,24500000000,10000000,24500000000,100,100,100,100,100,0,24500000000,202507900,Yes,70000000000,null,null,null,5-Year,A_20260820_7.pdf,R_20260826_3.pdf,NCR_20260826_3.pdf,7013610000.0,89457000000,null,null,No,0-Month,5-Year,AC-2031,8998900900,26611000000,No,8998900900,null,21.8750,Yes,null,78998947800.0,174996487800,65221900,Yes,null,null,A_20260820_7.xml,R_20260826_3.xml,No,null,null,null,2026-08-26,5,0.08878105589148112,0.543490517224332,38.87787063791461,0.05166666666666675,-0.02997164458666679,5.480000000000018,6.6366666666666685
2026-08-31,91282CRJ2,Note,7-Year,2026-08-27,2026-08-31,2033-08-31,99.928654,null,null,null,null,97.630000,2,null,2026-08-20,Single-Price,null,null,null,null,4.460000,No,null,2.5,No,null,null,No,01:00 PM,12:00 PM,43893808500,3,110113656000,Yes,912821VC6,null,null,2026-08-31,11833130000,18576500000,132370000000,Yes,0,0,Normal,2027-02-28,No,null,null,null,null,99.928654,null,4.512,null,26677491000.0,32034156000,Semi-Annual,4.500000,null,null,null,null,4.350000,2026-08-31,15400000000,10000000,15400000000,100,100,100,100,100,0,15400000000,106307200,Yes,44000000000,null,null,null,7-Year,A_20260820_6.pdf,R_20260827_3.pdf,NCR_20260827_3.pdf,5383187500.0,59503000000,null,null,No,0-Month,7-Year,P-2033,5656451900,26611000000,No,5656451900,null,22.5000,Yes,null,49656567600.0,115876415100,20790200,Yes,null,null,A_20260820_6.xml,R_20260827_3.xml,No,912834L55,null,null,2026-08-27,7,0.10840836892640965,0.5372399319843444,32.78819576704501,0.008333333333333304,0.004051162423709342,-0.7400000000000517,-1.3366666666667193
2026-09-15,91282CRL7,Note,3-Year,2026-09-08,2026-09-15,2029-09-15,99.724933,null,null,null,null,29.350000,2,null,2026-09-03,Single-Price,null,null,null,null,4.430000,No,null,2.72,No,null,null,No,01:00 PM,12:00 PM,57619163700,3,157491500000,Yes,912821VD4,null,null,2026-09-15,15525163700,22107500000,43081000000,Yes,105000000,105000000,Normal,2027-03-15,No,null,null,null,null,99.724933,null,4.474,null,35809000000.0,44887000000,Semi-Annual,4.375000,null,null,null,null,4.370000,2026-09-15,20300000000,10000000,20300000000,100,100,100,100,100,0,20300000000,275925100,Yes,58000000000,null,null,null,3-Year,A_20260903_3.pdf,R_20260908_3.pdf,NCR_20260908_3.pdf,6285000000.0,90497000000,null,null,No,0-Month,3-Year,AS-2029,0,0,No,0,null,21.8750,Yes,null,58000088800.0,157872425100,107718100,Yes,null,null,A_20260903_3.xml,R_20260908_3.xml,No,912834L63,null,SPL_20260903_1.pdf,2026-09-08,3,0.10836190305970704,0.6173956064701749,20.180747873508373,0.10000000000000009,-0.01780254206480518,6.669999999999998,1.228333333333313
2026-09-15,91282CRF0,Note,9-Year 11-Month,2026-09-09,2026-09-15,2036-08-15,98.361116,null,3.8960600000,null,null,89.250000,2,null,2026-09-03,Single-Price,null,null,null,null,4.769000,Yes,2026-08-15,2.71,No,null,null,No,01:00 PM,12:00 PM,38901890000,3,105714440000,Yes,912821UZ6,null,52623000000.000000,2026-08-15,6420800000,14004800000,43081000000,Yes,0,0,Normal,2027-02-15,No,null,null,null,null,98.361116,null,4.834,null,30804090000.0,36194640000,Semi-Annual,4.625000,null,null,null,null,4.000000,2026-09-15,13650000000,10000000,13650000000,100,100,100,100,100,14700000000,13650000000,98150000,Yes,39000000000,null,2026-08-15,2026-08-17,10-Year,A_20260903_1.pdf,R_20260909_2.pdf,NCR_20260909_2.pdf,1677000000.0,55515000000,null,null,Yes,11-Month,9-Year,E-2036,0,0,No,0,null,23.1250,Yes,null,39000040000.0,105812590000,37804000,Yes,null,null,A_20260903_1.xml,R_20260909_2.xml,No,null,null,null,2026-09-09,10,0.04299995589748113,0.7898476514383063,39.0,0.2150000000000003,-0.048338335179953666,-0.30000000000001137,5.023333333333335
2026-09-15,912810UW6,Bond,29-Year 11-Month,2026-09-10,2026-09-15,2056-08-15,97.262274,null,4.3172600000,null,null,64.290000,2,null,2026-09-03,Single-Price,null,null,null,null,5.250000,Yes,2026-08-15,2.61,No,null,null,No,01:00 PM,12:00 PM,21957470500,3,57424319000,Yes,912803HX4,null,31323000000.000000,2026-08-15,4019900000,7991900000,43081000000,Yes,0,0,Normal,2027-02-15,No,null,null,null,null,97.262274,null,5.308,null,17452770500.0,21120619000,Semi-Annual,5.125000,null,null,null,null,4.000000,2026-09-15,7700000000,10000000,7700000000,100,100,100,100,100,8800000000,7700000000,42553500,Yes,22000000000,null,2026-08-15,2026-08-17,30-Year,A_20260903_5.pdf,R_20260910_3.pdf,NCR_20260910_3.pdf,484800000.0,28311800000,null,null,Yes,11-Month,29-Year,Bonds of August 2056,0,0,No,0,null,25.6250,Yes,null,22000024000.0,57466872500,17146500,Yes,null,null,A_20260903_5.xml,R_20260910_3.xml,No,null,null,null,2026-09-10,30,0.02203633959672044,0.7933068845743078,45.132168885017144,0.22666666666666657,-0.08055220706652248,-5.9200000000000585,11.881666666666614
2026-09-18,912810UX4,Bond,19-Year 11-Month,2026-09-15,2026-09-18,2046-08-15,96.423840,null,4.7350500000,null,null,30.140000,2,null,2026-09-10,Single-Price,null,null,null,null,5.360000,Yes,2026-08-15,2.57,No,null,null,No,01:00 PM,12:00 PM,12914903200,3,33298440000,Yes,912803HY2,null,18053000000.000000,2026-08-15,3962584000,5079500000,0,Yes,0,0,Normal,2027-02-15,No,null,null,null,null,96.423840,null,5.42,null,6775838200.0,8915040000,Semi-Annual,5.125000,null,null,null,null,4.880000,2026-09-18,4550000000,10000000,4550000000,100,100,100,100,100,5600000000,4550000000,85105400,Yes,13000000000,null,2026-08-15,2026-08-31,20-Year,A_20260910_4.pdf,R_20260915_2.pdf,NCR_20260915_2.pdf,2176481000.0,19303900000,null,null,Yes,11-Month,19-Year,Bonds of August 2046,0,0,No,0,null,25.6250,Yes,null,13000008600.0,33383545400,38754400,Yes,null,null,A_20260910_4.xml,R_20260915_2.xml,No,null,null,null,2026-09-15,20,0.16742150462885078,0.5212179782711837,21.330614131782042,-0.081666666666667,0.06916621936159592,-1.6600000000000392,11.111666666666615
2026-09-30,91282CRP8,Note,2-Year,2026-09-22,2026-09-30,2028-09-30,99.930225,null,null,null,null,33.420000,2,null,2026-09-17,Single-Price,null,null,null,null,4.738000,No,null,2.63,No,null,null,No,01:00 PM,12:00 PM,67685935200,3,179949726000,Yes,912821VE2,null,null,2026-09-30,19641219200,27285100000,143580000000,Yes,205000000,205000000,Normal,2027-03-31,No,null,null,null,null,99.930225,null,4.787,null,39116326000.0,51537626000,Semi-Annual,4.750000,null,null,null,null,4.660000,2026-09-30,24150000000,10000000,24150000000,100,100,100,100,100,0,24150000000,1109136700,Yes,69000000000,null,null,null,2-Year,A_20260917_7.pdf,R_20260922_2.pdf,NCR_20260922_2.pdf,8928390000.0,101127000000,null,null,No,0-Month,2-Year,BH-2028,10387942900,30411000000,No,10387942900,null,23.7500,Yes,null,79388014800.0,191651805600,355510600,Yes,null,null,A_20260917_7.xml,R_20260922_2.xml,No,null,null,SPL_20260917_1.pdf,2026-09-22,2,0.11246521307395131,0.4927233172229418,16.358793525501994,0.02499999999999991,-0.003108348719148918,6.749999999999989,0.22333333333333183
2026-09-30,91282CRN3,Note,5-Year,2026-09-23,2026-09-30,2031-09-30,99.855714,null,null,null,null,30.340000,2,null,2026-09-17,Single-Price,null,null,null,null,4.950000,No,null,2.21,No,null,null,No,01:00 PM,12:00 PM,69668682000,3,154518772000,Yes,912821VF9,null,null,2026-09-30,20841600000,25541600000,143580000000,Yes,9300000,9300000,Normal,2027-03-31,No,null,null,null,null,99.855714,null,5.033,null,37837082000.0,43088172000,Semi-Annual,5.000000,null,null,null,null,4.870000,2026-09-30,24500000000,10000000,24500000000,100,100,100,100,100,0,24500000000,322038300,Yes,70000000000,null,null,null,5-Year,A_20260917_3.pdf,R_20260923_3.pdf,NCR_20260923_3.pdf,10990000000.0,85889000000,null,null,No,0-Month,5-Year,AD-2031,10538492700,30411000000,No,10538492700,null,25.0000,Yes,null,80538513000.0,165388603000,90413300,Yes,null,null,A_20260917_3.xml,R_20260923_3.xml,No,null,null,null,2026-09-23,5,0.13645645531101375,0.4698011000029266,38.87787063791461,-0.1166666666666667,0.02194541864749816,21.390000000000065,22.15000000000005
