date,dTP10,dRN10,dY10,S,dS,D,dD,p0_filt,p1_filt,p2_filt,p0_smooth,p1_smooth,p2_smooth,dbe,dvix,doil,auc_amt,auc_10y,auc_surprise,auc_btc,auc_dealer,auc_tail,auc_ten10,is_auction,weak_supply
2024-01-03,-2.382632166082521,-0.8496691452395844,-3.232301311322061,-1.7966939423841166,0.0419957301605458,0.0,0.0,2.4298615365926876e-28,1.0,5.947883226883877e-22,4.970724080817007e-29,1.0,4.057028596463108e-22,-0.9999999999999787,0.8399999999999999,3.273500727728873,0.0,0.0,0.0,0.0,0.0,0.0,0.0,0,-0.0
2024-01-04,7.282973877297838,0.9304366459946145,8.213410523292408,-1.7556573960260644,0.0410365463580522,0.0,0.0,0.0075284255891608,0.9409374721467942,0.0515341022640447,0.0015001803696367,0.968676505008214,0.0298233146221587,2.0000000000000018,0.09000000000000163,-0.8118379641932627,0.0,0.0,0.0,0.0,0.0,0.0,0.0,0,-0.0
2024-01-05,6.350777833846083,-0.20590647856977284,6.144871355276305,-1.71555812568218,0.0400992703438845,0.0,0.0,0.0090905708632102,0.9432631248987196,0.0476463042380701,0.0016904279035298,0.9756536666143742,0.0226559054821179,0.0,-0.7800000000000011,2.213507506857404,0.0,0.0,0.0,0.0,0.0,0.0,0.0,0,-0.0
2024-01-08,-1.9688225440379599,-2.111940690704639,-4.0807632347426015,-1.600672330160522,0.114885795521658,0.0,0.0,0.0060690842552894,0.9840171906825452,0.0099137250621653,0.0011354301779658,0.9935434885160797,0.0053210813061533,0.0,-0.2699999999999996,-4.05405026112895,0.0,0.0,0.0,0.0,0.0,0.0,0.0,0,-0.0
2024-01-09,-0.9820483281496123,0.9857163546713288,0.00366802652171927,-1.5641129236132263,0.0365594065472953,0.0,0.0,0.0078526888256924,0.9791803134607056,0.0129669977136018,0.0011693927498302,0.985610143060478,0.0132204641897465,0.0,-0.3200000000000003,1.9095987614353938,52.0,18.093084300386813,7.0,-0.02666666666666684,0.007168630195675957,3.6799999999999944,18.093084300386813,1,0.48248224801031814
2024-01-10,2.7374656624991722,-0.6668289182869103,2.070636744212262,-1.5283885350654969,0.0357243885477296,0.0,0.0,0.004624214525528,0.9850192895829952,0.0103564958914769,0.0001963895119022,0.923199448896674,0.0766041615916122,0.0,-0.07000000000000028,-1.1944586456728246,37.0,37.0,9.666666666666668,0.04499999999999993,0.011690901380940172,3.7366666666666326,37.0,1,-1.6649999999999974
2024-01-11,-0.9845919411320708,-4.101893599564477,-5.08648554069655,-1.4934800926798644,0.0349084423856325,0.0,0.0,0.0553818785508994,0.4764249916590511,0.4681931297900495,0.0004651219659324,0.1067279031393956,0.8928069748945637,0.0,-0.25,0.8071293469373408,21.0,43.08070666297091,2.0,-0.018333333333333535,-0.008714954904057881,-13.823333333333343,43.08070666297091,1,0.7898129554878087
2024-01-12,3.1007686246258688,-5.797853545972753,-2.6970849213468817,-1.4593689602202309,0.0341111324596334,0.0,0.0,0.0121202094863335,0.0296822522885098,0.9581975382251569,0.000460709664239,0.0063546702196434,0.9931846201160588,4.999999999999982,0.2599999999999998,1.0889900160654165,0.0,0.0,0.0,0.0,0.0,0.0,0.0,0,-0.0
2024-01-16,10.013838036322031,1.9593210519875726,11.973159088309604,-1.330539500136606,0.031099886573636,0.0,0.0,0.0296898309534395,0.1452585491838225,0.8250516198627379,0.002249554914871,0.044677425116001,0.9530730199689944,2.9999999999999805,1.1400000000000006,-0.4259125762457572,0.0,0.0,0.0,0.0,0.0,0.0,0.0,0,-0.0
2024-01-17,-3.3661703095847706,6.28789002348098,2.921719713896209,-1.3001499359540034,0.0303895641826026,0.0,0.0,0.0158732631337474,0.0628013765028462,0.9213253603634064,0.0052613093235016,0.0928777588651822,0.9018609318113868,0.0,0.9499999999999993,0.22005235120898803,13.0,21.330614131782042,0.5,-0.08666666666666689,0.06776033099142569,-3.966666666666689,21.330614131782042,1,1.8486532247544485
2024-01-18,5.609527345852601,-1.5406951332551877,4.0688322125974175,-1.270454470376601,0.0296954655774024,0.0,0.0,0.0293897565965548,0.5380448569121772,0.4325653864912679,0.0121745211906233,0.6563835774214369,0.3314419013879978,4.0000000000000036,-0.6599999999999984,2.0801511375416304,18.0,18.0,-13.666666666666668,0.0,0.0,0.0,0.0,0,-0.0
2024-01-19,-1.3116667451020803,2.2766876157338523,0.965020870631772,-1.2414372501703457,0.0290172202062553,0.0,0.0,0.0896164225435864,0.7027742490213874,0.207609328435026,0.020093634226145,0.8623450823075973,0.1175612834660462,0.0,-0.8300000000000001,-0.8512989726674469,0.0,0.0,0.0,0.0,0.0,0.0,0.0,0,-0.0
2024-01-22,-3.809258748287631,-1.405828227608641,-5.215086975896277,-1.158301911331666,0.0831353388386797,0.0,0.0,0.0244658325841112,0.9534116190256828,0.022122548390206,0.0049523260949293,0.9827311353083436,0.0123165385967871,-2.9999999999999805,-0.11000000000000121,2.108168038638336,0.0,0.0,0.0,0.0,0.0,0.0,0.0,0,-0.0
2024-01-23,4.97177120907803,-0.5263337003263757,4.4454375087516595,-1.1318462591141776,0.0264556522174883,0.0,0.0,0.0122194514843758,0.9567903281048816,0.0309902204107423,0.0024746715652831,0.98198692910787,0.0155383993268843,-2.0000000000000018,-0.6399999999999988,-0.7200991244704191,60.0,14.225037848262602,13.166666666666664,-0.14833333333333387,-0.010885891889424626,0.7700000000000413,14.225037848262602,1,2.110047280825627
2024-01-24,3.804938752757091,0.35426582277438,4.159204575531472,-1.1059948548284289,0.0258514042857487,0.0,0.0,0.0102138896511654,0.9720192702757549,0.0177668400730798,0.001930943973667,0.9892266463475292,0.0088424096786859,0.9999999999999787,0.5899999999999999,1.0119926579762684,89.0,40.51763826603861,-7.333333333333336,-0.18666666666666654,0.05811009659294286,0.3916666666666786,33.87928727018273,1,6.324133623767438
2024-01-25,-1.3932951959883804,-2.7809968162463505,-4.174292012234737,-1.0807338974325862,0.0252609573958426,0.0,0.0,0.0070514026055817,0.9770481262124444,0.0159004711819739,0.0013344531009063,0.9904179470588352,0.0082475998401679,-0.9999999999999787,0.3099999999999987,3.1686593842416677,41.0,30.552636964746487,3.5,0.02833333333333332,-0.0033524160417529036,-5.326666666666717,30.552636964746487,1,-0.8656580473344835
2024-01-26,-0.56562274076013,2.0838969138613272,1.5182741731011973,-1.0560499011010456,0.0246839963315406,0.0,0.0,0.006528592186709,0.9789479852245964,0.0145234225886945,0.0012609570585772,0.987579403012243,0.0111596399292302,0.9999999999999787,-0.1899999999999995,0.6907164836275292,0.0,0.0,0.0,0.0,0.0,0.0,0.0,0,-0.0
2024-01-29,-6.7048969653766886,-2.1890525602865196,-8.893949525663203,-0.985329398436458,0.0707205026645875,0.0,0.0,0.0096231177255039,0.9716674588139648,0.0187094234605313,0.0015351994394752,0.9544614783556864,0.044003322204929,0.0,0.33999999999999986,-1.5414563401186854,0.0,0.0,0.0,0.0,0.0,0.0,0.0,0,-0.0
2024-01-30,-4.882162566825071,3.9052384512258342,-0.9769241155992425,-0.3133438749201351,0.671985523516323,0.0,0.0,0.0168493171329684,0.8971647172755537,0.0859859655914777,0.0015578251172511,0.7382221062162657,0.260220068666345,-4.0000000000000036,-0.28999999999999915,1.350068721890274,0.0,0.0,0.0,0.0,0.0,0.0,0.0,0,-0.0
2024-01-31,-3.96163811800081,-4.0075232644653624,-7.969161382466172,-0.3737823789660656,-0.0604385040459304,0.0,0.0,0.0250011782902389,0.8609425693410152,0.1140562523687459,0.0005514409076585,0.4733449038350265,0.5261036552574466,0.0,1.0399999999999991,-2.6136822264539283,0.0,0.0,0.0,0.0,0.0,0.0,0.0,0,-0.0
2024-02-01,-14.884431315474217,0.333157030286646,-14.551274285187565,-0.365245177631758,0.0085372013343075,0.0,0.0,0.1467670655157875,0.174130514674846,0.6791024198093665,0.0006045841818195,0.0281117011957918,0.9712837146224576,-6.999999999999984,-0.46999999999999886,-2.5492617878975388,0.0,0.0,0.0,0.0,0.0,0.0,0.0,0,-0.0
2024-02-02,10.978590634713786,7.669709885815923,18.648300520529702,-4.499896388811945,-4.134651211180187,0.0,0.0,0.0026659069182974,5.16947180580962e-05,0.9972823983636444,0.0004135047997915,3.609432952826917e-05,0.9995504008708098,2.0000000000000018,-0.030000000000001137,-2.230171298401995,0.0,0.0,0.0,0.0,0.0,0.0,0.0,0,-0.0
2024-02-05,9.703579267126901,4.0083865536034935,13.711965820730398,-4.198551789258886,0.301344599553059,0.0,0.0,0.0181384651492436,0.1542881975722811,0.8275733372784753,0.0061081742529428,0.2606654650801372,0.733226360667016,6.000000000000005,-0.17999999999999972,0.6715573789327856,0.0,0.0,0.0,0.0,0.0,0.0,0.0,0,-0.0
2024-02-06,-4.44836830918032,-3.63015765086816,-8.078525960048477,-4.102656733861759,0.0958950553971265,0.0,0.0,0.0404022884212288,0.7041121756937981,0.2554855358849729,0.0085815149798589,0.849412724589347,0.1420057604310052,-2.9999999999999805,-0.6099999999999994,0.8433129412523499,54.0,18.788972158094,7.0,-0.08166666666666655,-0.036395832980719356,-4.145000000000036,18.788972158094,1,1.5344327262443413
2024-02-07,1.3969868566111876,0.34899874195533087,1.745985598566513,-4.008951924556903,0.0937048093048567,0.0,0.0,0.0129969497281261,0.9606950950407392,0.0263079552311346,0.002505773245157,0.9834261531638248,0.0140680735911025,-1.000000000000023,-0.23000000000000043,0.5807295677859869,42.0,42.0,13.75,0.040000000000000036,-0.023663513430073724,1.8933333333332798,42.0,1,-1.6800000000000015
2024-02-08,5.6393912914566915,1.6373537210716549,7.276745012528352,-3.917387336054434,0.0915645885024689,0.0,0.0,0.0089002868920279,0.9644012864686682,0.026698426639304,0.0015921628736782,0.9848477294556252,0.0135601076707147,1.000000000000023,-0.040000000000000924,3.193804882186857,25.0,51.28655555115584,1.5,0.0216666666666665,-0.022133817411468165,-11.304999999999913,51.28655555115584,1,-1.111208703608368
2024-02-09,-0.3646999656027994,1.6371890420653123,1.272489076462513,-3.827914085643665,0.0894732504107689,0.0,0.0,0.005877555466294,0.9828077698641544,0.0113146746695516,0.0009210744423444,0.9889369776816478,0.0101419478759035,0.9999999999999787,0.14000000000000057,0.7665859667332242,0.0,0.0,0.0,0.0,0.0,0.0,0.0,0,-0.0
2024-02-12,0.4150365173979195,-1.0695533855192174,-0.654516868121302,-3.5715701306739915,0.2563439549696733,0.0,0.0,0.0049674799545934,0.9878092265216912,0.0072232935237154,0.0003771009675521,0.9396513237468566,0.0599715752854329,-0.9999999999999787,1.0,0.10349289410154228,0.0,0.0,0.0,0.0,0.0,0.0,0.0,0,-0.0
2024-02-13,3.8106893569039193,10.010301186634507,13.820990543538425,-3.489995356150093,0.0815747745238986,0.0,0.0,0.0028179462886598,0.0104175069973566,0.9867645467139836,0.0019311361764137,0.014313407407663,0.9837554564159424,4.999999999999982,1.92,1.2080856348724467,0.0,0.0,0.0,0.0,0.0,0.0,0.0,0,-0.0
2024-02-14,0.18144249358496012,-3.976086111941246,-3.794643618356286,-3.4102837520512903,0.0797116040988026,0.0,0.0,0.043307020438358,0.4425077673285292,0.5141852122331126,0.0484632865190427,0.5673371601973395,0.3841995532838008,0.9999999999999787,-1.4699999999999989,-1.531857205670395,0.0,0.0,0.0,0.0,0.0,0.0,0.0,0,-0.0
2024-02-15,-1.3429215871586797,-1.317615782375725,-2.6605373695343992,-3.332392763506261,0.0778909885450294,0.0,0.0,0.0736723231716882,0.8675089503666507,0.058818726461661,0.0980891294069,0.8303236685340759,0.0715872020592435,0.0,-0.370000000000001,1.7742815668210454,0.0,0.0,0.0,0.0,0.0,0.0,0.0,0,-0.0
2024-02-16,1.1986299878524107,3.688504361527123,4.887134349379529,-3.256280807598287,0.0761119559079737,0.0,0.0,0.2284542849861658,0.6098940172683903,0.1616516977454438,0.1230142136809538,0.7608365916450411,0.1161491946740925,3.000000000000025,0.23000000000000043,1.4925650216675912,0.0,0.0,0.0,0.0,0.0,0.0,0.0,0,-0.0
2024-02-20,1.5136804816832798,-3.2863326108014235,-1.7726521291181463,-2.968824441347871,0.0693929818494503,0.0,0.0,0.0645722248361609,0.8845244001661138,0.0509033749977252,0.0918807934335451,0.8700419079200121,0.0380772986466581,-1.000000000000023,1.1799999999999997,-1.1744783612059884,0.0,0.0,0.0,0.0,0.0,0.0,0.0,0,-0.0
2024-02-21,2.34343831450507,2.2778672545986645,4.62130556910374,-2.901016397394303,0.0678080439535677,0.0,0.0,0.0154818936141632,0.9657802486761012,0.0187378577097355,0.1190894674137768,0.8463889288489534,0.0345216037371601,2.0000000000000018,-0.08000000000000007,0.21572243630005872,44.0,32.89141454266455,3.0,-0.20166666666666622,0.08359997866001147,0.11999999999995747,26.25306354680867,1,5.29436781527307
2024-02-22,-4.491943448004671,4.148771375508176,-0.3431720724965004,-2.8347570913050473,0.0662593060892557,0.0,0.0,0.0180079159000874,0.9299676495700384,0.052024434529874,0.3252160290440171,0.5664171257216266,0.1083668452342227,-2.9999999999999805,-0.8000000000000007,0.9462002088997501,9.0,18.463159998416103,-15.0,0.0,0.0,0.0,0.0,0,-0.0
2024-02-23,-7.3977519912498995,-0.3834717285028155,-7.781223719752717,-2.7700111498583944,0.0647459414466529,0.0,0.0,0.9586699300019004,0.0222380278342896,0.0190920421638099,0.8593913848302837,0.0988062456506935,0.0418023695187977,-1.000000000000023,-0.7899999999999991,-2.5949052006822626,0.0,0.0,0.0,0.0,0.0,0.0,0.0,0,-0.0
2024-02-26,-0.3804810198621694,2.2090310440088246,1.828550024146658,-2.58451178974269,0.1854993601157044,0.0,0.0,0.5927938679570837,0.4001372474803889,0.0070688845625274,0.2177673632109886,0.7754566678546495,0.0067759689343404,1.000000000000023,-0.009999999999999787,1.1913290197609783,127.0,50.48177146676909,31.5,-0.11583333333333301,-0.00788734052470838,4.263333333333334,50.48177146676909,1,5.847471861567403
2024-02-27,3.583925604807889,-0.6700641359553394,2.913861468852552,-2.5254814588829033,0.0590303308597865,0.0,0.0,0.1714196035779965,0.8167701663895406,0.0118102300324629,0.045408639416538,0.9474766438000898,0.0071147167835567,0.9999999999999787,-0.3100000000000005,1.6042787068980324,42.0,31.29782323217933,3.5,0.023333333333333428,0.00750093329988491,5.136666666666627,31.29782323217933,1,-0.7302825420841873
2024-02-28,-0.2370273530398287,-3.016489603665118,-3.2535169567049493,-2.4677993826432916,0.0576820762396117,0.0,0.0,0.0778786427277123,0.9012596688784342,0.0208616883938534,0.0175843243769643,0.971360006648037,0.0110556689752218,1.000000000000023,0.41000000000000014,-0.4521484718845947,0.0,0.0,0.0,0.0,0.0,0.0,0.0,0,-0.0
2024-02-29,-2.5397981816206006,0.3933521188083766,-2.146446062812224,-2.41143476684577,0.0563646157975217,0.0,0.0,0.0193198602011368,0.971727862276144,0.0089522775227191,0.006563259038071,0.9849472491439446,0.0084894918181705,0.0,-0.4399999999999995,-0.27732275431464615,0.0,0.0,0.0,0.0,0.0,0.0,0.0,0,-0.0
2024-03-01,0.24878896508057913,-6.099583867887137,-5.850794902806555,-2.3563575206522556,0.0550772461935142,0.0,0.0,0.0198632934061418,0.8960797810577498,0.0840569255361084,0.0089156577299894,0.9287797260626104,0.0623046162072183,-1.000000000000023,-0.2900000000000009,2.0985031870675463,0.0,0.0,0.0,0.0,0.0,0.0,0.0,0,-0.0
2024-03-04,-0.6308981664952584,3.367801926516112,2.736903760020848,-2.1985593066244284,0.1577982140278271,0.0,0.0,0.0323006513178069,0.9157561006361312,0.0519432480460618,0.0153657168655772,0.9312633264727336,0.0533709566617069,2.0000000000000018,0.3800000000000008,-1.5320720672171717,0.0,0.0,0.0,0.0,0.0,0.0,0.0,0,-0.0
2024-03-05,-7.58861851555617,-1.574669108686333,-9.1632876242425,-2.1483441426619443,0.0502151639624841,0.0,0.0,0.0838943799072274,0.7601289434580196,0.1559766766347528,0.0204148772771691,0.8872634577081159,0.0923216650148085,-2.0000000000000018,0.9700000000000006,-0.7053814358969568,0.0,0.0,0.0,0.0,0.0,0.0,0.0,0,-0.0
2024-03-06,-6.172022108241748,1.961695823983245,-4.210326284258503,-2.099275894629443,0.0490682480325013,0.0,0.0,0.0324282918688125,0.93335377789037,0.0342179302408174,0.0080677966418465,0.969222250507277,0.0227099528510468,-2.0000000000000018,0.03999999999999915,1.2186845973659821,0.0,0.0,0.0,0.0,0.0,0.0,0.0,0,-0.0
2024-03-07,1.7185469297224587,-3.3571378083132153,-1.638590878590751,-2.05132836693088,0.0479475276985628,0.0,0.0,0.0285516067832459,0.9098449018698206,0.0616034913469334,0.0057265845916123,0.9629572550807578,0.0313161603276042,-2.0000000000000018,-0.0600000000000005,-0.3377325119047647,0.0,0.0,0.0,0.0,0.0,0.0,0.0,0,-0.0
2024-03-08,2.6119550826232185,-2.375999852677424,0.23595522994579454,-2.004475962278452,0.0468524046524283,0.0,0.0,0.0117765851763964,0.9700276422704952,0.0181957725531083,0.0023874541712188,0.9882053962756092,0.0094071495531669,0.0,0.3000000000000007,-1.070741476269088,0.0,0.0,0.0,0.0,0.0,0.0,0.0,0,-0.0
2024-03-11,-2.943806188498849,2.9507380679957507,0.0069318794968964426,-1.8702422035482849,0.1342337587301671,0.0,0.0,0.0097815975466807,0.9706469674694528,0.0195714349838663,0.001932132675191,0.987439560597643,0.0106283067271196,-0.9999999999999787,0.4800000000000004,-0.11404677153263876,56.0,19.484860015801186,7.0,-0.00833333333333286,-0.05013540170738037,5.331666666666719,19.484860015801186,1,0.16237383346500064
2024-03-12,2.546443512703517,3.67262166850022,6.219065181203742,-3.5163850875576568,-1.646142884009372,0.0,0.0,0.0079629022007458,0.963375556787135,0.0286615410121191,0.0016711668236381,0.9839107767140448,0.014418056462093,2.9999999999999805,-1.3800000000000008,-0.4574922199735987,39.0,39.0,4.333333333333336,-0.010000000000000231,0.017691949185930506,11.088333333333352,39.0,1,0.390000000000009
2024-03-13,1.8151422374383108,1.1537529112582767,2.968895148696582,-3.436070741160493,0.0803143463971638,0.0,0.0,0.0050038834325923,0.9839258774552324,0.0110702391121753,0.002021714740067,0.988794239333237,0.0091840459268884,0.0,-0.08999999999999986,2.7140753738718715,22.0,45.132168885017144,2.333333333333332,0.09499999999999975,-0.028399753690806218,-7.093333333333263,45.132168885017144,1,-4.287556044076617
2024-03-14,7.859826179064291,3.1231166336223914,10.98294281268668,-3.3575907769702225,0.0784799641902704,0.0,0.0,0.0083299017437903,0.9235226539368566,0.068147444319353,0.0082791193898752,0.9430522879578562,0.048668592652352,0.0,0.6500000000000004,1.830180667142045,0.0,0.0,0.0,0.0,0.0,0.0,0.0,0,-0.0
2024-03-15,-1.7002764427217292,2.6328017992499397,0.9325253565282132,-3.2809032976393384,0.076687479330884,0.0,0.0,0.0456581389278316,0.9080396900518748,0.0463021710202937,0.0332813203759082,0.929402557719244,0.0373161219046787,2.0000000000000018,0.009999999999999787,-0.2681293501577642,0.0,0.0,0.0,0.0,0.0,0.0,0.0,0,-0.0
2024-03-18,2.31396710102576,0.696802162144472,3.010769263170232,-3.0611910187394087,0.2197122788999297,0.0,0.0,0.0157613068037463,0.9674040617844744,0.0168346314117791,0.0430686662752282,0.9069279037702104,0.0500034299546263,-0.9999999999999787,-0.08000000000000007,2.1012728197887576,0.0,0.0,0.0,0.0,0.0,0.0,0.0,0,-0.0
2024-03-19,-0.8300498264775413,-2.289781702446092,-3.1198315289236334,-2.9912733192425973,0.0699176994968113,0.0,0.0,0.1299298993915987,0.7410576535574368,0.1290124470509644,0.1132444700136135,0.5768501243152293,0.3099054056711001,-1.000000000000023,-0.5099999999999998,0.8448910853262603,13.0,21.330614131782042,0.333333333333334,0.22666666666666702,-0.04139815378867914,-6.683333333333345,21.330614131782042,1,-4.834939203203937
2024-03-20,2.47130476978423,-4.322520716902023,-1.8512159471177903,-2.9229525422092992,0.068320777033298,0.0,0.0,0.3227285578653086,0.2061129555518228,0.4711584865828686,0.1279628675846126,0.42445442550753,0.447582706907967,1.000000000000023,-0.7800000000000011,-1.9141630019160694,0.0,0.0,0.0,0.0,0.0,0.0,0.0,0,-0.0
2024-03-21,-0.8859100378917795,0.7085795989376642,-0.17733043895411527,-2.856192213880038,0.066760328329261,0.0,0.0,0.1339659769553812,0.8059571687725381,0.0600768542720807,0.0317958112441035,0.9336743784272848,0.0345298103286858,2.9999999999999805,-0.11999999999999922,-0.9709992542628498,16.0,16.0,-13.75,0.0,0.0,0.0,0.0,0,-0.0
2024-03-22,-4.766403713308789,-1.4792319503308171,-6.245635663639604,-2.790956693557156,0.065235520322882,0.0,0.0,0.0520928656215052,0.9233089856766924,0.0245981487018024,0.010111125340735,0.977750923981013,0.0121379506781684,1.000000000000023,0.14000000000000057,-1.0914327486719166,0.0,0.0,0.0,0.0,0.0,0.0,0.0,0,-0.0
2024-03-25,2.7009796321602995,0.7072022966947422,3.4081819288550363,-2.60405467303931,0.186902020517846,0.0,0.0,0.0118568123212257,0.9766659045571268,0.0114772831216476,0.0026748768139987,0.9919178813670924,0.0054072418189538,-2.0000000000000018,0.129999999999999,1.6023827653924627,66.0,15.647541633088863,18.0,0.011666666666666714,-0.028715053626375803,1.066666666666653,15.647541633088863,1,-0.1825546523860375
2024-03-26,-2.211079220692902,0.601943235677016,-1.609135985015886,-2.544577982108143,0.059476690931167,0.0,0.0,0.0084676928171193,0.9832680819833788,0.0082642251995017,0.0027901458133975,0.9930234370204952,0.0041864171659156,-1.000000000000023,0.05000000000000071,0.0,67.0,37.21167618200398,15.0,-0.016666666666666607,-0.03551859729412121,-0.17499999999995453,37.21167618200398,1,0.6201946030333975
2024-03-27,-2.982803810185078,-1.4847307385218222,-4.467534548706897,-2.486459740675271,0.0581182414328722,0.0,0.0,0.0156813817916024,0.9757300499338156,0.0085885682745819,0.0062545748005982,0.9860541884730007,0.0076912367263048,0.0,-0.46000000000000085,-0.3159944292014494,71.0,38.68136049546805,7.5,0.06666666666666643,-0.023325285334189594,-4.088333333333338,32.04300949961217,1,-2.13620063330747
2024-03-28,-4.176756593746592,3.495459851795246,-0.6812967419513427,-2.429668921711271,0.056790818964,0.0,0.0,0.0429480686542234,0.9223063318972036,0.0347455994485729,0.0107093424656561,0.9340020586790132,0.0552885988554447,0.0,0.23000000000000043,2.1793650469154713,0.0,0.0,0.0,0.0,0.0,0.0,0.0,0,-0.0
2024-04-01,8.944555211475441,3.467521886840963,12.412077098316399,-2.215183795675159,0.1589914111698944,0.0,0.0,0.0287904920534562,0.7112656585681102,0.2599438493784337,0.0081085356846355,0.8241002706595191,0.1677911936560639,3.000000000000025,0.6400000000000006,0.6884300186212222,0.0,0.0,0.0,0.0,0.0,0.0,0.0,0,-0.0
2024-04-02,6.935226550797149,-2.5468064869618168,4.38842006383533,-2.1645889278579915,0.0505948678171677,0.0,0.0,0.0251288984770431,0.8912676170497987,0.0836034844731581,0.0079143057006662,0.940939453620333,0.0511462406790495,0.9999999999999787,0.9599999999999991,1.654093669021428,0.0,0.0,0.0,0.0,0.0,0.0,0.0,0,-0.0
2024-04-03,1.3604158913019497,-1.484885565456029,-0.12446967415407073,-2.1151496484188335,0.049439279439158,0.0,0.0,0.0406012613157075,0.9061718762520626,0.0532268624322298,0.0089538337594463,0.9622397970581064,0.0288063691824261,0.0,-0.27999999999999936,0.31364374901299286,0.0,0.0,0.0,0.0,0.0,0.0,0.0,0,-0.0
2024-04-04,-3.3174069739219494,-1.0575819703633194,-4.374988944285274,-2.0668395636826533,0.0483100847361801,0.0,0.0,0.012516950770073,0.976977800390724,0.010505248839203,0.0042349536139576,0.982021596918688,0.0137434494675299,-2.0000000000000018,2.0200000000000014,1.3249804991014358,0.0,0.0,0.0,0.0,0.0,0.0,0.0,0,-0.0
2024-04-05,2.2185375023973997,4.434547422809221,6.65308492520662,-2.019632882806792,0.0472066808758615,0.0,0.0,0.0331343480933128,0.8736353897463239,0.0932302621603632,0.0078792337911332,0.8826563125574467,0.1094644536512346,3.000000000000025,-0.3200000000000003,0.36558934812616073,0.0,0.0,0.0,0.0,0.0,0.0,0.0,0,-0.0
2024-04-08,-1.55476140081596,3.8486325649263797,2.293871164110417,-1.8843841104513277,0.135248772355464,0.0,0.0,0.0311482911056903,0.9211435565120036,0.0477081523823059,0.0063145361573379,0.8454049036317125,0.1482805602108789,0.9999999999999787,-0.8400000000000016,-0.5144926457836263,0.0,0.0,0.0,0.0,0.0,0.0,0.0,0,-0.0
2024-04-09,-3.8974637372014396,-1.7471888898563215,-5.6446526270578445,-1.841344717886614,0.0430393925647136,0.0,0.0,0.0608717879424857,0.8641269827648523,0.0750012292926619,0.0064941447028473,0.5620539212407148,0.4314519340563275,-2.0000000000000018,-0.20999999999999908,-1.3850636933899096,58.0,20.180747873508373,7.0,-0.08333333333333348,0.005136335959597171,-1.0633333333333717,20.180747873508373,1,1.6817289894590342
2024-04-10,1.2152279998746407,15.720949413639485,16.93617741351421,-1.7992883464066494,0.0420563714799646,0.0,0.0,0.0009100945948989,2.6466017335410448e-05,0.9990634393877657,0.0089013968354058,6.920890143726572e-06,0.9910916822745286,4.0000000000000036,0.8200000000000003,1.0865902769963576,39.0,39.0,12.0,-0.17833333333333368,0.07706175594219067,24.21666666666661,39.0,1,6.955000000000013
2024-04-11,2.4673523689496992,-1.8471128835336081,0.6202394854160964,-1.7581925437788284,0.0410958026278209,0.0,0.0,0.8128812891525188,0.0025447189607855,0.1845739918866957,0.9688894847159196,9.466230420560628e-05,0.0310158529797222,0.0,-0.8900000000000006,-1.3775757584618908,22.0,45.132168885017144,2.333333333333332,-0.006666666666666821,0.00596148957731743,7.5300000000000225,45.132168885017144,1,0.3008811259001212
2024-04-12,-0.6985249974285901,-4.284720011351517,-4.983245008780113,-1.7180353705802465,0.0401571731985819,0.0,0.0,0.9738082923783006,0.0001526339355722,0.0260390736861271,0.9905118222187524,8.65671289675437e-06,0.0094795210683662,-0.9999999999999787,2.3999999999999986,0.7779429654611647,0.0,0.0,0.0,0.0,0.0,0.0,0.0,0,-0.0
2024-04-15,11.330689270026001,1.0515732751612994,12.382262545187306,-1.602983681378535,0.1150516892017115,0.0,0.0,0.9318577692461124,0.0007036291180686,0.0674386016358191,0.9927004391923112,2.001999503711742e-05,0.0072795408124358,4.0000000000000036,1.9200000000000017,-0.2895699017652298,0.0,0.0,0.0,0.0,0.0,0.0,0.0,0,-0.0
2024-04-16,1.91884244007045,2.493071207291031,4.411913647361487,-1.5663714834964608,0.0366121978820741,0.0,0.0,0.9976665771723234,3.6551576872604335e-05,0.002296871250804,0.9997725767920252,9.66003601059873e-07,0.0002264572043893,0.0,-0.8300000000000018,-0.06962172478948148,0.0,0.0,0.0,0.0,0.0,0.0,0.0,0,-0.0
2024-04-17,-7.43185392409477,-1.596549058366481,-9.028402982461259,-1.5305955093697046,0.0357759741267562,0.0,0.0,0.9999924932488272,4.3841638866935785e-06,3.1225872859365884e-06,0.99999929414323,1.5628171850153298e-07,5.495750254705203e-07,-4.0000000000000036,-0.18999999999999773,-3.0285705954169018,13.0,21.330614131782042,0.333333333333334,0.24833333333333307,-0.0444819067295633,-7.560000000000056,21.330614131782042,1,-5.297102509392535
2024-04-18,3.5118633275546394,2.6201737487476784,6.132037076302321,-1.4956366596212989,0.0349588497484056,0.0,0.0,0.9999373558962016,1.518406728763098e-05,4.74600365108166e-05,0.99979632701656,8.345584893662489e-05,0.0001202171347045,0.9999999999999787,-0.21000000000000085,-0.09576251629592747,23.0,12.774157495314798,-36.5,0.0,0.0,0.0,0.0,0,-0.0
2024-04-19,-1.8729726020731898,-0.34960323821264794,-2.2225758402858453,-1.4614762711046496,0.0341603885166492,0.0,0.0,0.5339755114559788,0.4656542582625724,0.0003702302814489,0.168037503652971,0.8316608070221707,0.0003016893249505,1.000000000000023,0.7100000000000009,0.3467036768385334,0.0,0.0,0.0,0.0,0.0,0.0,0.0,0,-0.0
2024-04-22,1.0807670705834598,-0.7600017372046075,0.3207653333788585,-1.3636055772888294,0.0978706938158202,0.0,0.0,0.1135081142119294,0.8812988669720585,0.005193018816012,0.0241644210062493,0.9729486686545126,0.0028869103392549,0.0,-1.7699999999999996,0.03579738717300884,0.0,0.0,0.0,0.0,0.0,0.0,0.0,0,-0.0
2024-04-23,2.78621460443294,-3.8531047007187347,-1.0668900962857997,-1.332460782860314,0.0311447944285152,0.0,0.0,0.0332960560790362,0.9491777080833632,0.0175262358376006,0.006397456424893,0.9845588097045268,0.0090437338707124,0.0,-1.2500000000000018,0.4166920726559553,69.0,16.358793525501994,14.333333333333336,0.06999999999999984,-0.01209905055824137,-5.726666666666717,16.358793525501994,1,-1.145115546785137
2024-04-24,4.7702879784305905,-0.0052226517495590485,4.765065326681039,-1.302027336519655,0.030433446340659,0.0,0.0,0.0101911613159059,0.9728446602224275,0.0169641784616664,0.0021485651530883,0.9884787044912706,0.0093727303557214,0.0,0.28000000000000114,-0.09509093786785883,100.0,45.99038956204591,-11.833333333333329,-0.018333333333333535,-0.016064338202125966,5.6399999999999935,38.87787063791461,1,0.712760961695109
2024-04-25,0.6403909302899302,4.258110371544621,4.898501301834557,-1.8576001222336176,-0.5555727857139623,0.0,0.0,0.0106942582745878,0.9581488093875024,0.0311569323379097,0.002193785037059,0.982482687521818,0.015323527441261,0.9999999999999787,-0.6000000000000014,0.9821982990248834,44.0,32.78819576704501,3.5,-0.08666666666666689,-0.010640212763879803,9.560000000000041,32.78819576704501,1,2.8416436331439083
2024-04-26,-4.536051996679361,0.8022725359998262,-3.7337794606795427,-2.0754773858361375,-0.2178772636025201,0.0,0.0,0.0093059788914979,0.9748273731384632,0.0158666479700389,0.0019627468351939,0.9905508280379408,0.007486425127014,1.000000000000023,-0.33999999999999986,0.5402244494760566,0.0,0.0,0.0,0.0,0.0,0.0,0.0,0,-0.0
2024-04-29,-3.69750191848661,-1.0506183933669533,-4.748120311853565,-1.936488874173684,0.1389885116624536,0.0,0.0,0.0055973007084978,0.9870100648903248,0.0073926344011772,0.0020931122002069,0.9933417158631768,0.0045651719364458,-2.0000000000000018,-0.35999999999999943,-1.3204624778945018,0.0,0.0,0.0,0.0,0.0,0.0,0.0,0,-0.0
2024-04-30,0.7047148428671199,4.43287712886562,5.137591971732736,-1.8922594071608256,0.0442294670128584,0.0,0.0,0.0067430852342449,0.9669722703256278,0.0262846444401272,0.0072647377131181,0.9715571052971336,0.0211781569895769,0.0,0.9800000000000004,-0.9180392344961597,0.0,0.0,0.0,0.0,0.0,0.0,0.0,0,-0.0
2024-05-01,-0.2326479625149494,-5.458889811433565,-5.691537773948507,-3.049389637334774,-1.1571302301739486,0.0,0.0,0.0074179257189254,0.9779275484569414,0.014654525824133,0.0324868905261016,0.9252751233804168,0.0422379860936509,-3.000000000000025,-0.2599999999999998,-3.398828893000605,0.0,0.0,0.0,0.0,0.0,0.0,0.0,0,-0.0
2024-05-02,2.8893792722810194,-6.14590038261138,-3.256521110330368,-2.9797414817617645,0.0696481555730095,0.0,0.0,0.0790227384649707,0.6513864854919801,0.2695907760430494,0.1484792731688892,0.5749637236224137,0.2765570032086866,-0.9999999999999787,-0.7100000000000009,-0.13640029394830222,0.0,0.0,0.0,0.0,0.0,0.0,0.0,0,-0.0
2024-05-03,-1.6974006661871397,-5.179318246520648,-6.87671891270778,-2.911684092260539,0.0680573895012255,0.0,0.0,0.1111191902044566,0.6385412691934208,0.2503395406021224,0.2159063647802123,0.604880366519869,0.1792132686997693,-2.0000000000000018,-1.1899999999999995,-1.1732535980362613,0.0,0.0,0.0,0.0,0.0,0.0,0.0,0,-0.0
2024-05-06,-4.805453852374249,2.2113235525987207,-2.5941302997755322,-2.7166973190119847,0.1949867732485541,0.0,0.0,0.4740277413511324,0.454341291574647,0.0716309670742206,0.2759222722040521,0.6714165517842186,0.0526611760118609,0.0,0.0,0.5633817718256218,0.0,0.0,0.0,0.0,0.0,0.0,0.0,0,-0.0
2024-05-07,-3.96081713393803,1.0535014504149842,-2.9073156835230485,-2.654647866491151,0.0620494525208337,0.0,0.0,0.1439506956450733,0.8409453249740345,0.0151039793808921,0.1775589132794637,0.8126890438752432,0.0097520428452175,-3.000000000000025,-0.2599999999999998,-0.1624289730515649,58.0,20.180747873508373,5.0,0.0566666666666662,-0.04741351297209678,-1.313333333333248,20.180747873508373,1,-1.1435757128321318
2024-05-08,3.409471162167939,0.16211707811519815,3.571588240283141,-2.594015625424532,0.0606322410666191,0.0,0.0,0.0338159327877544,0.953275864036736,0.0129082031755096,0.1832252795781065,0.8006447557524441,0.0161299646692809,-0.9999999999999787,-0.23000000000000043,0.7474807445306375,42.0,42.0,11.0,-0.0016666666666664831,-0.02691461625985228,2.158333333333262,42.0,1,0.06999999999999229
2024-05-09,-0.9722967706659689,-1.6823200259861615,-2.6546167966521317,-2.5347682266577767,0.0592473987667552,0.0,0.0,0.0665467480412847,0.8841046014597587,0.0493486504989565,0.320247812648444,0.625409742044102,0.054342445307339,0.9999999999999787,-0.3100000000000005,0.3592892423520233,25.0,51.28655555115584,4.75,0.029999999999999805,-0.026366887815246293,0.9649999999999865,51.28655555115584,1,-1.5385966665346653
2024-05-10,1.1157371903955493,2.6249546370474164,3.7406918274429657,-2.4768740403490423,0.0578941863087343,0.0,0.0,0.3649436085612774,0.5305630003632206,0.1044933910755019,0.4479284507452635,0.491181520246034,0.0608900290088578,2.0000000000000018,-0.1399999999999988,-1.3070454324707548,0.0,0.0,0.0,0.0,0.0,0.0,0.0,0,-0.0
2024-05-13,-1.3661349195602093,-0.24771138562806883,-1.6138463051882823,-2.311005195526726,0.1658688448223162,0.0,0.0,0.0815974396571452,0.904117931396288,0.0142846289465665,0.4252267069145563,0.5585329656151745,0.0162403274703744,-0.9999999999999787,1.049999999999999,1.1213673448363437,0.0,0.0,0.0,0.0,0.0,0.0,0.0,0,-0.0
2024-05-14,0.17507376806528974,-2.6669150972196576,-2.491841329154365,-2.258221763912274,0.0527834316144519,0.0,0.0,0.1559265316402472,0.7822281234756574,0.0618453448840952,0.5496347026393775,0.3982404982119155,0.0521247991488565,0.0,-0.17999999999999972,-1.3597165764108965,0.0,0.0,0.0,0.0,0.0,0.0,0.0,0,-0.0
2024-05-15,-4.15119258778143,-5.02565938861288,-9.176851976394307,-2.2066439075420443,0.0515778563702298,0.0,0.0,0.0595601774531408,0.9071406620937112,0.033299160453148,0.6330985658173544,0.3156598942534582,0.0512415399293646,-2.0000000000000018,-0.9700000000000006,0.7632192193392839,0.0,0.0,0.0,0.0,0.0,0.0,0.0,0,-0.0
2024-05-16,1.5677542513032896,1.8412182235760355,3.4089724748793238,-2.1562440910394054,0.0503998165026389,0.0,0.0,0.4543723355479249,0.2188746818197542,0.3267529826323208,0.9217746487607438,0.011801394845916,0.0664239563934726,0.0,-0.02999999999999936,0.7698076257550923,0.0,0.0,0.0,0.0,0.0,0.0,0.0,0,-0.0
2024-05-17,-2.2613717132583298,3.6635698728856525,1.4021981596273214,-2.106995407936595,0.0492486831028102,0.0,0.0,0.9977092518016832,8.943652326973228e-07,0.0022898538330841,0.9985970408274216,9.836915508568474e-07,0.001401975481224,0.9999999999999787,-0.4299999999999997,0.9968699868314168,0.0,0.0,0.0,0.0,0.0,0.0,0.0,0,-0.0
2024-05-20,0.9256465283113108,0.833046655667502,1.75869318397881,-1.9658962286213972,0.1410991793151979,0.0,0.0,0.4724160753083068,0.5267033071002547,0.0008806175914384,0.8365042676795185,0.1632084233991907,0.0002873089214517,1.000000000000023,0.16000000000000014,-0.3311870552479057,0.0,0.0,0.0,0.0,0.0,0.0,0.0,0,-0.0
2024-05-21,-2.327051616477421,-0.633787248579587,-2.9608388650570028,-1.9209950967046876,0.0449011319167096,0.0,0.0,0.210296120224434,0.7843973750387735,0.0053065047367923,0.8420509911763325,0.155144254856764,0.0028047539670251,-1.000000000000023,-0.2900000000000009,-0.9009625893728668,0.0,0.0,0.0,0.0,0.0,0.0,0.0,0,-0.0
2024-05-22,-4.05265255116003,4.12415375159263,0.07150120043259989,-1.877119508058294,0.0438755886463937,0.0,0.0,0.2610067198054015,0.7114215959788284,0.02757168421577,0.924027312410667,0.0663822574400965,0.0095904301491215,1.000000000000023,0.4299999999999997,-1.889800311820089,16.0,26.25306354680867,0.0,-0.10000000000000009,-0.03507964336917761,0.18333333333330581,26.25306354680867,1,2.6253063546808693
2024-05-23,10.03075318031455,-1.249915006139446,8.780838174175098,-1.8342460392415496,0.0428734688167442,0.0,0.0,0.9999815167530234,1.431948042370704e-13,1.8483246833489008e-05,0.9999965376087772,1.9235488144910243e-14,3.4623912604111148e-06,-3.000000000000025,0.4800000000000004,-2.14540216832102,16.0,15.357726867712028,1.0,0.0,0.0,0.0,0.0,0,-0.0
2024-05-24,1.1534707421738206,-0.8270596536172015,0.3264110885566218,-1.7923518018059132,0.0418942374356363,0.0,0.0,0.6230598219627409,0.3764686164016365,0.0004715616356227,0.9842527793144018,0.0156740364800425,7.318420552215101e-05,2.0000000000000018,-0.8399999999999999,1.2953050613297101,0.0,0.0,0.0,0.0,0.0,0.0,0.0,0,-0.0
2024-05-28,-5.122536188936791,6.909110029352217,1.7865738404154285,-1.634127445114291,0.0381959184110671,0.0,0.0,0.9999999581485548,4.424407169229055e-23,4.1851445030751526e-08,0.9999999958881745,1.1660848844556691e-24,4.111612769100435e-09,2.0000000000000018,0.9900000000000002,3.0370008807338422,139.0,55.236664163416606,29.16666666666667,-0.14833333333333343,0.012688494860370061,3.4341666666666897,55.236664163416606,1,8.193438517573469
2024-05-29,20.46188189787958,-6.17747213700941,14.284409760870176,-1.5968039226854158,0.0373235224288752,0.0,0.0,0.9999999999999748,2.4977399185579036e-31,2.5182254670793887e-14,1.0,2.2009472566389366e-31,1.2816235891730783e-14,2.0000000000000018,1.3599999999999994,-0.8191680410766011,72.0,39.42654676290089,4.5,-0.09999999999999964,0.006530944469635813,12.226666666666713,32.78819576704501,1,3.2788195767044894
2024-05-30,-4.59427486900444,-1.8574878076824675,-6.451762676686901,-1.560332870686961,0.0364710519984547,0.0,0.0,0.563645539673154,0.4360572582700622,0.0002972020567838,0.8705036087696232,0.1294017042290467,9.468700145971592e-05,0.0,0.19000000000000128,-1.608074852845398,0.0,0.0,0.0,0.0,0.0,0.0,0.0,0,-0.0
2024-05-31,-2.12270808819834,-2.264971433331464,-4.387679521529808,-1.5246948186673872,0.0356380520195738,0.0,0.0,0.1482175031457569,0.846141369542819,0.0056411273114239,0.8664023045232062,0.130358122703223,0.0032395727737311,-0.9999999999999787,-1.5500000000000007,-1.2617257803717585,0.0,0.0,0.0,0.0,0.0,0.0,0.0,0,-0.0
2024-06-03,-16.952692845062238,1.8425449078502076,-15.110147937212037,-1.4225905678419024,0.1021042508254848,0.0,0.0,0.999999999347319,2.7019651903705673e-18,6.526810119729373e-10,0.9999999998185558,8.98591092471966e-19,1.8125274078604508e-10,-2.0000000000000018,0.1899999999999995,-3.5375352156217232,0.0,0.0,0.0,0.0,0.0,0.0,0.0,0,-0.0
2024-06-04,-4.6650349293814815,-2.8227643437296557,-7.48779927311114,-1.3900985543672495,0.0324920134746529,0.0,0.0,0.6712942541455252,0.3284380500698646,0.0002676957846101,0.9541431141256248,0.045770495477686,8.639039690620982e-05,-2.0000000000000018,0.05000000000000071,-1.3241683484086053,0.0,0.0,0.0,0.0,0.0,0.0,0.0,0,-0.0
2024-06-05,-0.8320978945628887,-2.1846747347639806,-3.0167726293268693,-1.3583486595059922,0.0317498948612573,0.0,0.0,0.8960450354429093,0.0894848084303383,0.0144701561267522,0.9574859275248976,0.0368380891453926,0.0056759833299208,-1.000000000000023,-0.5299999999999994,1.0847110037103036,0.0,0.0,0.0,0.0,0.0,0.0,0.0,0,-0.0
2024-06-06,-0.8213805010208297,-0.8782450437139211,-1.6996255447347508,-1.327323933245576,0.0310247262604161,0.0,0.0,0.4022323295064331,0.5941481541523782,0.0036195163411886,0.910770806484756,0.085712271184116,0.0035169223311023,-2.0000000000000018,-0.05000000000000071,1.8997932853743293,0.0,0.0,0.0,0.0,0.0,0.0,0.0,0,-0.0
2024-06-07,4.34019134974086,8.98206767078129,13.322259020522154,-1.297007812712266,0.03031612053331,0.0,0.0,0.6342674614294971,0.0015214271277184,0.3642111114427845,0.9465424531195898,5.984031754238663e-05,0.0533977065629231,2.0000000000000018,-0.35999999999999943,0.01306762497783609,0.0,0.0,0.0,0.0,0.0,0.0,0.0,0,-0.0
2024-06-10,15.646258223085319,-6.505786774640576,9.140471448444742,-1.210151079541537,0.0868567331707292,0.0,0.0,0.9999999795400004,4.605513826449838e-22,2.0459999690612047e-08,0.9999999979900168,1.2138169823917944e-23,2.010052862466093e-09,1.000000000000023,0.5199999999999996,2.8595456883912185,58.0,20.180747873508373,3.3333333333333357,-0.13666666666666627,0.017760777407278883,3.7766666666666726,20.180747873508373,1,2.758035542712803
2024-06-11,-13.207605164013438,2.1438588517173507,-11.063746312296097,-1.1825111906854766,0.02763988885606,0.0,0.0,0.9999999999639908,1.3905031214732363e-17,3.600919300673353e-11,0.9999999999590728,1.8154034793211013e-17,4.0700785240264994e-11,-4.0000000000000036,0.10999999999999943,0.16494325886373673,39.0,39.0,3.25,0.1716666666666664,-0.05278386781566036,-7.706666666666661,39.0,1,-6.69499999999999
2024-06-12,-3.4531489574988914,-4.137439714896374,-7.59058867239526,-1.155502597763363,0.0270085929221135,0.0,0.0,0.876662763295123,0.1223084223964146,0.0010288143084623,0.8130698587844267,0.1861111820572742,0.0008189591584154,-4.999999999999982,-0.8100000000000005,0.858374369139181,0.0,0.0,0.0,0.0,0.0,0.0,0.0,0,-0.0
2024-06-13,-2.8030507242592986,-4.217798772890191,-7.020849497149495,-1.129110881956137,0.0263917158072259,0.0,0.0,0.5513271257656827,0.4462166765025015,0.0024561977318156,0.6163530421446359,0.3821567506064362,0.0014902072488046,-1.000000000000023,-0.09999999999999964,0.06282591147153127,22.0,45.132168885017144,1.75,0.08166666666666655,-0.012540272460392105,-4.721666666666735,45.132168885017144,1,-3.685793792276395
2024-06-14,-4.069933117997951,1.1190590276942025,-2.9508740903037456,-1.1033219537710226,0.0257889281851144,0.0,0.0,0.5341439828189247,0.4575296544760527,0.0083263627050225,0.5601190165360388,0.431101524518997,0.0087794589448597,-4.0000000000000036,0.7200000000000006,-0.25154081933669303,0.0,0.0,0.0,0.0,0.0,0.0,0.0,0,-0.0
2024-06-17,0.6855281925035983,4.437569100908867,5.123097293412471,-1.029435783155212,0.0738861706158104,0.0,0.0,0.1502333573600887,0.8339177757064478,0.0158488669334634,0.5024317391311234,0.4609563321615973,0.0366119287070563,5.000000000000027,0.08999999999999986,2.389064727156409,0.0,0.0,0.0,0.0,0.0,0.0,0.0,0,-0.0
2024-06-18,-0.7636661396078992,-3.421076903760678,-4.184743043368577,-1.0059234373730304,0.0235123457821817,0.0,0.0,0.8294869521717103,0.0563290584978048,0.1141839893304847,0.5739315225585118,0.2192511776684918,0.2068172997730726,-1.000000000000023,-0.4499999999999993,1.634182708589993,13.0,21.330614131782042,0.25,0.14166666666666705,-0.07430459095091059,-5.136666666666641,21.330614131782042,1,-3.021837002002464
2024-06-20,3.073113002213562,0.2720321385060842,3.345145140719641,-2.183345948907048,-1.2003978345963495,0.0,0.0,0.3426004455467805,0.628675257600995,0.0287242968522245,0.0868193038902665,0.8944618035558713,0.0187188925539222,4.0000000000000036,0.9799999999999986,0.807184672972383,21.0,11.663361191374381,1.5,0.0,0.0,0.0,0.0,0,-0.0
2024-06-21,-0.2545351198123519,0.28057982297529094,0.02604470316294183,-2.1334782585150505,0.0498676903919976,0.0,0.0,0.0708437809625184,0.920024899133696,0.0091313199037857,0.0137588911623181,0.9817121189374104,0.0045289899003987,-2.0000000000000018,-0.08000000000000007,-1.9752232597691766,0.0,0.0,0.0,0.0,0.0,0.0,0.0,0,-0.0
2024-06-24,-1.5033320250152498,0.9967387596205413,-0.5065932653947058,-1.9906056019210352,0.142872656594015,0.0,0.0,0.0170886828131764,0.9733425096736684,0.009568807513155,0.0031480385530833,0.992204048696308,0.0046479127505788,-0.9999999999999787,0.13000000000000078,1.1196417316477358,0.0,0.0,0.0,0.0,0.0,0.0,0.0,0,-0.0
2024-06-25,-1.4268601634244982,-0.1456076622210034,-1.5724678256455071,-1.9451401071381924,0.045465494782843,0.0,0.0,0.0062048448332772,0.9868671991388556,0.006927956027867,0.0013193197765193,0.992484199042642,0.0061964811808712,0.0,-0.4900000000000002,-0.8019484048154446,69.0,16.358793525501994,14.833333333333336,0.17833333333333323,-0.022381113767484112,1.0250000000000385,16.358793525501994,1,-2.917318178714521
2024-06-26,6.73840781911563,2.1981275785826426,8.936535397698275,-1.900713045691342,0.0444270614468504,0.0,0.0,0.0124446537019071,0.9167344979326546,0.0708208483654383,0.0022230964401546,0.940551809966528,0.0572250935931932,3.999999999999959,-0.28999999999999915,0.26803134954693775,98.0,45.51622163377049,13.833333333333336,-0.036666666666666625,-0.03176533845562446,8.185000000000027,38.87787063791461,1,1.4255219233902008
2024-06-27,-1.08848666342522,-1.7856081368699428,-2.8740948002951683,-1.857300699730311,0.0434123459610309,0.0,0.0,0.0083801928916887,0.9749706656756756,0.0166491414326356,0.0012568883825135,0.9312007126841,0.0675423989331777,0.0,-0.3100000000000005,1.0288779257169978,44.0,32.78819576704501,1.666666666666664,0.05166666666666675,-0.03249361487597914,-6.119999999999992,32.78819576704501,1,-1.6940567812973282
2024-06-28,8.435474861144149,-1.3140318597772982,7.121443001366856,-1.8148798931213732,0.0424208066089377,0.0,0.0,0.0146276411644439,0.8780178543672912,0.1073545044682649,0.0023138289355725,0.5128182349778003,0.4848679360865036,2.0000000000000018,0.1999999999999993,-0.2532104807405844,0.0,0.0,0.0,0.0,0.0,0.0,0.0,0,-0.0
2024-07-01,14.595046347289381,-0.3971995714112886,14.197846775878098,-1.693342815959037,0.1215370771623365,0.0,0.0,0.0171450113917036,0.0339678492827351,0.9488871393255612,0.0067497197849976,0.0704540148338742,0.9227962653810178,4.0000000000000036,-0.21999999999999886,2.232528704783654,0.0,0.0,0.0,0.0,0.0,0.0,0.0,0,-0.0
2024-07-02,-4.18044562950292,-1.5062279064343542,-5.686673535937281,-1.6546668125908894,0.0386760033681472,0.0,0.0,0.0370966478610484,0.8224073717952886,0.1404959803436631,0.0089117878899406,0.907941948444958,0.0831462636650428,-2.0000000000000018,-0.19000000000000128,-0.7227947813202462,0.0,0.0,0.0,0.0,0.0,0.0,0.0,0,-0.0
2024-07-03,-6.42860872696929,-0.9938052028188871,-7.422413929788174,-1.6168741703605076,0.0377926422303818,0.0,0.0,0.0260548687476776,0.9291302948551324,0.0448148363971899,0.0054152329001785,0.9662506202885416,0.0283341468111167,-2.9999999999999805,0.0600000000000005,1.2996402209942914,0.0,0.0,0.0,0.0,0.0,0.0,0.0,0,-0.0
2024-07-05,-0.6250869397940797,-6.992986341152996,-7.61807328094708,-1.5438587261483514,0.0360859871232701,0.0,0.0,0.0154530741027551,0.9239206474050624,0.0606262784921823,0.0029128691614584,0.9679740575851564,0.0291130732531672,0.9999999999999787,0.39000000000000057,-0.8842833074629297,0.0,0.0,0.0,0.0,0.0,0.0,0.0,0,-0.0
2024-07-08,-2.3443382353706395,1.3548483153880575,-0.989489919982578,-1.4404711257684009,0.1033876003799505,0.0,0.0,0.007591236633897,0.9808866222813848,0.0115221410847181,0.0013678558656717,0.9931138118364722,0.0055183322979184,-0.9999999999999787,-0.11000000000000121,-0.9638915586685393,0.0,0.0,0.0,0.0,0.0,0.0,0.0,0,-0.0
2024-07-09,3.9060114012797604,-0.6295724006497139,3.276439000630038,-1.4075707197862934,0.0329004059821074,0.0,0.0,0.0047037369637234,0.9839955491771016,0.0113007138591749,0.0009388384732084,0.9931814923045046,0.0058796692221857,-1.000000000000023,0.14000000000000057,-1.0215821072848463,58.0,20.180747873508373,2.0,0.10166666666666657,-0.03710829810773611,3.6033333333332846,20.180747873508373,1,-2.051709367140016
2024-07-10,-2.276015875408541,0.6241644731383111,-1.6518514022702213,-1.3754217601153431,0.0321489596709501,0.0,0.0,0.0060966675566582,0.9831422636567344,0.0107610687866072,0.0015171497755477,0.987343210952706,0.0111396392719613,1.000000000000023,0.33999999999999986,0.734191177830823,39.0,39.0,10.0,0.058333333333333126,-0.055675105111120615,-7.084999999999964,39.0,1,-2.274999999999992
2024-07-11,-1.4397284895616203,-6.9092250949574385,-8.348953584519059,-1.344007083698084,0.0314146764172593,0.0,0.0,0.0174132323816989,0.8394480524027866,0.1431387152155144,0.003519320522434,0.91996849390225,0.0765121855752852,-2.0000000000000018,0.07000000000000028,0.6335565989147085,22.0,45.132168885017144,1.75,-0.11833333333333362,-0.00712255412994256,-6.413333333333308,45.132168885017144,1,5.340639984727042
2024-07-12,1.9036018923428002,-2.4954835853642443,-0.5918816930214454,-1.3133099194818227,0.0306971642162612,0.0,0.0,0.0097708619747023,0.9650966296391456,0.0251325083861519,0.0019692381762933,0.981772874257438,0.0162578875662832,-0.9999999999999787,-0.4599999999999991,-0.513709988213229,0.0,0.0,0.0,0.0,0.0,0.0,0.0,0,-0.0
2024-07-15,6.84488462010675,-1.6885513387727258,5.156333281334025,-1.2253614829890886,0.0879484364927341,0.0,0.0,0.0079261977161352,0.939265243636966,0.0528085586468988,0.0019046564582257,0.9685779499040204,0.0295173936376723,2.9999999999999805,0.6599999999999984,-0.32391606511144033,0.0,0.0,0.0,0.0,0.0,0.0,0.0,0,-0.0
2024-07-16,-7.33654900826286,0.40438675896794507,-6.932162249294915,-1.1973741880381588,0.0279872949509298,0.0,0.0,0.0176555512875604,0.9425132312339264,0.0398312174785132,0.0032471561578528,0.9779472967276216,0.0188055471144281,-1.000000000000023,0.07000000000000028,-1.5744542263597339,0.0,0.0,0.0,0.0,0.0,0.0,0.0,0,-0.0
2024-07-17,-1.30327936041707,-0.28837273396380425,-1.5916520943808798,-1.170026123787348,0.0273480642508108,0.0,0.0,0.006400858956095,0.98501151927022,0.008587621773685,0.0012425797737626,0.9944041014507358,0.004353318775621,0.0,1.290000000000001,2.6976587698202437,13.0,21.330614131782042,0.25,0.050000000000000266,-0.03774440378778943,1.2400000000001001,21.330614131782042,1,-1.0665307065891079
2024-07-18,4.191094782084461,0.6840108743305429,4.875105656415002,-1.143302690187288,0.0267234336000599,0.0,0.0,0.0076681186440391,0.9730712373861587,0.0192606439698021,0.0013964374097416,0.9893286086525545,0.0092749539377243,5.000000000000027,1.4499999999999993,0.011881423408510727,19.0,19.0,-13.833333333333332,0.0,0.0,0.0,0.0,0,-0.0
2024-07-19,2.42408013384842,1.7304758837695111,4.154556017617939,-1.117189620654199,0.0261130695330891,0.0,0.0,0.0052893252685007,0.981862070327334,0.0128486044041654,0.0010014841462186,0.9926940718669648,0.0063044439868424,0.9999999999999787,0.5899999999999999,-3.3094807744444843,0.0,0.0,0.0,0.0,0.0,0.0,0.0,0,-0.0
2024-07-22,1.4161011063326803,0.1435683505302876,1.5596694568629665,-1.0423747738728584,0.0748148467813405,0.0,0.0,0.0043389098057518,0.9861439199575572,0.0095171702366907,0.0011917872926405,0.9913646088085568,0.0074436038990162,-2.0000000000000018,-1.6099999999999994,-0.2212934269193667,0.0,0.0,0.0,0.0,0.0,0.0,0.0,0,-0.0
2024-07-23,0.34296113031837966,-1.625542434031324,-1.2825813037129485,-1.0185669011342564,0.0238078727386019,0.0,0.0,0.0194382696360769,0.943946966448986,0.0366147639149369,0.0040020839088745,0.9524514736789912,0.0435464424119955,-0.9999999999999787,-0.1899999999999995,-3.7749795483284387,69.0,16.358793525501994,8.0,0.22666666666666657,-0.057235839631674,-6.276666666666619,16.358793525501994,1,-3.7079931991137838
2024-07-24,7.770470230554761,-3.5397015337646387,4.230768696790133,-1.185064602791062,-0.1664977016568056,0.0,0.0,0.0136203779241753,0.7912098990235928,0.1951697230522319,0.0031210798505036,0.8834662410637882,0.1134126790855042,-1.000000000000023,3.3199999999999985,0.6878131816197453,100.0,45.99038956204591,-22.666666666666664,0.03833333333333311,-0.026727230318302597,-5.858333333333314,38.87787063791461,1,-1.4903183744533848
2024-07-25,-4.84548301399634,2.4924787828994432,-2.3530042310969,-1.1579976898558568,0.0270669129352052,0.0,0.0,0.0168969561803497,0.9223904256559068,0.0607126181637434,0.0032896611169173,0.9666233780758856,0.0300869608071807,0.0,0.4200000000000017,0.8216973102281422,44.0,32.78819576704501,1.0,0.0983333333333336,-0.05420690968501256,-7.413333333333375,32.78819576704501,1,-3.224172583759435
2024-07-26,-3.3814828524469904,-3.4221675383625083,-6.803650390809501,-1.1315489860664785,0.0264487037893783,0.0,0.0,0.0093133810629346,0.973472791301654,0.0172138276354113,0.0017127449008309,0.9902301174606748,0.0080571376385951,-0.9999999999999787,-2.0700000000000003,-1.0758916514727268,0.0,0.0,0.0,0.0,0.0,0.0,0.0,0,-0.0
2024-07-29,-2.4731928255508,-0.15427236690674917,-2.6274651924575565,-1.0557725355400478,0.0757764505264306,0.0,0.0,0.0064555186797864,0.9861186869991968,0.0074257943210166,0.0010976488168044,0.994541563105132,0.0043607880782148,-2.0000000000000018,0.21000000000000085,-1.6811432184820951,0.0,0.0,0.0,0.0,0.0,0.0,0.0,0,-0.0
2024-07-30,-1.1282209877427902,-1.2320207251035775,-2.360241712846367,-0.096039945886869,0.9597325896531788,0.0,0.0,0.0045969637863634,0.9884112821380312,0.0069917540756053,0.0006427968753047,0.9798513079108778,0.0195058952136073,0.0,1.0899999999999999,-1.4338097560796292,0.0,0.0,0.0,0.0,0.0,0.0,0.0,0,-0.0
2024-07-31,-4.647181800592031,-2.1848070620102966,-6.831988862602323,-0.0938463904912398,0.0021935553956291,0.0,0.0,0.024125558101909,0.9215581358092482,0.0543163060888427,0.0008780852907051,0.7046674805601032,0.2944544341492254,-0.9999999999999787,-1.3300000000000018,4.1026778591921165,0.0,0.0,0.0,0.0,0.0,0.0,0.0,0,-0.0
2024-08-01,-3.9559564476997306,-6.258962439778681,-10.214918887478452,-0.7029242038148305,-0.6090778133235906,0.0,0.0,0.0469225276017545,0.5858077910179388,0.3672696813803066,0.000197814948211,0.152467015849657,0.8473351692023523,-4.0000000000000036,2.2300000000000004,-2.06245375525409,0.0,0.0,0.0,0.0,0.0,0.0,0.0,0,-0.0
2024-08-02,-7.817968922959598,-12.333306069417027,-20.15127499237659,-1.8857550760592543,-1.182830872244424,0.0,0.0,0.0001305929844019,3.356293851032032e-07,0.999869071386213,6.37199634507919e-05,5.338718652886752e-07,0.9999357461645508,-16.000000000000014,4.800000000000001,-3.6015154110779157,0.0,0.0,0.0,0.0,0.0,0.0,0.0,0,-0.0
2024-08-05,-5.020531361478272,2.9110076941207375,-2.1095236673575712,-1.7594716999212865,0.126283376137968,0.0,0.0,0.0430043685837438,0.713120577961205,0.2438750534550511,0.0247963641340707,0.6586776319657299,0.3165260039003829,2.9999999999999805,15.18,-0.7092702868726874,0.0,0.0,0.0,0.0,0.0,0.0,0.0,0,-0.0
2024-08-06,9.461113575256523,3.4898241275318043,12.950937702788368,-1.7192853107560329,0.0401863891652536,0.0,0.0,0.0294232514023677,0.6435755899061248,0.3270011586915073,0.0387799043361765,0.6662848515857606,0.2949352440778376,5.000000000000027,-10.86,0.18784387651447076,58.0,20.180747873508373,1.0,-0.018333333333333535,-0.026133906404854718,12.061666666666651,20.180747873508373,1,0.3699803776809909
2024-08-07,7.182604708651399,0.7523847591772714,7.934989467828668,-1.6800167799878278,0.039268530768205,15.30109100765233,15.30109100765233,0.020578117084992,0.83293994002388,0.1464819428911278,0.0919535102676723,0.7571134293338437,0.1509330603985933,-1.000000000000023,0.14000000000000057,2.750041096772815,42.0,42.0,8.833333333333332,-0.20500000000000007,0.003746846642287166,2.065000000000013,42.0,1,8.610000000000003
2024-08-08,1.2348571961687607,2.306708349160136,3.5415655453288952,-1.64164514370191,0.0383716362859178,14.951613606047074,-0.349477401605256,0.0093095402622579,0.965504950870601,0.025185508867141,0.2477301464705466,0.6853569768292616,0.0669128767003839,1.000000000000023,-4.060000000000002,1.2441840123366354,25.0,51.28655555115584,3.8,-0.09666666666666668,0.01875210253205639,-10.60166666666671,51.28655555115584,1,4.957700369945066
2024-08-09,-2.565899024486519,-1.3469645794220497,-3.9128636039085674,-1.6041499167999909,0.037495226901919,14.610118279326002,-0.34149532672107163,0.9586392940426705,0.0178594640225273,0.0235012419348021,0.990690366061812,0.0038215719130219,0.005488062025141,-2.0000000000000018,-3.419999999999998,0.8209384227065186,0.0,0.0,0.0,0.0,0.0,0.0,0.0,0,-0.0
2024-08-12,-0.9771825660487704,-3.074712197827534,-4.051894763876307,-1.4967247957454166,0.1074251210545742,13.631722364866134,-0.9783959144598686,0.4843108078768127,0.5100186438597072,0.0056705482634801,0.9670323030274856,0.0314094592369722,0.0015582377356853,0.9999999999999787,0.33999999999999986,3.969719252017878,0.0,0.0,0.0,0.0,0.0,0.0,0.0,0,-0.0
2024-08-13,-5.771594570487171,-1.7197670052719438,-7.4913615757591145,-1.462539554165344,0.0341852415800725,13.320373395756995,-0.31134896910913845,0.9779530384645092,0.0003473228347542,0.0216996387007366,0.9949164769532544,5.659784567154763e-05,0.0050269252009622,-2.0000000000000018,-2.59,-2.0340525160136735,0.0,0.0,0.0,0.0,0.0,0.0,0.0,0,-0.0
2024-08-14,-4.30675922567017,1.6711340744043568,-2.6356251512658524,-1.429135104582044,0.0334044495833001,13.016135646930275,-0.3042377488267203,0.6378974837365207,0.35587009059935,0.0062324256641293,0.9779486756855182,0.0202075767868189,0.0018437475276925,-2.9999999999999805,-1.9299999999999997,-1.693242374853554,0.0,0.0,0.0,0.0,0.0,0.0,0.0,0,-0.0
2024-08-15,6.59048986108863,4.435717499581315,11.026207360669993,-1.396493613681663,0.0326414909003809,12.718846697890251,-0.29728894904002345,0.9751628214649196,1.5378050611586454e-06,0.0248356407300192,0.9931209079421968,7.852568553775797e-08,0.0068790135320922,6.000000000000005,-0.9600000000000009,1.5051191614116277,0.0,0.0,0.0,0.0,0.0,0.0,0.0,0,-0.0
2024-08-16,-4.55362504742842,0.7052573539478857,-3.8483676934805366,-1.3645976554638,0.031895958217863,12.428347837830453,-0.29049886005979886,0.9979805144635624,0.0001364185494648,0.0018830669869726,0.994673248511236,0.0007136031933897,0.004613148295171,-4.0000000000000036,-0.4299999999999997,-2.0417930792056893,0.0,0.0,0.0,0.0,0.0,0.0,0.0,0,-0.0
2024-08-19,-3.408384928316102,0.3247703052146278,-3.0836146231014716,-1.2732146327215028,0.0913830227422971,11.59605856299096,-0.8322892748394928,0.5881393983221916,0.4110376281499658,0.0008229735278424,0.2054055222103989,0.793848394009421,0.0007460837802306,-1.000000000000023,-0.15000000000000036,-2.8987536873252395,0.0,0.0,0.0,0.0,0.0,0.0,0.0,0,-0.0
2024-08-20,-2.26946211853209,-2.3645681566428323,-4.634030275174927,-1.2441343703201635,0.029080262401339,11.331204219373912,-0.2648543436170474,0.1613664908479181,0.8320336633047993,0.0065998458472823,0.0342796332266442,0.9616834608193046,0.0040369059541374,0.0,1.2300000000000004,-0.7280461041747621,0.0,0.0,0.0,0.0,0.0,0.0,0.0,0,-0.0
2024-08-21,0.8641796773277921,-3.980837595988973,-3.116657918661181,-1.2157183020300115,0.0284160682901521,11.072399157325407,-0.2588050620485056,0.036674030355228,0.9418471841681032,0.0214787854766688,0.0071394961341164,0.9805324265242727,0.0123280773415191,0.0,0.3899999999999988,-3.3915295396519163,16.0,26.25306354680867,0.0,-0.11499999999999977,-0.01275073100057493,0.6783333333334104,26.25306354680867,1,3.019102307882991
2024-08-22,4.261943842974339,3.195471266896188,7.457415109870524,-1.1879512576365814,0.0277670443934301,10.819505211063467,-0.2528939462619402,0.0128486857903777,0.9558466548579568,0.0313046593516653,0.0024602137298228,0.9804034864066626,0.0171362998636507,3.000000000000025,1.2800000000000011,1.310777915170025,8.0,16.279824410194205,0.0,0.0,0.0,0.0,0.0,0,-0.0
2024-08-23,-0.614121021601971,-4.5848379948035145,-5.198959016405436,-1.1608184134135846,0.0271328442229967,10.572387370516935,-0.2471178405465313,0.0084992476881377,0.9580843433051148,0.0334164090067476,0.0015413125750018,0.9827084005731834,0.0157502868517501,2.9999999999999805,-1.6900000000000013,2.8087977286566534,0.0,0.0,0.0,0.0,0.0,0.0,0.0,0,-0.0
2024-08-26,-0.35339436830880977,1.2099744657115608,0.8565800974027038,-1.0830818768982873,0.0777365365152973,9.864386215999378,-0.7080011545175573,0.0053994457532274,0.9845595632703084,0.0100409909764642,0.0009658346993995,0.9941773007724304,0.004856864527987,2.0000000000000018,0.28999999999999915,3.346181726817399,0.0,0.0,0.0,0.0,0.0,0.0,0.0,0,-0.0
2024-08-27,5.064053824358661,-2.700288448112076,2.363765376246585,-1.0583442526416342,0.024737624256653,9.639083323449164,-0.2253028925502143,0.004807823617794,0.980828893343708,0.0143632830384978,0.000851895596188,0.9925580838057538,0.0065900205979477,0.0,-0.7199999999999989,-2.4533186523872708,69.0,16.358793525501994,13.0,0.05666666666666664,-0.02214519831152595,-3.553333333333312,16.358793525501994,1,-0.9269982997784459
2024-08-28,0.772570052256899,-0.10527283035051127,0.6672972219063933,-1.034171636503865,0.0241726161377693,9.418926356076652,-0.2201569673725121,0.0042973783919567,0.9883203466622128,0.0073822749458305,0.0007663500256923,0.9957946807668622,0.0034389692072481,0.0,1.6799999999999997,-1.3290543680956723,98.0,45.51622163377049,9.833333333333336,0.03333333333333366,-0.02533635886966186,-7.350000000000027,38.87787063791461,1,-1.295929021263833
2024-08-29,1.8467707523691423,1.0427554054202481,2.889526157789346,-1.0105511236817093,0.0236205128221556,9.203797780788348,-0.2151285752883041,0.0043891802106643,0.9864935475104728,0.0091172722788627,0.0008033573583999,0.9948362545900272,0.0043603880516386,1.000000000000023,-1.459999999999999,1.8505679360065308,44.0,32.78819576704501,0.5,-0.05333333333333323,-0.0023625236075475453,-2.1300000000000097,32.78819576704501,1,1.7487037742423972
2024-08-30,3.0450782346051586,0.8538994983970483,3.8989777330022513,-0.9874701041180108,0.0230810195636985,8.993582748950324,-0.2102150318380236,0.0046110541732583,0.9831982569975646,0.012190688829177,0.0009582844201779,0.9931557940951014,0.0058859214845052,-1.000000000000023,-0.6500000000000004,-3.1438330778210677,0.0,0.0,0.0,0.0,0.0,0.0,0.0,0,-0.0
2024-09-03,-6.519172400256279,-1.2524258846822178,-7.771598284938497,-0.9002987007033143,0.0210434845950759,8.199651644927238,-0.1916577719597079,0.0086096575356179,0.9795593914835676,0.0118309509808144,0.0017540771248006,0.9920070597175692,0.0062388631574176,-4.0000000000000036,5.719999999999999,-4.445176257083361,0.0,0.0,0.0,0.0,0.0,0.0,0.0,0,-0.0
2024-09-04,-2.6649312962625515,-5.045580945291928,-7.710512241554479,-0.8797358499606429,0.0205628507426713,8.012371342528914,-0.1872803023983245,0.0095272406329904,0.9656872585915924,0.0247855007754172,0.0018333976279645,0.9863447599514727,0.0118218424204779,-4.0000000000000036,0.6000000000000014,-1.655034594367777,0.0,0.0,0.0,0.0,0.0,0.0,0.0,0,-0.0
2024-09-05,-2.7273717944717086,-0.167041858735395,-2.8944136532071063,-0.8596426553780167,0.0200931945826262,7.82936852814901,-0.18300281437990318,0.0073378613843422,0.9841128441671032,0.0085492944485547,0.001420927151245,0.9930856432440202,0.0054934296045231,-4.0000000000000036,-1.4200000000000017,-0.028530670664306257,0.0,0.0,0.0,0.0,0.0,0.0,0.0,0,-0.0
2024-09-06,2.111718282976449,-3.570094273176405,-1.4583759902000004,-0.8400083899939144,0.0196342653841022,7.650545503826165,-0.17882302432284547,0.0077780664252582,0.9367745495695488,0.0554473840051929,0.001496427675979,0.9722012801979508,0.0263022921260955,0.0,2.4800000000000004,-2.177918347745944,0.0,0.0,0.0,0.0,0.0,0.0,0.0,0,-0.0
2024-09-09,-2.9462387494220392,0.4685026194610309,-2.4777361299609613,-0.7837555410320388,0.0562528489618755,7.138211358323398,-0.5123341455027672,0.0072379880532885,0.98237376098731,0.0103882509594012,0.0013372999058111,0.9936271161025064,0.0050355839915846,1.000000000000023,-2.9299999999999997,1.5481753191040504,0.0,0.0,0.0,0.0,0.0,0.0,0.0,0,-0.0
2024-09-10,-1.256926551960541,-3.695245749244336,-4.952172301204838,-2.334956592951637,-1.5512010519195982,6.975174385576269,-0.16303697274712903,0.0058964006439347,0.980426705676428,0.0136768936796373,0.0010925938883129,0.9923339684164234,0.0065734376950678,-2.0000000000000018,-0.370000000000001,-4.282807331029925,58.0,20.180747873508373,0.33333333333333587,0.09666666666666668,-0.04875089546880429,-10.408333333333346,20.180747873508373,1,-1.9508056277724763
2024-09-11,-2.2633107624136173,2.532463362965931,0.2691526005522693,-2.281626110663956,0.0533304822876812,6.815861182433068,-0.15931320314320097,0.0059670254144875,0.981216336601146,0.0128166379843664,0.0010703088815538,0.9927695351574252,0.0061601559612481,2.0000000000000018,-1.389999999999997,2.252280714955379,39.0,39.0,2.6,0.15500000000000025,-0.04960314789075655,-6.67999999999996,39.0,1,-6.04500000000001
2024-09-12,3.7615693828724375,-0.6041885052200602,3.157380877652427,-2.2295136982751425,0.0521124123888134,6.6601866978784985,-0.15567448455456923,0.0047104426218948,0.9827591649387084,0.0125303924393965,0.0008758534237056,0.9929135187314312,0.0062106278447052,0.9999999999999787,-0.620000000000001,2.3745143423968607,22.0,45.132168885017144,1.4,-0.011666666666666714,0.008977954324605353,-9.943333333333356,45.132168885017144,1,0.5265419703252021
2024-09-13,0.35657306067609085,-3.400916290838918,-3.0443432301628714,-2.178591535030257,0.0509221632448855,6.508067823465138,-0.15211887441336014,0.0053093113179898,0.9774994261853276,0.0171912624966826,0.0010677776583537,0.9907821815807836,0.0081500407609006,3.000000000000025,-0.5100000000000016,-0.43016986322790274,0.0,0.0,0.0,0.0,0.0,0.0,0.0,0,-0.0
2024-09-16,-2.7676163861011904,-0.3491035064817627,-3.1167198925829975,-2.032697777266046,0.1458937577642109,6.072241990452117,-0.4358258330130216,0.0086732425964954,0.980543566344335,0.0107831910591695,0.001568406955095,0.9932528191235748,0.0051787739212242,0.9999999999999787,0.5800000000000018,2.146645795243618,0.0,0.0,0.0,0.0,0.0,0.0,0.0,0,-0.0
2024-09-17,0.5808621226434829,1.4027995742182942,1.983661696861816,-1.986270895869652,0.0464268813963941,5.933551791715293,-0.13869019873682387,0.0051868085600564,0.985109701719142,0.0097034897208015,0.00098693796899,0.9930344755170476,0.0059785865140414,3.000000000000025,0.46999999999999886,1.479853894517369,13.0,21.330614131782042,0.2,-0.16999999999999993,0.09808535262205624,4.101666666666655,21.330614131782042,1,3.6262044024029456
2024-09-18,7.732796730046626,-1.4622370478083457,6.270559682238286,-1.9409044059098504,0.0453664899598014,5.79802928149548,-0.13552251021981299,0.0067838547037272,0.9467717948906794,0.0464443504055933,0.001291449591141,0.9753852514466628,0.0233232989621773,0.0,0.620000000000001,-0.40269442740168415,0.0,0.0,0.0,0.0,0.0,0.0,0.0,0,-0.0
2024-09-19,3.4001665429496812,-0.6475205669706607,2.752645975979018,-1.8965740880127584,0.0443303178970919,5.665602109686956,-0.1324271718085237,0.0070951265110245,0.9721108920655718,0.0207939814234036,0.0012673583022769,0.9889406573100312,0.0097919843879012,4.999999999999982,-1.9000000000000021,1.368086010006575,17.0,17.0,-13.166666666666668,0.0,0.0,0.0,0.0,0,-0.0
2024-09-20,0.39900054778682914,-1.0864761181657911,-0.6874755703789592,-1.853256275975756,0.0433178120370023,5.536199578662703,-0.1294025310242528,0.0047985418311917,0.9846743038052884,0.0105271543635198,0.0008578446347605,0.9942172959225176,0.0049248594427054,-2.0000000000000018,-0.17999999999999972,-0.19233417111941264,0.0,0.0,0.0,0.0,0.0,0.0,0.0,0,-0.0
2024-09-23,1.5472849681932799,0.5314611568823846,2.0787461250756145,-1.7291492472580228,0.1241070287177332,5.165456854624475,-0.3707427240382284,0.0045733469511062,0.986162358826616,0.0092642942222777,0.0008261642389839,0.994577060158052,0.0045967756030155,2.0000000000000018,-0.259999999999998,-1.9299453579276538,0.0,0.0,0.0,0.0,0.0,0.0,0.0,0,-0.0
2024-09-24,2.5436290033446607,-3.526010585332484,-0.982381581987779,-1.6896554238687498,0.0394938233892729,5.047477657013312,-0.11797919761116304,0.0048604453782855,0.9788790202135604,0.0162605344081537,0.0008977703011126,0.9909224841112204,0.0081797455875779,2.0000000000000018,-0.5,1.4060230234004933,69.0,16.358793525501994,13.0,-0.06499999999999995,-0.0021233262323523683,-3.3183333333333196,16.358793525501994,1,1.0633215791576287
2024-09-25,4.4159225781721405,0.7515631967779157,5.167485774950009,-1.6510636406523398,0.0385917832164099,13.275798797273254,8.228321140259942,0.0048817884477522,0.9800578489285215,0.0150603626237261,0.0010357021037758,0.9897073909863296,0.0092569069098608,-0.9999999999999787,0.019999999999999574,-2.689991279704529,98.0,45.51622163377049,10.233333333333336,0.0033333333333334103,-0.028415522229919485,-1.6383333333333274,38.87787063791461,1,-0.12959290212638502
2024-09-26,-3.7705289129829804,3.882131069002126,0.1116021560191971,-1.6133532949827716,0.0377103456695682,12.972579133682931,-0.3032196635903226,0.010448986877764,0.9443096235927054,0.0452413895295304,0.0019910741096665,0.9743057024998067,0.0237032233904208,-2.0000000000000018,-0.040000000000000924,-3.086041580066645,44.0,32.78819576704501,0.16666666666666413,0.08999999999999986,-0.037898392221386246,-2.9349999999999756,32.78819576704501,1,-2.9509376190340464
2024-09-27,-1.1049979420429,-3.1726598995998057,-4.2776578416427125,-1.5765042547986514,0.0368490401841201,12.676285016780371,-0.29629411690256013,0.0066091387503667,0.9754759734937032,0.0179148877559302,0.0014005746029111,0.9855426487395904,0.0130567766573123,-1.000000000000023,1.5900000000000016,0.6423379749760372,0.0,0.0,0.0,0.0,0.0,0.0,0.0,0,-0.0
2024-09-30,0.7062942666637497,4.943058738906947,5.6493530055706564,-1.4709304810252912,0.1055737737733601,11.8273921307798,-0.8488928860005718,0.0110886835674972,0.9110982915396962,0.0778130248928065,0.0021608845829767,0.9583934921095316,0.0394456233072742,3.000000000000025,-0.23000000000000043,0.04364588706806671,0.0,0.0,0.0,0.0,0.0,0.0,0.0,0,-0.0
2024-10-01,-4.2514237086809,-2.5537094984767084,-6.805133207157565,-1.437334382407644,0.0335960986176473,11.557254121172239,-0.2701380096075603,0.0090377737110797,0.9776823611131832,0.0132798651757372,0.0015409392804083,0.9877874795498774,0.0106715811697884,0.9999999999999787,2.530000000000001,2.385856198436098,0.0,0.0,0.0,0.0,0.0,0.0,0.0,0,-0.0
2024-10-02,4.721369902188539,0.08335324874662042,4.804723150935208,-1.4045056197429098,0.0328287626647341,11.293286072231222,-0.2639680489410168,0.0064000662175916,0.9702060699887164,0.0233938637936918,0.0008345971868074,0.950910409984582,0.0482549928283965,2.0000000000000018,-0.360000000000003,0.4675885246292921,0.0,0.0,0.0,0.0,0.0,0.0,0.0,0,-0.0
2024-10-03,3.58146633288179,2.9219713135823167,6.5034376464640165,-1.3724266670537024,0.0320789526892073,11.03534706186037,-0.2579390103708512,0.0074951822783632,0.9601997505201406,0.0323050672014961,0.0002884233352915,0.7701584781705341,0.2295530984940676,0.0,1.5899999999999999,4.950345495986763,0.0,0.0,0.0,0.0,0.0,0.0,0.0,0,-0.0
2024-10-04,0.24372036129621105,12.687751238185063,12.93147159948127,-1.3410803986565134,0.031346268397189,10.78329938662843,-0.2520476752319407,0.0001744488614681,0.0002592150806235,0.9995663360579082,0.0009886544926218,8.640155430645822e-05,0.9989249439532208,2.0000000000000018,-1.2799999999999976,0.8039705639016681,0.0,0.0,0.0,0.0,0.0,0.0,0.0,0,-0.0
2024-10-07,8.16079288948383,-0.7227936230157717,7.437999266468109,-1.251272256249861,0.0898081424066523,10.061174085342945,-0.7221253012854856,0.1572633665068297,0.2374620621315694,0.6052745713616008,0.55538975866802,0.0600621358800939,0.3845481054518408,4.0000000000000036,3.4299999999999997,3.707281577596433,0.0,0.0,0.0,0.0,0.0,0.0,0.0,0,-0.0
2024-10-08,-3.3060632311291998,2.0663876999358344,-1.2396755311933738,-1.222693158419762,0.028579097830099,9.831376551645164,-0.22979753369778066,0.2407525598766706,0.456624486947463,0.3026229531758664,0.782869782548319,0.0695703654739191,0.1475598519778297,0.0,-1.2199999999999989,-4.605471140324902,58.0,20.180747873508373,0.0,-0.12333333333333307,0.04342547842700456,-1.0283333333333124,20.180747873508373,1,2.488958904399361
2024-10-09,6.3892842748193805,-0.9820531589528336,5.407231115866562,-1.194766808086223,0.0279263503335389,9.606827600870773,-0.2245489507743912,0.5119328262139237,0.3595593496566376,0.1285078241294387,0.916459458927576,0.031234392975467,0.0523061480971344,2.0000000000000018,-0.5600000000000023,-0.5536439771545609,39.0,39.0,8.5,-0.026666666666666394,-0.002293747434857968,-2.103333333333339,39.0,1,1.0399999999999894
2024-10-10,0.6998027192192801,0.5605521986684181,1.260354917887696,-1.1674782964758186,0.0272885116104044,9.38740735522013,-0.21942024565064244,0.8282808451674281,0.0704491145197592,0.1012700403128126,0.9546753986070872,0.0070549318067593,0.0382696695862804,4.0000000000000036,0.07000000000000028,3.473171929087826,22.0,45.132168885017144,1.4,0.12333333333333352,-0.02873780592412875,-3.145000000000026,45.132168885017144,1,-5.566300829152123
2024-10-11,6.24555663706468,-5.530638288276402,0.7149183487882738,-1.140813055331978,0.0266652411438406,9.17299867490631,-0.2144086803138201,0.9682920571735028,0.0193789547935153,0.0123289880329817,0.9625943324686692,0.0100633151760638,0.0273423523554056,0.0,-0.46999999999999886,-0.4588065988967216,0.0,0.0,0.0,0.0,0.0,0.0,0.0,0,-0.0
2024-10-15,-12.26141187695994,4.877395113968985,-7.384016762990964,-1.040104917786974,0.0243113000136672,8.363229179426805,-0.19548121558420029,0.9702606788008248,0.0129036826963856,0.0168356385027897,0.9218580304275276,0.0459470620786598,0.0321949074936685,-5.000000000000027,0.17999999999999972,-6.640598442966805,0.0,0.0,0.0,0.0,0.0,0.0,0.0,0,-0.0
2024-10-16,0.9317955142385,-1.6563291664621893,-0.7245336522236911,-1.0163488886330232,0.0237560291539506,8.172212760977061,-0.1910164184497436,0.4533866995436456,0.5431745347857966,0.0034387656705578,0.4049074437804772,0.5875850240678032,0.0075075321516201,-0.9999999999999787,-1.0600000000000023,-0.351642531273999,0.0,0.0,0.0,0.0,0.0,0.0,0.0,0,-0.0
2024-10-17,10.74724127480645,-1.4533592816842855,9.293881993122177,-0.993135447934826,0.0232134406981971,7.985559163554288,-0.1866535974227732,0.7220130667876116,0.1916691476222803,0.0863177855901081,0.3551658802364427,0.5309848584544681,0.1138492613092718,2.9999999999999805,-0.46999999999999886,0.4077907640798628,0.0,0.0,0.0,0.0,0.0,0.0,0.0,0,-0.0
2024-10-18,0.20710426990974973,-1.4871958593146495,-1.280091589404897,-0.9704522029549252,0.0226832449799007,7.803168740188512,-0.18239042336577604,0.2186020827239729,0.765334350682079,0.016063566593948,0.0539229993028965,0.9307347919489574,0.015342208748249,1.000000000000023,-1.0799999999999983,-2.098772441906238,0.0,0.0,0.0,0.0,0.0,0.0,0.0,0,-0.0
2024-10-21,8.467317738231639,2.4745880426108258,10.941905780842465,-0.9054639220665188,0.0649882808884064,7.280613873124588,-0.5225548670639233,0.0816616044716107,0.8297071308364098,0.0886312646919795,0.016625816074318,0.936790125221088,0.0465840587045922,0.0,0.33999999999999986,1.9583427039006729,0.0,0.0,0.0,0.0,0.0,0.0,0.0,0,-0.0
2024-10-22,0.6243016406140917,1.3031765212931035,1.9274781619071923,-0.8847830975048683,0.0206808245616505,7.114324422444355,-0.16628945068023349,0.0193561828579107,0.964516579407142,0.0161272377349474,0.0036816424194123,0.9882015260817204,0.0081168314989719,2.0000000000000018,-0.1700000000000017,2.333439206177257,0.0,0.0,0.0,0.0,0.0,0.0,0.0,0,-0.0
2024-10-23,1.1699475514472395,2.6117087525674876,3.7816563040147244,-0.8645746236290115,0.0202084738758567,6.95183302806671,-0.16249139437764448,0.0083817653291652,0.974391917386184,0.0172263172846507,0.0016536476770327,0.989907182341394,0.0084391699815861,-2.0000000000000018,1.0399999999999991,-2.0387641876431495,13.0,21.330614131782042,0.2,-0.043333333333333446,0.043152583660291885,2.8466666666666787,21.330614131782042,1,0.9243266123772242
2024-10-24,-4.03781717580412,0.4777264906408618,-3.560090685163253,-0.8448277119343749,0.0197469116946366,6.793052942265817,-0.15878008580089364,0.0086711716961773,0.9764185305803886,0.0149102977234339,0.0015706842949007,0.991237014692,0.0071923010132094,-1.000000000000023,-0.16000000000000014,-1.1130794735851879,24.0,13.329555647285007,-46.0,0.0,0.0,0.0,0.0,0,-0.0
2024-10-25,3.10054134034248,1.1731020655696867,4.273643405912164,-0.8255318203261699,0.0192958916082049,6.637899398636627,-0.15515354362918998,0.0052193986076883,0.9817290977070032,0.0130515036853085,0.0009946901276095,0.9926931569900714,0.0063121528823933,-0.9999999999999787,1.25,2.0197039973605335,0.0,0.0,0.0,0.0,0.0,0.0,0.0,0,-0.0
2024-10-28,1.211674707936261,2.0798939712488362,3.2915686791850973,-0.7702484239277525,0.0552833963984173,6.193379133430306,-0.4445202652063207,0.0055209228650191,0.9819666704797592,0.0125124066552215,0.0012254637334915,0.9922547897190392,0.0065197465472777,0.0,-0.5299999999999976,-6.2596503603931986,139.0,55.236664163416606,14.166666666666664,-0.06583333333333319,0.02566925581023282,3.7724999999999747,55.236664163416606,1,3.636413724091585
2024-10-29,1.3963213771707395,-1.0225749366048476,0.3737464405658919,-0.7526559256117704,0.017592498315982,6.051922158524077,-0.14145697490622933,0.0055547605869306,0.9868596740416372,0.0075855653714321,0.002285743832021,0.9866989952363624,0.0110152609318252,0.9999999999999787,-0.46000000000000085,-0.2516096939030099,74.0,39.900714691176304,-32.5,0.19666666666666677,-0.0451104625122081,-3.8216666666667027,32.78819576704501,1,-6.4483451675188554
2024-10-30,-2.82761335791841,3.176340230200747,0.34872687228233445,-0.907553954598702,-0.1548980289869315,5.9136960653899,-0.13822609313417722,0.0190933229498063,0.8933897128613486,0.087516964188845,0.0089515415063529,0.8658059262021781,0.1252425322913173,4.0000000000000036,1.0100000000000016,2.097004769134969,0.0,0.0,0.0,0.0,0.0,0.0,0.0,0,-0.0
2024-10-31,-3.744177796150441,2.722085295713317,-1.0220925004371217,-1.6133164061961884,-0.7057624515974865,5.778627060586119,-0.13506900480378015,0.0231967526037126,0.926712323846138,0.0500909235501495,0.0173741409624327,0.7869345535768065,0.1956913054609442,-0.9999999999999787,2.8099999999999987,0.9675864354679042,0.0,0.0,0.0,0.0,0.0,0.0,0.0,0,-0.0
2024-11-01,11.74631256428524,-1.7182312534860245,10.02808131079922,-2.0645960728376274,-0.4512796666414389,5.646643036115611,-0.1319840244705084,0.0868261839985293,0.3159621945064719,0.5972116214949987,0.035716325222049,0.3978924918273346,0.5663911829507056,0.0,-1.2800000000000011,0.3300096258514351,0.0,0.0,0.0,0.0,0.0,0.0,0.0,0,-0.0
2024-11-04,-5.94461330108462,-0.5087400973113887,-6.453353398396011,-1.926336250154836,0.1382598226827913,5.26850424412743,-0.3781387919881807,0.0648622183330062,0.8122410325994511,0.1228967490675424,0.0349626429663075,0.7038411829644274,0.2611961740693221,-5.000000000000027,0.10000000000000142,2.8524950104399593,58.0,20.180747873508373,0.0,0.03500000000000014,0.013377606855093233,-2.833333333333355,20.180747873508373,1,-0.706326175572796
2024-11-05,-5.754793467457292,2.3607742276662513,-3.394019239791035,-1.882338669395043,0.0439975807597929,5.14817144088725,-0.12033280324018047,0.0454820296582069,0.8788298384465044,0.0756881318952886,0.0429983919047778,0.569554720057293,0.3874468880380569,-0.9999999999999787,-1.490000000000002,0.5968509632784169,42.0,42.0,8.166666666666668,0.050000000000000266,-0.0051296001250235035,-0.8516666666665986,42.0,1,-2.100000000000011
2024-11-06,14.269942803215594,1.1469223327727818,15.416865135988367,-1.8393459947686208,0.0429926746264224,5.030587042671472,-0.1175843982157776,0.0140023064594956,0.0850752189939182,0.900922474546586,0.0706512292298074,0.0544261047272709,0.8749226660428908,10.999999999999988,-4.219999999999999,-0.38824230686094197,25.0,51.28655555115584,3.166666666666668,0.2416666666666667,-0.05836137197941242,17.381666666666614,51.28655555115584,1,-12.394250924862664
2024-11-07,-7.251389701332483,-3.5337237586901438,-10.785113460022622,-1.7973352741877624,0.0420107205808581,4.915688275822583,-0.11489876684888944,0.0447892568453401,0.7323928880976324,0.2228178550570275,0.5209124660413809,0.2244967661834725,0.2545907677749382,-4.999999999999982,-1.0700000000000003,0.981552084565962,0.0,0.0,0.0,0.0,0.0,0.0,0.0,0,-0.0
2024-11-08,-9.14844578753726,4.525459357988915,-4.622986429548348,-1.756284079791071,0.0410511943966913,4.803413800435387,-0.1122744753871956,0.999999940948599,4.1913609212422986e-18,5.9051401013449675e-08,0.9999999714964364,4.96838370997645e-19,2.850334609240273e-08,2.0000000000000018,-0.2599999999999998,-2.7899703313681634,0.0,0.0,0.0,0.0,0.0,0.0,0.0,0,-0.0
2024-11-12,8.006118672814022,4.6695650304763525,12.675683703290375,-1.6012436918422928,0.0374272971136391,4.379380383707833,-0.10236316410158164,0.7664224684886424,0.2291557179998973,0.0044218135114603,0.9916234929360214,0.0078144126380215,0.0005620944257894,0.0,-0.22999999999999865,-3.249279521845594,0.0,0.0,0.0,0.0,0.0,0.0,0.0,0,-0.0
2024-11-13,9.88582957426489,-6.198554410352752,3.6872751639121404,-1.5646712353761505,0.0365724564661424,4.279355197505502,-0.10002518620233047,0.9999973975283052,4.414377097204561e-15,2.60247169047793e-06,0.9999997371374212,1.1773947845667044e-16,2.628623729627918e-07,0.0,-0.6900000000000013,0.4810855550242188,0.0,0.0,0.0,0.0,0.0,0.0,0.0,0,-0.0
2024-11-14,-10.88596696751089,6.658931780218413,-4.227035187292483,-1.528934094970131,0.0357371404060189,4.181614589713403,-0.09774060779209925,0.999931039055506,2.7226670712165027e-05,4.173427378184967e-05,0.9999949931214194,7.306007604342892e-07,4.276277875673246e-06,-2.0000000000000018,0.2900000000000009,0.3339386043368364,0.0,0.0,0.0,0.0,0.0,0.0,0.0,0,-0.0
2024-11-15,6.489601230223391,-4.061577934909177,2.428023295314219,-1.494013191979056,0.0349209029910753,4.0861063804885305,-0.09550820922487269,0.9999828963685354,3.533582589035639e-07,1.6750273205658994e-05,0.999993099084514,1.9268080953547273e-07,6.708234643038293e-06,0.0,1.83,-2.435566400082756,0.0,0.0,0.0,0.0,0.0,0.0,0.0,0,-0.0
2024-11-18,0.7903934504100596,-1.824754063176659,-1.034360612766605,-1.3939635979076734,0.1000495940713825,3.81247205992485,-0.2736343205636804,0.5073702640660255,0.4920616189390631,0.0005681169949113,0.9222530744584604,0.077602029575106,0.0001448959666017,0.9999999999999787,-0.5600000000000005,3.1145144758737864,0.0,0.0,0.0,0.0,0.0,0.0,0.0,0,-0.0
2024-11-19,-3.8476918989594906,-0.04407433687276807,-3.8917662358322502,-1.36212542532995,0.0318381725777234,3.725395077732612,-0.08707698219223792,0.2877328951938331,0.7064516443573413,0.0058154604488255,0.9374744494730398,0.0606640418008628,0.0018615087259926,0.0,0.7700000000000014,0.416637338554704,0.0,0.0,0.0,0.0,0.0,0.0,0.0,0,-0.0
2024-11-20,-3.0731930811179504,2.5867148806804963,-0.4864782004374568,-1.331014437618898,0.031110987711052,3.6403069365622933,-0.08508814117031882,0.9999976459675116,1.049711299691965e-12,2.3540314388669375e-06,0.999999409888634,2.3730066724576084e-13,5.90111321642625e-07,1.000000000000023,0.8099999999999987,-0.7194275634026859,16.0,26.25306354680867,0.0,-0.25500000000000034,0.10315561123101084,0.18166666666662823,26.25306354680867,1,6.6945312044362195
2024-11-21,-0.8135662175662112,2.5305985680670773,1.7170323505008689,-1.300614025849208,0.0304004117696898,3.557162211222177,-0.0831447253401163,0.8606139466047723,0.1388972460090235,0.0004888073862041,0.9706741883103734,0.0292118704051676,0.0001139412845483,-1.000000000000023,-0.28999999999999915,1.6328062552592115,17.0,16.31758479694403,1.5,0.0,0.0,0.0,0.0,0,-0.0
2024-11-22,-2.60983617587697,1.4944487752731384,-1.11538740060384,-1.2709079604439495,0.0297060654052585,3.475916514033356,-0.08124569718882091,0.3463727602501457,0.6504029933682111,0.0032242463816432,0.951716498438225,0.0474055517371103,0.0008779498247699,0.0,-1.6300000000000008,1.8160561046634882,0.0,0.0,0.0,0.0,0.0,0.0,0.0,0,-0.0
2024-11-25,-10.91809293216306,-3.922803499407479,-14.840896431570538,-1.1857990563009608,0.0851089041429886,3.2431447834207336,-0.23277173061262246,0.997176948974546,0.0017590140882127,0.0010640369372412,0.9996737606387852,0.0001512030131288,0.0001750363481587,-4.999999999999982,-0.6400000000000006,-3.218081931518224,69.0,16.358793525501994,13.0,0.1466666666666665,-0.04406874120597695,-7.386666666666683,16.358793525501994,1,-2.399289717073623
2024-11-26,5.54574160387071,-1.0834184306316885,4.4623231732390245,-1.1587153684244056,0.0270836878765552,3.169071254195093,-0.07407352922564048,0.7912724719634221,0.2078116764212506,0.0009158516153273,0.9914427862289408,0.0084351979717142,0.0001220157993528,-1.000000000000023,-0.5,-0.520006949619134,98.0,45.51622163377049,8.866666666666664,0.05833333333333357,-0.030715424370662048,0.19333333333334934,38.87787063791461,1,-2.267875787211695
2024-11-27,-3.584132466324079,-2.3855327058988074,-5.969665172222882,-1.132250272833868,0.0264650955905376,3.096689566715153,-0.07238168747994012,0.9244062927576816,0.0740254199731423,0.001568287269176,0.997589611535306,0.0022222423207369,0.0001881461438153,-2.0000000000000018,0.0,-0.028968713991694983,44.0,32.78819576704501,0.0,0.12333333333333352,-0.014322628003686624,-7.286666666666679,32.78819576704501,1,-4.043877477935557
2024-11-29,-0.9124471310729008,-3.7351759031160725,-4.647623034188975,-1.0811196665406968,0.0252699743213116,2.95684803269495,-0.06911304656708861,0.998509784195577,3.217902460917119e-05,0.0014580367798138,0.9998406632210376,1.0394051952661543e-06,0.0001582973738642,0.0,-0.5899999999999999,-1.1217249236823434,0.0,0.0,0.0,0.0,0.0,0.0,0.0,0,-0.0
2024-12-02,-3.1009323046425203,2.329485143086618,-0.7714471615559049,-1.0087203166817422,0.0723993498589545,2.7588367654650927,-0.19801126722985707,0.9961700892682352,0.0037296604089441,0.0001002503228206,0.9992115479395628,0.0007639869547533,2.4465105526435135e-05,0.0,-0.16999999999999993,0.13176196913979865,0.0,0.0,0.0,0.0,0.0,0.0,0.0,0,-0.0
2024-12-03,4.88230618915688,-0.6282635814269355,4.2540426077299465,-0.9856811128077136,0.0230392038740285,2.695824846657108,-0.06301191880798473,0.4954589445970965,0.5037622382389648,0.0007788171639384,0.9733726373904702,0.026471731693372,0.0001556309160775,2.0000000000000018,-0.03999999999999915,2.5994243378510973,0.0,0.0,0.0,0.0,0.0,0.0,0.0,0,-0.0
2024-12-04,0.5355262577896993,-2.7275269874220243,-2.1920007296323263,-0.963168125077418,0.0225129877302957,2.634252122063715,-0.0615727245933928,0.9959522644853218,9.816548948733692e-06,0.0040379189657294,0.9996014260710296,2.5971507273359333e-07,0.0003983142139435,1.000000000000023,0.14999999999999858,-1.9286723334080769,0.0,0.0,0.0,0.0,0.0,0.0,0.0,0,-0.0
2024-12-05,-6.366133960341889,2.2418352797403784,-4.1242986806015125,-0.9411693346975216,0.0219987903798962,2.574085720443625,-0.06016640162009024,0.9999998844126132,7.255115537636096e-11,1.1551483573752316e-07,0.9999997741029149,1.6791677238476275e-10,2.2572919660548707e-07,-4.0000000000000036,0.08999999999999986,-0.33481361796150466,0.0,0.0,0.0,0.0,0.0,0.0,0.0,0,-0.0
2024-12-06,2.08456582457392,-3.5530237147496813,-1.4684578901757561,-0.9196729973843106,0.0214963373132109,2.5152935213357366,-0.058792199107888354,0.8532398737648479,0.1457898910848254,0.0009702351503266,0.6658047381551948,0.3327142757674489,0.0014809860774937,-0.9999999999999787,-0.7699999999999996,0.0,0.0,0.0,0.0,0.0,0.0,0.0,0.0,0,-0.0
2024-12-09,2.3945907495123806,1.081797900689807,3.476388650202189,-0.8580852479851059,0.0615877493992047,2.3468518388050326,-0.16844168253070402,0.7024554681162092,0.2883953087430168,0.0091492231407741,0.3803172668866758,0.6095107481480904,0.0101719849654536,2.9999999999999805,1.42,0.10201851792066563,0.0,0.0,0.0,0.0,0.0,0.0,0.0,0,-0.0
2024-12-10,1.3002014604510697,0.95890759689361,2.259109057344677,-3.38550575272415,-2.527420504739044,2.2932496687265775,-0.053602170078455025,0.3337924817662905,0.656802371530115,0.0094051467035944,0.1594162653723076,0.8319090944234706,0.0086746402042942,2.0000000000000018,-0.009999999999999787,0.29090929606834237,58.0,20.180747873508373,0.0,0.020000000000000018,-0.0004984748293390406,2.085000000000003,20.180747873508373,1,-0.40361495747016785
2024-12-11,5.97035852473802,-0.4266769609635901,5.5436815637744274,-3.308180694465888,0.0773250582582618,2.2408717739047077,-0.05237789482186983,0.1154143197616102,0.8465878522759019,0.0379978279624877,0.1028284460379425,0.865576516840822,0.0315950371214137,0.9999999999999787,-0.5999999999999996,2.467489983807436,39.0,39.0,2.1666666666666643,0.15500000000000025,-0.015352213203841503,0.8816666666666917,39.0,1,-6.04500000000001
2024-12-12,6.0004499106909694,0.3308273886790225,6.331277299369997,-3.232621742979069,0.0755589514868191,2.1896901918539173,-0.051181582050790375,0.0779777248469681,0.8610097742355076,0.0610125009175242,0.1052400982270062,0.8481766491650554,0.0465832526081437,2.0000000000000018,0.33999999999999986,-0.4544816798882856,22.0,45.132168885017144,1.1666666666666679,-0.046666666666666856,0.0115477909489492,13.48333333333332,45.132168885017144,1,2.1061678813008085
2024-12-13,5.749293951482762,2.5127938524018845,8.262087803884643,-3.158788560329284,0.0738331826497851,2.139677598752751,-0.050012593101166125,0.051593795689623,0.8922271657295744,0.0561790385808026,0.1289192451640863,0.8313160695372319,0.039764685298749,1.000000000000023,-0.10999999999999943,1.8196425617015954,0.0,0.0,0.0,0.0,0.0,0.0,0.0,0,-0.0
2024-12-16,-1.4397642140495215,0.35673535956659563,-1.0830288544829259,-2.9472539400762767,0.211534620253007,1.996389790888572,-0.14328780786417927,0.0142232615674957,0.9757532236143416,0.0100235148181627,0.1909540316075914,0.7916912297088192,0.0173547386836694,-1.000000000000023,0.879999999999999,-0.7154410821152979,0.0,0.0,0.0,0.0,0.0,0.0,0.0,0,-0.0
2024-12-17,1.159326559670859,-0.14260126717591248,1.0167252924949466,-2.8799385670526423,0.0673153730236344,1.9507921850471281,-0.04559760584144379,0.0331956669983803,0.9505413503815447,0.0162629826200749,0.5467263870198306,0.4250686750996258,0.028204937880372,-0.9999999999999787,1.1799999999999997,-1.018828679864825,13.0,21.330614131782042,0.16666666666666602,-0.06666666666666687,0.049734885980041776,-4.015000000000042,21.330614131782042,1,1.4220409421188072
2024-12-18,4.162799744600859,8.038233622231683,12.201033366832537,-2.8141606792737273,0.065777887778915,1.9062360299624255,-0.044556155084702675,0.99824463362157,2.1482460895745938e-11,0.0017553663569475,0.985635061994247,2.0538720813750148e-11,0.0143649379851246,0.9999999999999787,11.750000000000002,0.6944964488603489,0.0,0.0,0.0,0.0,0.0,0.0,0.0,0,-0.0
2024-12-19,11.576324187084003,-4.250963296045285,7.325360891038724,-2.7498851605280117,0.0642755187457155,1.8626975388663056,-0.04353849109611985,0.9856743026495854,0.0007142045608735,0.0136114927895409,0.9704454500445472,0.0028959659295665,0.0266585840259422,-2.9999999999999805,-3.530000000000001,-0.9936206659129532,22.0,12.21875934334459,2.0,0.0,0.0,0.0,0.0,0,-0.0
2024-12-20,-5.134660453828571,-1.0958838875045451,-6.230544341333122,-2.687077696659353,0.0628074638686588,1.820153468281147,-0.04254407058515852,0.4897222904588686,0.5066618777179394,0.003615831823192,0.3681673761031946,0.6286209346681739,0.0032116892284219,0.0,-5.73,-0.5579014542236749,0.0,0.0,0.0,0.0,0.0,0.0,0.0,0,-0.0
2024-12-23,5.8720856529898615,1.8474505216197201,7.719536174609587,-2.5071321418059105,0.1799455548534423,1.6982632355664542,-0.1218902327146929,0.1542896089557054,0.8288208389785611,0.0168895520657336,0.2872461829303812,0.6926729314792823,0.0200808855902624,2.9999999999999805,-1.5799999999999983,-0.30170269275613393,69.0,16.358793525501994,13.0,0.04666666666666641,-0.007193667120540634,6.068333333333283,16.358793525501994,1,-0.7634103645234223
2024-12-24,-1.2880084477530696,1.3627588353489095,0.07475038759583441,-2.4498691645475468,0.0572629772583637,1.659474849659157,-0.038788385907297274,0.5266640041585812,0.3808424838606459,0.0924935119807726,0.3116500718628059,0.6092361590038172,0.0791137691334604,3.000000000000025,-2.5100000000000016,1.9520460251418292,98.0,45.51622163377049,9.666666666666664,0.006666666666666821,-0.00012905946514712996,1.1166666666666032,38.87787063791461,1,-0.25918580425277005
2024-12-26,0.12480903929547593,-1.717866223974962,-1.5930571846794805,-2.339237002447251,0.0546770730500618,1.5845356270975466,-0.03703676461282024,0.5462887184988308,0.4328132843867073,0.0208979971144618,0.192314334154019,0.787062715937659,0.0206229499083932,0.0,0.46000000000000085,-0.6938080928724943,44.0,32.78819576704501,0.0,0.12666666666666648,-0.004899047474336171,-0.06499999999998174,32.78819576704501,1,-4.153171463825696
2024-12-27,6.385404070884531,-1.5108959879910344,4.874508082893492,-2.2858087554715767,0.0534282469756743,1.5483447833575767,-0.036190843739969836,0.1588025548077288,0.8160896522684725,0.0251077929237986,0.0444028267693796,0.9403086812456533,0.0152884919849424,-1.000000000000023,1.2199999999999989,1.2706651269114744,0.0,0.0,0.0,0.0,0.0,0.0,0.0,0,-0.0
2024-12-30,-3.3575910165724085,-4.558614192893096,-7.916205209465499,-2.132734981198672,0.1530737742729049,1.4446567651465299,-0.1036880182110469,0.0996994510229361,0.8735637526562356,0.0267367963208282,0.0195013585709722,0.9670042257806862,0.0134944156482148,-2.9999999999999805,1.4499999999999993,0.6293286975789236,0.0,0.0,0.0,0.0,0.0,0.0,0.0,0,-0.0
2024-12-31,2.22266958435684,-0.13359630605016548,2.0890732783066746,-2.0840232469067064,0.0487117342919654,1.4116607590289028,-0.0329960061176271,0.0186346910533418,0.9726487420744662,0.0087165668721919,0.0035057814450973,0.992368048007472,0.0041261705474712,2.9999999999999805,-0.04999999999999716,0.9849562876869555,0.0,0.0,0.0,0.0,0.0,0.0,0.0,0,-0.0
2025-01-02,-0.11380012533245831,-0.7274639435078001,-0.841264068840264,-1.9899120996629935,0.0465119905005977,1.347912423328554,-0.03150595940399281,0.0061649216591888,0.985498726626648,0.0083363517141632,0.0015244144584231,0.9939521022509348,0.0045234832906443,0.0,0.5799999999999983,1.8464588055062237,0.0,0.0,0.0,0.0,0.0,0.0,0.0,0,-0.0
2025-01-03,1.6150531699528459,2.0199126500819453,3.6349658200347967,-1.9444624444936147,0.045449655169379,1.3171260610318574,-0.030786362296696623,0.0139282513588678,0.9609448955548848,0.0251268530862473,0.0031664366263066,0.9836321050613768,0.0132014583120997,0.0,-1.8000000000000007,1.1453335468813108,0.0,0.0,0.0,0.0,0.0,0.0,0.0,0,-0.0
2025-01-06,3.3547784566950565,-1.1998339838390493,2.154944472856002,-1.8142476115168509,0.130214832976764,1.2289220689556455,-0.08820399207621188,0.0143817154520662,0.9660519138971628,0.0195663706507708,0.0030630229485045,0.9852228594552777,0.0117141175962035,0.0,-0.08999999999999986,-0.44310243697101015,58.0,20.180747873508373,0.0,0.03500000000000014,0.01582605818255234,1.0849999999999809,20.180747873508373,1,-0.706326175572796
2025-01-07,6.519672589875203,-0.39436864655106874,6.125303943324134,-1.772810138801712,0.0414374727151387,1.200853450108847,-0.028068618846798454,0.0101543471875335,0.95261068831847,0.0372349644939963,0.002540195090425,0.9759204407126316,0.0215393641970251,4.0000000000000036,1.7800000000000011,0.9109239143919368,39.0,39.0,7.833333333333332,-0.020000000000000462,0.009616113862075143,1.773333333333249,39.0,1,0.780000000000018
2025-01-08,0.9582115321980389,-1.4150924604943604,-0.45688092829632154,-1.732319099271392,0.0404910395303199,1.1734259194025163,-0.02742753070633075,0.0065564265763187,0.9816988726721332,0.011744700751548,0.0037761781526783,0.9758302779314434,0.0203935439158405,2.0000000000000018,-0.120000000000001,-1.3424822375838197,22.0,45.132168885017144,1.1666666666666679,0.10000000000000009,-0.02907071412726625,6.349999999999989,45.132168885017144,1,-4.513216888501718
2025-01-09,1.8413571522125416,-0.1988611129329243,1.6424960392796173,-1.692752876362075,0.0395662229093169,1.1466248343632888,-0.026801085039227512,0.0149764022964997,0.9628931489088864,0.0221304487946138,0.0150299329905695,0.8209719236869111,0.1639981433225661,-0.9999999999999787,0.370000000000001,0.0,0.0,0.0,0.0,0.0,0.0,0.0,0.0,0,-0.0
2025-01-10,1.807880284561314,8.714047630629818,10.521927915191132,-1.6540903472329442,0.0386625291291307,1.1204358869523539,-0.026188947410934915,0.0108651316406051,0.0013941898028815,0.9877406785565134,0.0421890973923082,0.0015411419979359,0.9562697606097098,4.0000000000000036,1.4699999999999989,4.337583300803338,0.0,0.0,0.0,0.0,0.0,0.0,0.0,0,-0.0
2025-01-13,1.0272825312359402,0.6524645986131894,1.6797471298491295,-1.5433208649509105,0.1107694822820337,1.0454036474283508,-0.07503223952400306,0.0834588474733106,0.7215082245031108,0.1950329280235784,0.4029146824799254,0.4175813902301316,0.1795039272897632,2.0000000000000018,-0.34999999999999787,2.9331355443950713,0.0,0.0,0.0,0.0,0.0,0.0,0.0,0,-0.0
2025-01-14,2.0526892503172967,-2.6060623375111724,-0.5533730871938758,-1.508071367679345,0.0352494972715655,1.0215265951221328,-0.02387705230621795,0.0479410850078982,0.897232151004642,0.0548267639874597,0.5793574763809226,0.3452267502632222,0.0754157733557332,-1.000000000000023,-0.4800000000000004,-1.7367489838178152,0.0,0.0,0.0,0.0,0.0,0.0,0.0,0,-0.0
2025-01-15,-9.183223760773096,-5.392158082601117,-14.575381843374213,-1.4736269700381388,0.0344443976412061,0.998194895444286,-0.023331699677846873,0.3479373516437744,0.5692364829384234,0.0828261654178022,0.92964675056741,0.0439943548921075,0.0263588945405657,-2.0000000000000018,-2.59,3.1840605855658843,0.0,0.0,0.0,0.0,0.0,0.0,0.0,0,-0.0
2025-01-16,-0.5893550688362836,-3.1278188220409398,-3.7171738908772234,-1.4399692835263211,0.0336576865118176,0.9753960925235641,-0.022798802920721895,0.9517463963095528,0.004187504716026,0.0440660989744209,0.99140705908716,0.0004012106508539,0.008191730261928,0.0,0.4800000000000004,-1.7241806434506124,0.0,0.0,0.0,0.0,0.0,0.0,0.0,0,-0.0
2025-01-17,-5.281573179966603,4.122310438726551,-1.1592627412400525,-1.4070803396368636,0.0328889438894575,0.9531180149812126,-0.02227807754235145,0.9918995401153988,0.0059371196878695,0.0021633401967317,0.9869265983660264,0.0104004924922054,0.0026729091416677,-0.9999999999999787,-0.6300000000000008,-1.0005782926207907,0.0,0.0,0.0,0.0,0.0,0.0,0.0,0,-0.0
2025-01-21,-6.026037697706954,1.6383642701639722,-4.387673427542982,-1.2828667888550622,0.0299855897689476,0.8689791285083391,-0.020311424297205338,0.8354187755495975,0.1623153386423888,0.0022658858080137,0.7329449483000259,0.2651009683679534,0.0019540833321842,-3.000000000000025,-0.9100000000000001,-2.2788240703757623,0.0,0.0,0.0,0.0,0.0,0.0,0.0,0,-0.0
2025-01-22,1.9177196836833,0.7915673813708501,2.7092870650541556,-1.2535660709029552,0.0293007179521069,0.8491316177832272,-0.019847510725111928,0.2867747974130843,0.7093643305432217,0.003860872043694,0.5320588798037311,0.4653594326485544,0.0025816875478317,2.0000000000000018,0.03999999999999915,-0.8763380914503571,13.0,21.330614131782042,0.16666666666666602,0.22333333333333316,-0.04891440831373814,-0.6733333333332887,21.330614131782042,1,-4.763837156097986
2025-01-23,5.821152390611234,-1.3993876026959562,4.421764787915272,-1.2249345822737734,0.0286314886291818,0.8297374248295784,-0.01939419295364886,0.111656701731525,0.8595496795220573,0.0287936187464176,0.5402977253555656,0.4388133548662695,0.020888919778152,2.0000000000000018,-0.08000000000000007,-1.442300887031145,20.0,20.0,-14.166666666666668,0.0,0.0,0.0,0.0,0,-0.0
2025-01-24,-0.9469921410996562,-0.834923915398722,-1.7819160564983783,-1.1969570377486567,0.0279775445251166,0.8107861958551834,-0.01895122897439494,0.0490236421091193,0.9417073247491136,0.0092690331417671,0.6557994162107385,0.3320186578556955,0.0121819259333889,1.000000000000023,-0.16999999999999993,-0.0800000042667115,0.0,0.0,0.0,0.0,0.0,0.0,0.0,0,-0.0
2025-01-27,-9.95221957512129,0.20426719372066415,-9.747952381400626,-1.1168004056716645,0.0801566320769922,0.7564902698155096,-0.054295926039673814,0.9999964453150804,9.470177617895637e-23,3.5546849196183765e-06,0.9999949855808368,2.639148092291587e-22,5.01441935335521e-06,-3.000000000000025,3.049999999999999,-1.966658212897432,139.0,55.236664163416606,14.166666666666664,-0.010833333333333472,-0.0020102313029848745,-8.23666666666665,55.236664163416606,1,0.5983971951036876
2025-01-28,5.166746335437633,-2.9767316756134754,2.1900146598241577,-1.091292649153477,0.0255077565181878,0.7392120081737377,-0.01727826164177193,0.6757351751242728,0.3238655025300039,0.0003993223457232,0.581590581177549,0.418125453443274,0.0002839653793393,2.0000000000000018,-1.4899999999999984,0.8668617197945316,74.0,39.900714691176304,-32.5,-0.023333333333333428,0.00033799954406295296,1.4150000000000182,32.78819576704501,1,0.7650579012310533
2025-01-29,-1.883212082265473,2.406488702128229,0.5232766198627559,-1.4999056717650796,-0.4086130226116029,0.722328382573265,-0.01688362560047263,0.2532853128810152,0.7391012288774337,0.0076134582415512,0.4576779851775536,0.5381878941690187,0.004134120653552,-2.0000000000000018,0.14999999999999858,-1.6452883203407431,0.0,0.0,0.0,0.0,0.0,0.0,0.0,0,-0.0
2025-01-30,-1.245004750507217,-2.509671599491181,-3.754676349998398,-2.9677128373753057,-1.467807165610226,8.713837011015215,7.9915086284419505,0.0655995970986153,0.9281145736177536,0.0062858292836309,0.4662036895882723,0.5256510416562107,0.0081452687557289,-2.0000000000000018,-0.7199999999999989,0.2191181375199136,0.0,0.0,0.0,0.0,0.0,0.0,0.0,0,-0.0
2025-01-31,4.097176147507398,2.090146304044449,6.187322451551847,-2.89993018249156,0.0677826548837456,8.514812698624793,-0.1990243123904225,0.0496884007643178,0.9096592710978724,0.0406523281378099,0.6398449209564302,0.3087262232104404,0.0514288558333389,4.0000000000000036,0.5899999999999999,-0.35631118963257435,0.0,0.0,0.0,0.0,0.0,0.0,0.0,0,-0.0
2025-02-03,-7.752845230232097,1.6611122389934785,-6.091732991238619,-2.7057305334179804,0.1941996490735795,7.944601164573487,-0.5702115340513059,0.9999999992528352,6.6658264229132445e-21,7.471647194712363e-10,0.9999999999267856,1.75683308033157e-22,7.340430118142145e-11,3.000000000000025,2.1900000000000013,0.9292223188023918,0.0,0.0,0.0,0.0,0.0,0.0,0.0,0,-0.0
2025-02-04,1.1206352894777893,-1.69997710293055,-0.5793418134527606,-2.643931562626289,0.0617989707916915,7.763146223197301,-0.18145494137618545,0.9999999927508828,1.4263631262265513e-18,7.2491172271508175e-09,0.9999999988035596,9.773244792281584e-20,1.196656055634805e-09,-1.000000000000023,-1.4100000000000001,-0.6550241760717945,0.0,0.0,0.0,0.0,0.0,0.0,0.0,0,-0.0
2025-02-05,-9.281557903222653,-0.7704468289261079,-10.052004732148756,-2.4954722282714115,0.1484593343548774,7.5858357184099106,-0.17731050478739085,0.933460778287638,0.0660911747381764,0.0004480469741854,0.9943779350025008,0.0055418301078392,8.023488978798067e-05,-2.0000000000000018,-1.4400000000000013,-2.284943277234408,0.0,0.0,0.0,0.0,0.0,0.0,0.0,0,-0.0
2025-02-06,-1.4297619347328983,2.9778077128309377,1.5480457780980394,-2.4384755638062297,0.0569966644651818,7.412574991148804,-0.17326072726110642,0.7131579293226716,0.2831705591726524,0.0036715115046759,0.9891098367539228,0.0103858812845767,0.0005042819613089,0.0,-0.2699999999999996,-0.5900550977477437,0.0,0.0,0.0,0.0,0.0,0.0,0.0,0,-0.0
2025-02-07,-0.8182012834655694,4.008632128728262,3.190430845262693,-5.749942806744688,-3.311467242938458,7.243271544367446,-0.1693034467813579,0.9999837723041748,2.98056259511984e-10,1.6227397769121486e-05,0.9999598808598243,1.556526772967884e-09,4.011758383816588e-05,0.0,1.0399999999999991,0.49195404580473223,0.0,0.0,0.0,0.0,0.0,0.0,0.0,0,-0.0
2025-02-10,1.6107221814870398,-0.9449085134741964,0.6658136680128379,-5.364886338142544,0.3850564686021442,6.75821131755459,-0.4850602268128563,0.4670919069297264,0.5324529570038935,0.0004551360663801,0.2108365618852465,0.7887825062840658,0.0003809318307616,2.0000000000000018,-0.7299999999999986,1.9577161171509871,0.0,0.0,0.0,0.0,0.0,0.0,0.0,0,-0.0
2025-02-11,4.2074481447476,-0.2956505750366212,3.911797569710984,-5.242352164832685,0.1225341733098588,6.603853557733607,-0.1543577598209831,0.1613268535976889,0.8273019426688175,0.0113712037334937,0.1107592069517584,0.8772334033193773,0.0120073897290643,2.0000000000000018,0.20999999999999908,1.28417065282731,58.0,20.180747873508373,0.0,0.21333333333333337,-0.0683102069002854,0.6766666666666517,20.180747873508373,1,-4.30522621301512
2025-02-12,7.67603005287274,3.8382052032135405,11.51423525608628,-5.122616675909106,0.1197354889235784,6.453021334019354,-0.15083222371425276,0.1473377813895877,0.7552825303532437,0.0973796882571686,0.0988809931315758,0.839595300496879,0.0615237063717052,0.0,-0.129999999999999,-2.682601195779011,42.0,42.0,7.5,-0.061666666666666536,-0.007254062629804478,7.456666666666644,42.0,1,2.5899999999999945
2025-02-13,-9.996920597436082,-1.4388145289633059,-11.435735126399393,-5.005615949332085,0.1170007265770216,6.305634123055868,-0.14738721096348595,0.1143043626004491,0.8484375246454865,0.0372581127540644,0.0894765131634349,0.8884787978376567,0.0220446889987404,-2.0000000000000018,-0.7900000000000009,-0.08369368601242044,25.0,51.28655555115584,2.833333333333332,-0.12666666666666648,0.0007582303933228451,-6.251666666666603,51.28655555115584,1,6.496297036479731
2025-02-14,-2.0186655494982553,-3.1431747538262833,-5.161840303324539,-4.891287523043298,0.1143284262887869,6.161613240643176,-0.1440208824126925,0.0290069566619196,0.9583109840964324,0.012682059241648,0.0880730623336603,0.8991274640213563,0.0127994736450144,-0.9999999999999787,-0.33000000000000007,-0.8548857333698479,0.0,0.0,0.0,0.0,0.0,0.0,0.0,0,-0.0
2025-02-18,6.434277704949215,1.6139805873388369,8.048258292288057,-4.459496832762792,0.1042357973289576,5.617681357292455,-0.13130707731765057,0.0223471188441022,0.9388342319803624,0.0388186491755355,0.1615985868743554,0.7931257826433534,0.0452756304822698,2.0000000000000018,0.5800000000000001,1.6194685919980856,0.0,0.0,0.0,0.0,0.0,0.0,0.0,0,-0.0
2025-02-19,0.4949838621439717,-2.604165468265318,-2.1091816061213464,-4.357641784335109,0.1018550484276827,5.489373337765548,-0.12830801952690774,0.0963436720705059,0.867001172593965,0.0366551553355291,0.3631784500173155,0.6085391679362806,0.0282823820462278,0.0,-0.08000000000000007,0.511086132183447,16.0,26.25306354680867,0.0,-0.10833333333333339,0.008413356717855203,-3.0616666666666514,26.25306354680867,1,2.844081884237607
2025-02-20,-2.4364779176571485,-0.44685002713125144,-2.8833279447884053,-4.258113108428647,0.0995286759064617,5.363995877454774,-0.1253774603107738,0.0218979406301943,0.9674689128543524,0.0106331465154531,0.4519075226832547,0.52650552585953,0.021586951457019,0.0,0.39000000000000057,0.4124851166777965,9.0,18.463159998416103,-13.333333333333332,0.0,0.0,0.0,0.0,0,-0.0
2025-02-21,-3.4319005919718926,-2.9707723901889693,-6.402672982160862,-4.160857670621585,0.0972554378070622,5.241482042295132,-0.12251383515964154,0.9997280183277524,1.310120350605474e-15,0.0002719816722461,0.9996745151842992,3.205275090180792e-15,0.0003254848157979,-3.000000000000025,2.5500000000000007,-3.0085834622314955,0.0,0.0,0.0,0.0,0.0,0.0,0.0,0,-0.0
2025-02-24,0.080662920452923,-1.7675499508235326,-1.6868870303706096,-3.88221747977893,0.2786401908426548,4.890475670009082,-0.3510063722860499,0.4835141114085838,0.516108916736814,0.000376971854602,0.6321003366391063,0.367707148051501,0.0001925153094675,0.0,0.7699999999999996,0.4796172263493048,69.0,16.358793525501994,13.0,-0.09499999999999975,-0.060121142965207985,1.3549999999999802,16.358793525501994,1,1.5540853849226854
2025-02-25,-6.19521715898923,-4.352517431178526,-10.547734590167757,-3.7935475099956566,0.0886699697832735,4.778777051334523,-0.11169861867455921,0.8861479213450676,0.1099709837118993,0.003881094943033,0.5993297560089268,0.3942711718080136,0.0063990721828645,-4.0000000000000036,0.4499999999999993,-2.7246532482113395,70.0,38.87787063791461,7.666666666666664,-0.24333333333333362,0.0017302797203232329,-20.7583333333333,52.16303872029888,1,12.693006088606076
2025-02-26,-3.7431180725881226,-1.2120994050637712,-4.955217477651885,-3.706902765121169,0.086644744874488,4.669629632636341,-0.10914741869818201,0.4021649344452528,0.5952360581375297,0.0025990074172175,0.1189558682523544,0.87897074632607,0.002073385421568,-2.0000000000000018,-0.3299999999999983,-0.4057388554159935,72.0,39.42654676290089,1.0,-0.009999999999999787,-0.009441283044422225,1.1333333333333495,32.78819576704501,1,0.3278819576704431
2025-02-27,4.10517585742359,-0.25422138953929974,3.850954467884282,-3.62223698895462,0.0846657761665485,4.562975144426546,-0.10665448820979506,0.1460954464198789,0.8320607916518599,0.0218437619282612,0.0310667917718962,0.9568824511201752,0.0120507571081065,1.000000000000023,2.0299999999999976,2.5092720943632685,0.0,0.0,0.0,0.0,0.0,0.0,0.0,0,-0.0
2025-02-28,-1.5386146620358476,-3.2396276350894038,-4.778242297125246,-3.5395049817882542,0.0827320071663657,4.458756648094093,-0.10421849633245284,0.0319286565946587,0.9548408926128192,0.0132304507925219,0.0066312233351651,0.9861828703471888,0.0071859063178101,0.9999999999999787,-1.5,-0.9246811742435135,0.0,0.0,0.0,0.0,0.0,0.0,0.0,0,-0.0
2025-03-03,-5.64080788296164,-1.5414211383444343,-7.182229021306075,-3.3024749217173284,0.2370300600709258,4.16016705390586,-0.2985895941882335,0.013915443420352,0.9728900408899632,0.0131945156896845,0.0030676993818518,0.9843321704489756,0.0126001301693996,-2.0000000000000018,3.150000000000002,-1.9336821837261375,0.0,0.0,0.0,0.0,0.0,0.0,0.0,0,-0.0
2025-03-04,7.262839782270142,-1.0909388252668517,6.171900957003285,-3.2270462902601937,0.0754286314571346,4.065148707075839,-0.0950183468300203,0.015121599617064,0.8627921892059038,0.122086211177032,0.0030825327469472,0.9300203794772636,0.0668970877756593,-0.9999999999999787,0.7300000000000004,-0.23340637875719494,0.0,0.0,0.0,0.0,0.0,0.0,0.0,0,-0.0
2025-03-05,3.346946182037547,2.8334991851358904,6.180445367173437,-3.1533404511265015,0.0737058391336922,3.972300582286744,-0.09284812478909554,0.0093986646309481,0.9536724305452724,0.0369289048237794,0.0020728411827423,0.9781673471948438,0.0197598116225846,-1.000000000000023,-1.5800000000000018,-2.7991460986092953,0.0,0.0,0.0,0.0,0.0,0.0,0.0,0,-0.0
2025-03-06,4.655041098360702,-3.089405374181986,1.5656357241787155,-3.0813180556852027,0.0720223954412988,3.8815731115986516,-0.09072747068809228,0.0134729321911806,0.9577358082822426,0.0287912595265767,0.0025350963620052,0.9833597361766664,0.0141051674612157,0.0,2.9400000000000013,0.06006006186547452,0.0,0.0,0.0,0.0,0.0,0.0,0.0,0,-0.0
2025-03-07,1.3722922343439414,1.2364238977543351,2.6087161320982766,-3.010940654029225,0.0703774016559775,3.7929178592049557,-0.08865525239369587,0.0061888809254407,0.9818982547906971,0.0119128642838621,0.0013730241737583,0.991411050095778,0.007215925730513,-0.9999999999999787,-1.5,1.0006804434693706,0.0,0.0,0.0,0.0,0.0,0.0,0.0,0,-0.0
2025-03-10,-5.408383159001762,-4.600352765840654,-10.008735924842416,-2.8093069657686796,0.2016336882605456,3.5389174968273833,-0.2540003623775724,0.0099096418341722,0.9516992939423332,0.0383910642234947,0.0023748985583024,0.9757258197721016,0.0218992816698169,-2.0000000000000018,4.489999999999998,-1.4670921819450733,0.0,0.0,0.0,0.0,0.0,0.0,0.0,0,-0.0
2025-03-11,5.76604605859416,0.3093567555590315,6.075402814153197,-5.312276530502258,-2.5029695647335783,3.4580885094912466,-0.08082898733613675,0.0176908704537375,0.9438395106361644,0.0384696189100981,0.0033430099795321,0.9772537009004651,0.0194032891202001,0.0,-0.9399999999999977,0.31619389439505596,58.0,20.180747873508373,0.0,0.08333333333333348,-0.026891488012292755,1.843333333333345,20.180747873508373,1,-1.6817289894590342
2025-03-12,1.6577886485923177,2.556143298233682,4.213931946826044,-5.190943966859572,0.121332563642686,3.379105658777295,-0.07898285071395161,0.0080692387904879,0.9725835624117612,0.0193471987977508,0.0015163342187429,0.9891924256897496,0.0092912400915321,2.0000000000000018,-2.6900000000000013,1.6844700292070414,39.0,39.0,1.0,0.0216666666666665,0.01097409825921973,-3.995000000000038,39.0,1,-0.8449999999999935
2025-03-13,-2.563718314328506,-2.491269106315208,-5.0549874206437195,-5.072382642800439,0.118561324059133,3.3019267788668034,-0.07717887991049155,0.0057718415515702,0.9839400037308336,0.0102881547175961,0.0012171467012459,0.9927438584036334,0.0060389948951129,-4.0000000000000036,0.4299999999999997,-1.2344917688187351,22.0,45.132168885017144,0.5,-0.0900000000000003,0.044022864387161256,-10.934999999999992,45.132168885017144,1,4.061895199651556
2025-03-14,0.5795368913654286,3.6936978341366444,4.273234725502029,-4.956529263125294,0.115853379675145,3.226510667009677,-0.07541611185712638,0.0082960647338446,0.9545391097678932,0.0371648254982621,0.0019712974316152,0.9786017836041347,0.019426918964293,0.9999999999999787,-2.8900000000000006,0.9087585817880495,0.0,0.0,0.0,0.0,0.0,0.0,0.0,0,-0.0
2025-03-17,-2.7640117814156095,1.9385683489923533,-0.8254434324232562,-4.624605326013519,0.3319239371117746,3.010440899865459,-0.216069767144218,0.0151547628729526,0.9593130436312872,0.0255321934957602,0.0030952850593575,0.98484103697049,0.0120636779700419,-0.9999999999999787,-1.259999999999998,0.6061968737157031,0.0,0.0,0.0,0.0,0.0,0.0,0.0,0,-0.0
2025-03-18,-1.3198191497651113,-1.3083627921757657,-2.628181941940877,-4.518979194388217,0.1056261316253017,2.941682334685695,-0.0687585651797642,0.0075047529908612,0.9852099828485784,0.0072852641605602,0.0021005832587976,0.99347932347016,0.0044200932709096,0.9999999999999787,1.1899999999999977,-0.5172552728332391,13.0,21.330614131782042,0.0,0.2599999999999998,-0.07594107937697508,-4.835000000000041,21.330614131782042,1,-5.545959674263326
2025-03-19,-2.2913028649585385,-0.8891236606637154,-3.1804265256222486,-4.415765566943404,0.1032136274448136,2.874494217305053,-0.0671881173806419,0.0240374653133898,0.9336719825231508,0.0422905521634594,0.0044398349559072,0.974860494464096,0.0206996705800012,1.000000000000023,-1.8000000000000007,-0.133442083705404,0.0,0.0,0.0,0.0,0.0,0.0,0.0,0,-0.0
2025-03-20,0.20241960638265888,-2.0536465705251583,-1.851226964142505,-4.3149093420074465,0.1008562249359572,2.808840678646228,-0.06565353865882484,0.0075536506980233,0.9810664723076844,0.0113798769942922,0.0014155565413462,0.9919297794582768,0.006654664000258,0.0,-0.09999999999999787,1.6918388090061853,18.0,18.0,-13.5,0.0,0.0,0.0,0.0,0,-0.0
2025-03-21,4.227882913160691,-2.646085475644666,1.5817974375160304,-4.21635667643263,0.0985526655748163,2.744686668882774,-0.06415400976345431,0.0060437356861071,0.9646384967140296,0.0293177675998633,0.0012549152603188,0.9793273262838488,0.0194177584557043,2.0000000000000018,-0.5199999999999996,-0.04377325524034248,0.0,0.0,0.0,0.0,0.0,0.0,0.0,0,-0.0
2025-03-24,4.873459329236468,3.5515002840425414,8.424959613279004,-3.933999883198127,0.2823567932345026,2.5608832134988893,-0.18380345538388454,0.0104019991335704,0.923251754106308,0.0663462467601216,0.001966317933404,0.9653254063690486,0.0327082756975704,2.9999999999999805,-1.8000000000000007,1.362537386000806,0.0,0.0,0.0,0.0,0.0,0.0,0.0,0,-0.0
2025-03-25,-0.7315023849714386,-1.598522953083803,-2.330025338055286,-3.84414720168621,0.0898526815119176,2.502392560066365,-0.058490653432524464,0.0070722030804969,0.9760645291146468,0.0168632678048563,0.0012778048812188,0.9905808740518812,0.0081413210670772,-0.9999999999999787,-0.33000000000000185,0.028789405697704495,69.0,16.358793525501994,13.0,0.02499999999999991,-0.011473676860353096,-2.1966666666666765,16.358793525501994,1,-0.4089698381375484
2025-03-26,3.472869505606008,-0.08723732143618435,3.3856321841699177,-3.7563467582562913,0.0878004434299186,2.4452378350045416,-0.057154725061823175,0.0050235940047969,0.9823777461171262,0.0125986598780769,0.0009414687186477,0.9925729264927576,0.0064856047885087,2.0000000000000018,1.1799999999999997,0.8170331410111586,98.0,45.51622163377049,8.666666666666664,-0.07166666666666677,0.010084747568552113,2.709999999999953,38.87787063791461,1,2.7862473957172176
2025-03-27,4.45435543675039,-1.3647656540461295,3.0895897827042162,-3.6705516797258,0.0857950785304915,2.389388525667261,-0.055849309337280495,0.0049835335781476,0.9760879888788622,0.01892847754299,0.0011354531415947,0.988253958232118,0.0106105886263926,2.0000000000000018,0.360000000000003,0.3562526033602964,44.0,32.78819576704501,0.0,-0.12166666666666703,0.035046839554500483,5.10499999999996,32.78819576704501,1,3.9892304849904883
2025-03-28,-7.1090541252850805,-4.231526239485683,-11.34058036477077,-3.5867161634971314,0.0838355162286683,2.3348148163181706,-0.05457370934909056,0.0118724380045082,0.9534637268035242,0.0346638351919675,0.0024840178704188,0.980820600242809,0.0166953818868742,-2.0000000000000018,2.9599999999999973,-0.7997757569113695,0.0,0.0,0.0,0.0,0.0,0.0,0.0,0,-0.0
2025-03-31,-3.073842550379169,-0.47583443650163204,-3.549676986880801,-3.3465245118211495,0.2401916516759819,2.1784592527538043,-0.1563555635643663,0.0110578517374251,0.9782502299431588,0.0106919183194159,0.0021708175681119,0.991957412610298,0.0058717698216528,0.9999999999999787,0.6300000000000026,3.0084890232846107,0.0,0.0,0.0,0.0,0.0,0.0,0.0,0,-0.0
2025-04-01,-5.258118216558971,-0.8517677671365576,-6.109885983695484,-3.2700897863355847,0.0764347254855648,2.128703174656198,-0.04975607809760607,0.0118603194214645,0.9767799180753696,0.0113597625031659,0.0016758541337768,0.9838383722143222,0.0144857736521065,-4.999999999999982,-0.5100000000000016,-0.3624202461502968,0.0,0.0,0.0,0.0,0.0,0.0,0.0,0,-0.0
2025-04-02,0.507173148372031,2.6906036891294782,3.197776837501465,-3.1954008323928296,0.0746889539427551,2.0800835269529303,-0.048619647703267876,0.0064343469153959,0.9801646442397806,0.0134010088448236,8.052651620890712e-05,0.8918304181946821,0.1080890552890676,-1.000000000000023,-0.259999999999998,0.7096669316267956,0.0,0.0,0.0,0.0,0.0,0.0,0.0,0,-0.0
2025-04-03,-1.8046168730614376,-12.014777463353798,-13.819394336415236,-3.1224177765157406,0.0729830558770889,2.0325743535379197,-0.0475091734150106,3.096497303209271e-05,3.589877886103665e-05,0.9999331362481068,1.2645546349518638e-06,1.2535898953602388e-05,0.9999861995463136,-4.0000000000000036,8.509999999999998,-6.724137558862608,0.0,0.0,0.0,0.0,0.0,0.0,0.0,0,-0.0
2025-04-04,-6.657035488249282,1.5301561847864242,-5.12687930346285,-3.05110165593865,0.0713161205770904,1.986150291143372,-0.04642406239454777,0.0559394135894606,0.4828623234091794,0.4611982630013599,0.0001686968760048,0.1056342749134855,0.8941970282103826,-9.999999999999964,15.290000000000003,-7.720428590385708,0.0,0.0,0.0,0.0,0.0,0.0,0.0,0,-0.0
2025-04-07,17.859926657273032,-2.2238343502356983,15.63609230703733,-2.8467785055233454,0.2043231504153047,1.8531437477872013,-0.13300654335617068,0.0006277800713427,0.0003309397800408,0.9990412801486164,9.79323630540357e-07,3.737488091309784e-05,0.9999616457955528,0.9999999999999787,1.6699999999999946,-2.2192536285920106,0.0,0.0,0.0,0.0,0.0,0.0,0.0,0,-0.0
2025-04-08,16.98986496723994,-3.8645141577834163,13.12535080945647,-2.781757994596482,0.0650205109268635,1.8108178860918618,-0.04232586169533947,0.0004974582351564,0.0001003826924811,0.9994021590723624,7.698862337767692e-07,1.133042698396954e-05,0.9999878996868524,3.000000000000025,5.350000000000001,-1.6682193791452526,58.0,20.180747873508373,0.0,-0.15333333333333332,0.03612098196018981,6.084999999999971,20.180747873508373,1,3.0943813406046172
2025-04-09,-6.077810498969649,14.874656293668309,8.796845794698704,-2.71822255419161,0.063535440404872,1.7694587484136917,-0.04135913767817012,1.328564061613739e-07,5.600022494890639e-10,0.9999998665835916,2.0549354350196139e-10,6.317173496071333e-11,0.9999999997312444,4.999999999999982,-18.71,4.223338977206037,39.0,39.0,7.166666666666668,0.10999999999999988,-0.030388421147739278,7.089999999999982,39.0,1,-4.289999999999996
2025-04-10,16.646810335000772,-9.6321298077636,7.0146805272371715,-2.656138265251129,0.0620842889404809,1.7290442547456233,-0.040414493668068374,1.3777760247787838e-07,1.094047954514419e-09,0.9999998611283496,2.5662384851319163e-10,1.2343002201007946e-10,0.9999999996198312,-8.000000000000007,7.100000000000001,-3.3444675544465063,22.0,45.132168885017144,0.5,-0.02833333333333332,-0.018377430444092638,-1.5149999999999926,45.132168885017144,1,1.2787447850754852
2025-04-11,-1.5546786946402325,8.595166617024885,7.040487922384653,-2.5954719834297864,0.0606662818213425,1.6895528293886477,-0.039491425356975585,0.0004757246238916,1.2266099217531136e-05,0.9995120092768908,3.090255145109993e-05,3.8214948912701315e-06,0.9999652759537536,1.000000000000023,-3.1599999999999966,2.1881996538284376,0.0,0.0,0.0,0.0,0.0,0.0,0.0,0,-0.0
2025-04-14,-4.009253303999927,-6.810641430922804,-10.81989473492273,-2.4216609891494643,0.1738109942803221,1.5764085307639673,-0.11314429862468045,0.0085567930972558,0.0431150940638812,0.9483281128388632,0.0031483408854179,0.0885526167027348,0.9082990424118076,2.9999999999999805,-6.670000000000002,0.12913641826877154,0.0,0.0,0.0,0.0,0.0,0.0,0.0,0,-0.0
2025-04-15,-0.7068308755064479,-2.5701805682917467,-3.2770114437981945,-2.366350175715735,0.0553108134337292,1.5404033101607943,-0.036005220603172905,0.03190938097511,0.8614314313191435,0.1066591877057465,0.0058908495158029,0.9150301995832858,0.0790789509007719,-4.0000000000000036,-0.7699999999999996,-0.4041062639815074,0.0,0.0,0.0,0.0,0.0,0.0,0.0,0,-0.0
2025-04-16,-2.304936047760764,-4.057568641220977,-6.3625046889817405,-2.31230266300676,0.054047512708975,1.5052204499327295,-0.03518286022806483,0.013590743992053,0.9468707460715392,0.0395385099364078,0.0018206205745267,0.9367028276313732,0.061476551794071,-2.0000000000000018,2.5199999999999996,1.8296129046937892,13.0,21.330614131782042,0.0,0.06499999999999995,0.0127731902112114,-8.568333333333348,21.330614131782042,1,-1.3864899185658315
2025-04-17,4.764983490241459,1.2581285130049302,6.023112003246389,-2.2594895971941087,0.0528130658126513,1.4708411673428476,-0.03437928258988188,0.007315710627264,0.9695884318214104,0.0230958575513257,9.248476949982056e-05,0.8255875033504212,0.1743200118802,6.000000000000005,-2.990000000000002,3.423546538594202,25.0,13.884953799255216,-45.0,0.0,0.0,0.0,0.0,0,-0.0
2025-04-21,16.9822126882214,-7.379500987340215,9.602711700881184,-2.0600274784252157,0.1478553050464861,1.3409989693636937,-0.09624813928883302,0.0008458738891933,0.0002110567210591,0.9989430693897474,3.376789133213683e-05,4.456612000219135e-05,0.9999216659885836,-0.9999999999999787,4.170000000000002,-2.4738717848684644,0.0,0.0,0.0,0.0,0.0,0.0,0.0,0,-0.0
2025-04-22,-6.458781957779403,4.195701326553669,-2.2630806312257334,-2.012976385791663,0.0470510926335525,1.310370510573783,-0.030628458789910606,0.0420986307807954,0.2120589323890085,0.745842436830196,0.0022583623875808,0.0437368723775848,0.9540047652350048,4.999999999999982,-3.25,1.7489515130347577,69.0,16.358793525501994,6.5,-0.12666666666666693,0.01735917347790096,4.939999999999996,16.358793525501994,1,2.07211384656359
2025-04-23,-8.423250181864805,6.115058273103191,-2.3081919087616143,-1.966999941599064,0.0459764441925991,1.2804416067494448,-0.029928903824338216,0.0122316607956931,0.0164554246968207,0.971312914507486,0.0050712643675242,0.0345093316453237,0.960419403986952,2.0000000000000018,-2.120000000000001,-3.0810359106007823,100.0,45.99038956204591,-25.0,0.021666666666666945,-0.014804627432191617,-1.5866666666666545,38.87787063791461,1,-0.842353863821494
2025-04-24,-4.070112954053151,-3.850030413671268,-7.920143367724375,-1.922073600843105,0.044926340755959,1.2511962800331826,-0.029245326716262232,0.0492442849238273,0.7828762547881872,0.1678794602879854,0.010557180024468,0.8994366117480176,0.0900062082275506,0.9999999999999787,-1.9800000000000004,1.4422945952914823,44.0,32.78819576704501,0.0,-0.06666666666666687,0.04660416376401484,-6.0966666666666685,32.78819576704501,1,2.1858797178030076
2025-04-25,-3.403362586162073,-1.132767467791096,-4.536130053953258,-2.7246033794984976,-0.8025297786553927,1.2226189175022706,-0.02857736253091203,0.0172877561669125,0.95912980379882,0.0235824400342675,0.003509537918784,0.9846998808689954,0.0117905812121817,-2.9999999999999805,-1.629999999999999,0.4709584843085146,0.0,0.0,0.0,0.0,0.0,0.0,0.0,0,-0.0
2025-04-28,-1.4024384343618745,-3.6816915847632803,-5.084130019125155,-2.5421448419247787,0.1824585375737188,8.744364759651182,7.521745842148912,0.011510705606145,0.9745068345095168,0.013982459884338,0.0021595174477398,0.9896735094640084,0.0081669730882429,-2.0000000000000018,0.3099999999999987,-0.8651253328417319,0.0,0.0,0.0,0.0,0.0,0.0,0.0,0,-0.0
2025-04-29,-4.026199166251532,-1.261964279375949,-5.288163445627436,-2.4840821734904983,0.0580626684342804,8.544643192518281,-0.1997215671329009,0.0075170763999628,0.9833124536800838,0.0091704699199533,0.0013817902274344,0.9792355365625912,0.0193826732099633,-2.0000000000000018,-0.9799999999999969,-2.3334924870964002,0.0,0.0,0.0,0.0,0.0,0.0,0.0,0,-0.0
2025-04-30,4.702839781706736,-5.5198487651637596,-0.8170089834569794,-2.808071133380568,-0.3239889598900696,8.349483272283058,-0.19515992023522344,0.0106634447210251,0.7817140682448751,0.2076224870340998,0.0020702388252383,0.7853919212118927,0.2125378399628888,0.0,0.5299999999999976,-3.7734108477857298,0.0,0.0,0.0,0.0,0.0,0.0,0.0,0,-0.0
2025-05-01,4.200752296889609,3.6926567663249976,7.893409063214563,-3.9874295997419953,-1.1793584663614274,8.158780810786377,-0.1907024614966808,0.0127947067521381,0.8625398293708534,0.1246654638770085,0.0026519220332575,0.8134705635809195,0.1838775143857761,2.0000000000000018,-0.09999999999999787,1.7313567155587961,0.0,0.0,0.0,0.0,0.0,0.0,0.0,0,-0.0
2025-05-02,0.7092042927669517,6.574063032476696,7.283267325243692,-5.457748176389899,-1.4703185766479034,7.972433999529949,-0.1863468112564277,0.017098570963098,0.5805043886977265,0.4023970403391755,0.0039041479610457,0.7473890353287114,0.2487068167104196,2.0000000000000018,-1.9200000000000017,-1.5300481422906742,0.0,0.0,0.0,0.0,0.0,0.0,0.0,0,-0.0
2025-05-05,3.769360626295626,-0.40902187876414864,3.360338747531433,-5.092259108071623,0.3654890683182756,7.438543944411182,-0.5338900551187669,0.0125578491784477,0.9244833091421916,0.0629588416793604,0.0024365778126669,0.9644609442147704,0.0331024779725289,0.9999999999999787,0.9600000000000009,-1.9802627296179764,58.0,20.180747873508373,0.0,-0.06666666666666643,-0.036547514667673364,-0.3666666666666707,20.180747873508373,1,1.34538319156722
2025-05-06,0.25582636355307997,-2.976497741081374,-2.7206713775282942,-4.9759517493022685,0.1163073587693546,7.268647365917582,-0.16989657849360018,0.006914796991504,0.9737831500197566,0.0193020529887393,0.001590402752751,0.9845792511436894,0.0138303461033965,-2.0000000000000018,1.120000000000001,3.2293421720715365,42.0,42.0,7.5,0.008333333333333304,-0.048507358274599705,-11.610000000000046,42.0,1,-0.34999999999999876
2025-05-07,-5.684879190716785,0.9642577992837076,-4.7206213914330775,-4.862300854278536,0.1136508950237322,7.102631230639689,-0.16601613527789283,0.0090672650309429,0.9739523844988532,0.0169803504702039,0.0028000080453929,0.9593088942274854,0.0378910977269742,-0.9999999999999787,-1.2100000000000009,-1.6689305924064257,0.0,0.0,0.0,0.0,0.0,0.0,0.0,0,-0.0
2025-05-08,4.023153818735237,6.511353389763697,10.534507208498933,-4.751245749284622,0.1110551049939143,6.940406909131969,-0.16222432150772015,0.0141892467680519,0.6798123493102857,0.3059984039216624,0.0068905459744034,0.7537868226635475,0.2393226313620687,4.0000000000000036,-1.0700000000000003,3.0332979390374604,25.0,51.28655555115584,5.333333333333332,-0.13666666666666671,-0.018630869925615134,-6.6816666666666675,51.28655555115584,1,7.009162591991301
2025-05-09,0.20638345940811043,-0.23645022486289413,-0.030066765454783706,-4.642727146394306,0.1085186028903155,6.781887796248217,-0.1585191128837522,0.013528111902647,0.9459508069465246,0.0405210811508283,0.0200801647936539,0.8664577581648096,0.1134620770417516,0.0,-0.5800000000000018,1.8120541113194832,0.0,0.0,0.0,0.0,0.0,0.0,0.0,0,-0.0
2025-05-12,0.8187531161961914,6.262318328889505,7.081071445085652,-4.331817598289424,0.310909548104882,6.32772505880044,-0.4541627374477768,0.0150853047377011,0.8116862573204143,0.1732284379418845,0.0589147282327363,0.5869484639399261,0.3541368078271866,0.0,-3.509999999999998,1.511684447477979,0.0,0.0,0.0,0.0,0.0,0.0,0.0,0,-0.0
2025-05-13,5.199717018634864,-0.9838939235827127,4.215823095052151,-4.232878747607405,0.0989388506820194,6.183199618718025,-0.14452544008241475,0.472296323789991,0.1764955339750407,0.3512081422349683,0.2050982952442462,0.4046310912311986,0.3902706135244281,2.9999999999999805,-0.1700000000000017,2.680123022674419,0.0,0.0,0.0,0.0,0.0,0.0,0.0,0,-0.0
2025-05-14,1.0954467160689152,2.365038619659199,3.4604853357281584,-4.136199663398043,0.0966790842093621,6.041975144249147,-0.14122447446887865,0.1564316819555219,0.7704809814482837,0.0730873365961944,0.0451295451242801,0.9048144385495132,0.0500560163261009,5.000000000000027,0.40000000000000213,-0.8647367041182186,0.0,0.0,0.0,0.0,0.0,0.0,0.0,0,-0.0
2025-05-15,-2.2937574731091814,-5.466653387467524,-7.760410860576705,-4.0417287325237705,0.0944709308742721,5.903976241234996,-0.13799890301415108,0.0581207075280533,0.8876538049854823,0.0542254874864642,0.020841709615336,0.9496370195989912,0.0295212707857536,-3.000000000000025,-0.7900000000000027,-2.274429467335448,0.0,0.0,0.0,0.0,0.0,0.0,0.0,0,-0.0
2025-05-16,-2.9326117828178067,0.8158864063151139,-2.1167253765026928,-3.949415520692712,0.0923132118310583,5.769129237521726,-0.1348470037132694,0.089012821666765,0.8899642211332041,0.0210229572000308,0.0171907746980108,0.9711241152783932,0.011685110023384,0.0,-0.5899999999999999,1.2769149616534747,0.0,0.0,0.0,0.0,0.0,0.0,0.0,0,-0.0
2025-05-19,5.055257407891567,-1.8973558440927185,3.1579015637988483,-3.684934978093819,0.2644805425988927,5.382787911047357,-0.38634132647436914,0.0174665401818345,0.9677296015571066,0.0148038582610588,0.0033031931816509,0.9853250887375332,0.0113717180807188,2.0000000000000018,0.9000000000000021,0.21905813798186458,0.0,0.0,0.0,0.0,0.0,0.0,0.0,0,-0.0
2025-05-20,4.148426244697889,-1.7779850333768277,2.3704412113210616,-3.6007709468764046,0.0841640312174147,5.259844865247276,-0.12294304580008131,0.0080194229300442,0.9644051262978078,0.0275754507721479,0.0017745456637443,0.9550492297330544,0.0431762246030998,-0.9999999999999787,-0.05000000000000071,-0.01563110593263417,0.0,0.0,0.0,0.0,0.0,0.0,0.0,0,-0.0
2025-05-21,11.7560322807861,-0.31373974737927135,11.442292533406828,-3.518529224788698,0.0822417220877067,5.139709842494059,-0.12013502275321652,0.0130462638894045,0.6908455160382219,0.2961082200723736,0.003243748024731,0.833932022884651,0.1628242290905568,0.0,2.780000000000001,-1.63912259232033,16.0,26.25306354680867,0.0,-0.1116666666666668,-0.000747033686461146,-2.414999999999997,26.25306354680867,1,2.931592096060305
2025-05-22,-3.8599639618107418,-0.5354432303438905,-4.395407192154632,-3.4381659062294956,0.0803633185592023,5.022318707452678,-0.11739113504138121,0.0147538817249455,0.9610334086087414,0.0242127096663129,0.0039777532106651,0.9840105660629274,0.0120116807263807,-1.000000000000023,-0.5899999999999999,-0.6056760625922308,18.0,17.277442726176034,2.0,0.0,0.0,0.0,0.0,0,-0.0
2025-05-23,-3.942147438398935,0.6240851434201389,-3.318062294978752,-3.3596380884029147,0.0785278178265809,4.9076087896411815,-0.11470991781149653,0.0082043752329808,0.9804519874365892,0.0113436373304301,0.0048941478824067,0.988078959352557,0.0070268927649434,-0.9999999999999787,2.009999999999998,0.5420931642492022,0.0,0.0,0.0,0.0,0.0,0.0,0.0,0,-0.0
2025-05-27,-7.701267613216123,-0.6793004091140808,-8.380568022330248,-3.0630575986136757,0.071595577489897,4.474377298561837,-0.10458361172940567,0.0749629119726899,0.8878624753827536,0.0371746126445564,0.0157382409863843,0.964823522254767,0.0194382367590157,-1.000000000000023,-3.3299999999999983,-2.0562973528932993,69.0,16.358793525501994,13.0,-0.08000000000000007,-0.010995470630552326,-3.4699999999999807,16.358793525501994,1,1.3087034820401606
2025-05-28,2.418498917275036,1.5826627839667928,4.001161701241873,-2.993097266373617,0.0699603322400586,4.372182379825591,-0.10219491873624609,0.0159125583990222,0.9707755720848148,0.0133118695161629,0.0046806836695161,0.9871528653925324,0.0081664509378635,0.0,0.34999999999999787,1.498215700321559,98.0,45.51622163377049,7.833333333333332,-0.0033333333333329662,-0.03622207755506085,2.721666666666615,38.87787063791461,1,0.12959290212636776
2025-05-29,-3.477126816064935,-1.846086289269122,-5.323213105334101,-2.924734830330271,0.0683624360433459,4.2723215962591405,-0.09986078356645045,0.0262044061817571,0.9367837188385072,0.0370118749797358,0.0061177280505437,0.9721519167109052,0.0217303552384309,0.0,-0.129999999999999,-1.417092957169075,44.0,32.78819576704501,0.0,0.10000000000000009,-0.06180643552059867,-2.296666666666643,32.78819576704501,1,-3.278819576704504
2025-05-30,0.8474914163687508,-2.146007870597,-1.298516454228249,-2.8579337944840675,0.0668010358462036,4.17474163614153,-0.09757996011761083,0.0206043318639304,0.945410758528932,0.0339849096071374,0.0042703113365942,0.9749225419179351,0.0208071467455127,2.0000000000000018,-0.6099999999999994,-0.324886575566552,0.0,0.0,0.0,0.0,0.0,0.0,0.0,0,-0.0
2025-06-02,5.046229557376947,-0.16142639585643437,4.884803161520512,-2.666546517881609,0.1913872766024584,3.895171677662397,-0.2795699584791329,0.0110349819419161,0.9495650853947344,0.0393999326633495,0.0026135019642949,0.9724369155337492,0.0249495825018131,-0.9999999999999787,-0.21000000000000085,2.902472645645471,0.0,0.0,0.0,0.0,0.0,0.0,0.0,0,-0.0
2025-06-03,-1.6092213974545633,1.7948098918436184,0.18558849438905511,-2.605642511241642,0.060904006639967,3.8062058335905573,-0.0889658440718395,0.0066756961060434,0.9814609033523024,0.0118634005416541,0.0033795439367983,0.9673490322752688,0.0292714237880468,-1.000000000000023,-0.6699999999999982,1.3033080767830718,0.0,0.0,0.0,0.0,0.0,0.0,0.0,0,-0.0
2025-06-04,-7.287865360066448,-2.8953689024461937,-10.183234262512642,-2.5461295540358115,0.0595129572058303,3.7192719722055916,-0.08693386138496573,0.0597003909490164,0.7391909574952865,0.2011086515556971,0.013179944507216,0.7274790310048851,0.259341024487956,-0.9999999999999787,-0.08000000000000185,-0.8302702978306264,0.0,0.0,0.0,0.0,0.0,0.0,0.0,0,-0.0
2025-06-05,-2.0112863272714776,4.650078617434605,2.6387922901631278,-2.4879758746511347,0.0581536793846768,3.634323682958791,-0.08494828924680053,0.0397391215378743,0.7590557068643345,0.201205171597791,0.0084759137484902,0.7334287250175302,0.2580953612338655,-2.0000000000000018,0.870000000000001,0.7678483232694155,0.0,0.0,0.0,0.0,0.0,0.0,0.0,0,-0.0
2025-06-06,5.4856504955693275,6.247765163343244,11.733415658912616,-2.431150427139268,0.0568254475118665,3.551315615319845,-0.08300806763894597,0.0243931956384801,0.5650951622428495,0.4105116421186703,0.0064334918811012,0.7330095077641616,0.2605570003549384,2.0000000000000018,-1.7100000000000009,1.9171892101373267,0.0,0.0,0.0,0.0,0.0,0.0,0.0,0,-0.0
2025-06-09,-0.7338730397302928,-1.7633959834500779,-2.497269023180415,-2.2683435559097385,0.1628068712295296,3.3134946324532533,-0.2378209828665918,0.0224236087728814,0.904880788076645,0.0726956031504735,0.0054225720931109,0.9562603577296012,0.0383170701773693,0.0,0.39000000000000057,1.051117911294508,0.0,0.0,0.0,0.0,0.0,0.0,0.0,0,-0.0
2025-06-10,-2.3752189109528032,0.36545362303122,-2.0097652879216277,-2.2165345174907856,0.0518090384189529,3.237814310455064,-0.07568032199818919,0.0092268208671664,0.979283808436639,0.0114893706961945,0.0044161012437991,0.982678770559394,0.0129051281969874,-2.0000000000000018,-0.21000000000000085,-0.5013303321883988,58.0,20.180747873508373,0.0,-0.10000000000000009,0.019160816515994578,-3.9833333333333165,20.180747873508373,1,2.018074787350839
2025-06-11,-1.783863497374183,-3.5592383483272982,-5.343101845701437,-2.165908799144713,0.0506257183460729,3.16386252940022,-0.07395178105484401,0.0441401270093226,0.8213997108521571,0.1344601621385202,0.0122373066487107,0.902325108930674,0.0854375844206114,-2.0000000000000018,0.3100000000000023,4.831139329567069,39.0,39.0,0.33333333333333587,-0.07500000000000018,-0.017813869114591,-13.443333333333252,39.0,1,2.925000000000007
2025-06-12,-6.053436051952366,-0.46418514170007974,-6.517621193652445,-2.1164393738037024,0.0494694253410101,3.0915998093590127,-0.07226272004120737,0.0279069697161659,0.9295586947160404,0.0425343355677937,0.0089511884466857,0.9533006223232344,0.0377481892298589,-2.0000000000000018,0.759999999999998,-0.2615520235602631,22.0,45.132168885017144,0.16666666666666793,0.03833333333333355,-0.012671115282781698,-14.604999999999949,45.132168885017144,1,-1.730066473925667
2025-06-13,6.155482592947159,0.052568377812178824,6.208050970759338,-2.0680998316990213,0.048339542104681,3.020987572124574,-0.07061223723443888,0.0466822655682381,0.833350237862386,0.1199674965693757,0.0097726077357606,0.9226847112394368,0.0675426810246996,2.9999999999999805,2.8000000000000007,7.171480506108274,0.0,0.0,0.0,0.0,0.0,0.0,0.0,0,-0.0
2025-06-16,4.72376321999235,-0.4574691862805569,4.266294033711748,-1.9296053727669056,0.1384944589321155,2.818681071814908,-0.2023065003096658,0.0153893417422856,0.9465840339842888,0.0380266242734254,0.0034316622089059,0.9767303973879882,0.0198379404031378,2.0000000000000018,-1.7100000000000009,-1.790032081927606,13.0,21.330614131782042,0.0,0.08833333333333337,-0.01606156821858183,-4.793333333333264,21.330614131782042,1,-1.8842042483074146
2025-06-17,-7.670277423212024,0.0459782940438469,-7.624299129168133,-1.8855331251434615,0.0440722476234443,2.7543023071608617,-0.06437876465404635,0.0164562617550128,0.9586061683564836,0.0249375698885034,0.0029827871849993,0.9853347336903884,0.0116824791248168,1.000000000000023,2.490000000000002,4.172052908746604,23.0,12.774157495314798,2.5,0.0,0.0,0.0,0.0,0,-0.0
2025-06-18,1.0134966266203804,-0.5813911703738572,0.4321054562464788,-3.9540568115918537,-2.068523686448392,2.6913939555236785,-0.06290835163718311,0.0058632455669139,0.9861904202295784,0.0079463342035078,0.0011305020191512,0.994825579126212,0.0040439188546854,0.0,-1.4600000000000009,0.35641249530344865,0.0,0.0,0.0,0.0,0.0,0.0,0.0,0,-0.0
2025-06-20,1.9257836701227937,-2.2264975433027967,-0.30071387317995857,-3.7754979479332738,0.0882480812690373,2.5698549212470296,-0.06006751137660871,0.0063573160500176,0.9765291799580286,0.0171135039919537,0.0013345583599437,0.9891285510937324,0.0095368905464809,2.0000000000000018,0.4800000000000004,-0.22425970746997592,0.0,0.0,0.0,0.0,0.0,0.0,0.0,0,-0.0
2025-06-23,-0.6371616572254268,-3.457198395746186,-4.094360052971613,-3.5226641449012597,0.2528338030320141,2.3977594249867025,-0.17209549626032716,0.010408221620651,0.9547545747362708,0.0348372036430782,0.0019652027727733,0.9818217759707224,0.0162130212562913,-3.000000000000025,-0.7900000000000027,-8.773199386883501,0.0,0.0,0.0,0.0,0.0,0.0,0.0,0,-0.0
2025-06-24,-2.1204129752343093,-2.0223127664653617,-4.142725741699671,-3.4422063846361644,0.0804577602650953,2.342994524032922,-0.054764900953780504,0.0072278090111262,0.9846361878708684,0.0081360031180055,0.0012885733058298,0.9949675688661628,0.0037438578277842,-0.9999999999999787,-2.349999999999998,-5.802384011637773,69.0,16.358793525501994,13.0,-0.036666666666666625,0.015448387860873325,-3.714999999999972,16.358793525501994,1,0.5998224292684058
2025-06-25,0.8616821317998458,-1.4137750206070887,-0.5520928888072874,-3.363586282155235,0.0786201024809294,2.289480455145622,-0.05351406888730015,0.0047177595741862,0.9879622427376914,0.0073199976881222,0.0008577976011963,0.9956302672084504,0.0035119351905207,-1.000000000000023,-0.7199999999999989,0.8065173444526508,98.0,45.51622163377049,7.833333333333332,-0.03333333333333366,-0.008797616636594063,0.1633333333333673,38.87787063791461,1,1.295929021263833
2025-06-26,0.10567133833987441,-2.945908290516952,-2.840236952177033,-3.286761865296672,0.076824416858563,2.237188649280919,-0.052291805864702834,0.0048550640068492,0.9828535476004012,0.0122913883927493,0.0009302723328955,0.9930256844389048,0.0060440432283484,0.0,-0.1700000000000017,0.6947618944658451,44.0,32.78819576704501,0.0,-0.04833333333333334,0.009655928332747157,1.8316666666667203,32.78819576704501,1,1.5847627954071757
2025-06-27,2.4860802117502967,1.1179282018331183,3.604008413583415,-3.2116921205441793,0.0750697447524926,2.1860911899127955,-0.05109745936812349,0.004557144755065,0.9847839425790654,0.0106589126658696,0.0012514984185053,0.9911842754451944,0.0075642261363468,1.000000000000023,-0.2699999999999996,0.33057881344999984,0.0,0.0,0.0,0.0,0.0,0.0,0.0,0,-0.0
2025-06-30,-7.078088681833394,0.7388469440786416,-6.339241737754797,-2.996614707126528,0.2150774134176512,2.0396952026965947,-0.14639598721620084,0.017967786550749,0.9349113026947158,0.0471209107545352,0.0039945448075546,0.9614195239118514,0.03458593128075,0.0,0.41000000000000014,-0.5415175687777385,0.0,0.0,0.0,0.0,0.0,0.0,0.0,0,-0.0
2025-07-01,-2.202732604829505,4.0927878176119314,1.890055212782471,-2.9281719326253555,0.0684427745011726,1.9931084998824873,-0.04658670281410737,0.0168530602796161,0.9035888554832042,0.0795580842371796,0.0033561443036896,0.9501098854656328,0.0465339702305214,0.0,0.09999999999999787,0.51151006667709,0.0,0.0,0.0,0.0,0.0,0.0,0.0,0,-0.0
2025-07-02,5.619790648744072,-0.80621143805093,4.813579210693142,-2.861292393254238,0.0668795393711176,1.9475858388311988,-0.04552266105128844,0.0092837282415755,0.9601652891551185,0.0305509826033058,0.0020206736630622,0.9724454775968978,0.025533848739913,0.9999999999999787,-0.18999999999999773,2.9861790170958358,0.0,0.0,0.0,0.0,0.0,0.0,0.0,0,-0.0
2025-07-03,-1.192547298506197,5.934970526509442,4.74242322800329,-2.795940384673459,0.0653520085807786,1.9031029167952784,-0.044482922035920414,0.0113282811951514,0.917820571039706,0.0708511477651425,0.0026512942851631,0.9391801782553147,0.0581685274595284,3.000000000000025,-0.26000000000000156,-0.7749143243969137,0.0,0.0,0.0,0.0,0.0,0.0,0.0,0,-0.0
2025-07-07,7.3900447264199975,-2.533787898617179,4.856256827802774,-2.5491217253749037,0.1829592926566459,1.7351017272829923,-0.12453425881980351,0.0174668432107771,0.8490205583488143,0.1335125984404085,0.0036125336910916,0.9270951984908936,0.069292267817957,2.0000000000000018,1.4100000000000001,1.5005016029513207,0.0,0.0,0.0,0.0,0.0,0.0,0.0,0,-0.0
2025-07-08,1.1136118841171605,1.4387675828359203,2.552379466953081,-2.4908997047023913,0.0582220206725123,1.6954719490620545,-0.03962977822093783,0.0107727528765812,0.96504562019828,0.0241816269251387,0.0022160777942378,0.9855537255113525,0.0122301966942083,0.0,-0.9800000000000004,0.5623257554361771,58.0,20.180747873508373,0.0,-0.10000000000000009,0.017584062044917664,2.13500000000002,20.180747873508373,1,2.018074787350839
2025-07-09,-6.198050905496322,-1.8298936390711784,-8.0279445445675,-2.4340074768198616,0.0568922278825296,1.6567473162266269,-0.0387246328354276,0.0106464574363035,0.9715155523663056,0.0178379901973907,0.0019979258567468,0.9886708180248684,0.0093312561185674,-2.0000000000000018,-0.8699999999999992,0.08623168111236978,39.0,39.0,7.166666666666668,0.04499999999999993,-0.005838503889725996,-12.815000000000005,39.0,1,-1.7549999999999972
2025-07-10,-0.8200285268850749,1.2359109079116415,0.4158823810265666,-2.3784146692180146,0.055592807601847,1.618907155227532,-0.03784016099909482,0.0063631600599137,0.9834941383178504,0.010142701622236,0.0013127805826266,0.987021838523889,0.0116653808935035,0.9999999999999787,-0.16000000000000014,-2.664106900166985,22.0,45.132168885017144,0.16666666666666793,-0.018333333333333535,-0.005018164267968861,-1.7816666666666592,45.132168885017144,1,0.8274230962253234
2025-07-11,9.552464952015072,-0.7573902504555363,8.795074701559535,-2.3240916030966225,0.054323066121392,1.5819312647001103,-0.036975890527421784,0.0110079742244591,0.8128826917563727,0.1761093340191681,0.0021893020257327,0.906553656940162,0.0912570410339581,3.000000000000025,0.6199999999999992,2.6928342775550007,0.0,0.0,0.0,0.0,0.0,0.0,0.0,0,-0.0
2025-07-14,0.7770893916843935,-0.8150710728223043,-0.03798168113791078,-2.1684541410428166,0.1556374620538059,1.4759940603087491,-0.10593720439136112,0.0070216856011117,0.973660377959923,0.0193179364389652,0.0015000556735365,0.9869435314591264,0.0115564128672561,2.0000000000000018,0.8000000000000007,-2.0897582421894434,0.0,0.0,0.0,0.0,0.0,0.0,0.0,0,-0.0
2025-07-15,4.0519616860259955,2.4988091541831015,6.550770840209097,-2.1189265800125083,0.0495275610303083,1.442282309380432,-0.03371175092831713,0.0109644610106486,0.9556269657132064,0.0334085732761447,0.0021597687178932,0.9759248899063304,0.0219153413759647,2.0000000000000018,0.17999999999999972,-0.6325876188761903,0.0,0.0,0.0,0.0,0.0,0.0,0.0,0,-0.0
2025-07-16,1.7643689373848748,-4.830222387570116,-3.065853450185241,-2.070530230039507,0.0483963499730011,1.409340535907454,-0.032941773472978,0.0086310692329576,0.926239974265233,0.0651289565018094,0.0017940859557019,0.9659364163051792,0.0322694977389577,0.0,-0.21999999999999886,-0.9341012393139003,0.0,0.0,0.0,0.0,0.0,0.0,0.0,0,-0.0
2025-07-17,-0.7245558778680383,1.5226004878242883,0.7980446099562499,-2.0232392542275575,0.0472909758119497,1.377151153580431,-0.03218938232702295,0.0098138269637859,0.9736882049574078,0.0164979680788062,0.001984988685154,0.9895688574340548,0.0084461538810164,2.0000000000000018,-0.6400000000000006,2.399114256398871,0.0,0.0,0.0,0.0,0.0,0.0,0.0,0,-0.0
2025-07-18,-0.900991051148381,-2.4605181931650844,-3.3615092443135097,-1.9770284057959269,0.0462108484316305,1.3456969777618395,-0.03145417581859156,0.0087314569732928,0.9708275689345044,0.0204409740922026,0.0018257624581004,0.988183731198141,0.0099905063436819,-2.0000000000000018,-0.10999999999999943,-0.33505749169169263,0.0,0.0,0.0,0.0,0.0,0.0,0.0,0,-0.0
2025-07-21,-6.021174374143667,-0.2867724122132209,-6.307946786356844,-1.844632727813019,0.1323956779829078,1.2555796768631697,-0.09011730089866976,0.009285220537181,0.9759236104242756,0.0147911690385433,0.0020139363918172,0.9910420548505596,0.0069440087574033,-1.000000000000023,0.23999999999999844,-0.20449904877271052,0.0,0.0,0.0,0.0,0.0,0.0,0.0,0,-0.0
2025-07-22,-2.079937937928822,-1.5013287560513344,-3.5812666939802007,-1.8025012580825468,0.0421314697304722,1.2269021974102954,-0.028677479452874355,0.0096172726624219,0.9830147680261452,0.0073679593114328,0.0023085778095753,0.9935045488035288,0.0041868733866783,-0.9999999999999787,-0.14999999999999858,-1.2210523170405274,0.0,0.0,0.0,0.0,0.0,0.0,0.0,0,-0.0
2025-07-23,1.0343355813302146,3.630054687495976,4.664390268826235,-1.7613320724506298,0.0411691856319169,1.1988797124933515,-0.028022484916943924,0.0163091215074397,0.9508592470252164,0.0328316314673438,0.0032232036050142,0.9805614174157786,0.0162153789793949,-2.0000000000000018,-1.1300000000000008,-2.260406097126566,13.0,21.330614131782042,0.0,0.16833333333333345,-0.028264381947684145,-3.3600000000000003,21.330614131782042,1,-3.5906533788499795
2025-07-24,-0.09895578120753257,2.2270798863494257,2.128124105141893,-2.4136935927902057,-0.6523615203395758,1.1714972620164614,-0.02738245047689003,0.0097343868440775,0.9739767619276504,0.016288851228272,0.0018683473989054,0.9905510352221574,0.0075806173791145,8.000000000000007,0.02000000000000135,1.6665801241005695,21.0,21.0,-13.5,0.0,0.0,0.0,0.0,0,-0.0
2025-07-25,-3.0472891591048157,-0.35368770556352125,-3.400976864668337,-2.3585647549408195,0.0551288378493861,1.1447402275728107,-0.02675703444365074,0.0066062954732598,0.986008633522239,0.0073850710045012,0.0014054253466968,0.9946997370535656,0.003894837599527,-1.000000000000023,-0.46000000000000085,-1.1682025917511218,0.0,0.0,0.0,0.0,0.0,0.0,0.0,0,-0.0
2025-07-28,2.8485802776221814,0.28591634854353565,3.134496626165717,-2.2006187290357095,0.1579460259051099,1.0680803990647851,-0.07665982850802555,0.0077379486915943,0.975795945451172,0.0164661058572336,0.0020380207760893,0.9863906199392016,0.0115713592848676,0.0,0.09999999999999964,2.131387040392241,139.0,55.236664163416606,14.0,-0.0216666666666665,-0.0009503339367341879,3.5558333333333394,55.236664163416606,1,1.1967943902073506
2025-07-29,-9.086287713221886,-0.3613102396041512,-9.447597952826037,-2.1503565278003443,0.0502622012353652,1.0436854090353826,-0.024394990029402486,0.0203606128963711,0.9304755089851924,0.0491638781184364,0.0040156634243955,0.9610625868660556,0.0349217497097061,-0.9999999999999787,0.9500000000000011,3.5635288508355067,74.0,39.900714691176304,-32.5,0.22999999999999998,-0.060237137708077336,-2.4516666666667555,32.78819576704501,1,-7.5412850264203515
2025-07-30,0.5238496921665448,3.8596177189272662,4.383467411093811,-2.5120948208493576,-0.3617382930490134,1.0198476013482973,-0.02383780768708532,0.0153094079401677,0.9454525162371392,0.0392380758226931,0.0022264189443324,0.9545421221202112,0.043231458935582,-1.000000000000023,-0.5,1.1601714737285995,0.0,0.0,0.0,0.0,0.0,0.0,0.0,0,-0.0
2025-07-31,-1.3761590152094438,0.616864025574726,-0.7592949896347179,-3.249621285670713,-0.7375264648213555,0.9965542499412435,-0.023293351407053797,0.0084365106731709,0.9788821756235168,0.0126813137033122,0.000131799587045,0.8968751362815628,0.1029930641313281,-2.9999999999999805,1.2399999999999984,-1.0321760072034891,0.0,0.0,0.0,0.0,0.0,0.0,0.0,0,-0.0
2025-08-01,-0.6759965488753572,-12.70342018921431,-13.379416738089667,-4.839759429057051,-1.590138143386338,0.9737929194155995,-0.022761330525643997,0.0002398479607888,2.742678752660358e-06,0.9997574093604584,0.0001085765436022,5.901919167667126e-06,0.9998855215374304,-6.000000000000005,3.66,-2.839830475935212,0.0,0.0,0.0,0.0,0.0,0.0,0.0,0,-0.0
2025-08-04,-0.1488731428902046,-1.7739248293744847,-1.9227979722646893,-4.515655218411572,0.324104210645479,0.908580920739698,-0.06521199867590155,0.0276552460756825,0.8564439643770791,0.1159007895472381,0.0125356043220565,0.9102562049499144,0.077208190727975,4.0000000000000036,-2.8599999999999994,-1.5620712552815164,0.0,0.0,0.0,0.0,0.0,0.0,0.0,0,-0.0
2025-08-05,-1.3987788363002185,1.5925488563655055,0.19377002006528699,-4.41251751068299,0.1031377077285817,0.8878289038299614,-0.020752016909736604,0.0893626462563841,0.8392300033869382,0.0714073503566776,0.0182377515510265,0.9397403035386542,0.0420219449102723,-1.000000000000023,0.33000000000000185,-1.6925439614227322,58.0,20.180747873508373,0.0,-0.06166666666666698,0.00528833232335299,1.2283333333333424,20.180747873508373,1,1.2444794521996894
2025-08-06,4.336235129993371,-2.281114374151194,2.0551207558422213,-4.311735471454548,0.1007820392284424,0.8675508636414961,-0.02027804018846524,0.0216336658448282,0.9403996353168186,0.037966698838353,0.0042435429116781,0.9767331397863817,0.0190233173019597,-2.0000000000000018,-1.0800000000000018,-1.246406164689784,42.0,42.0,7.166666666666664,-0.22833333333333306,0.022545047421473854,1.1199999999999803,42.0,1,9.58999999999999
2025-08-07,-1.1792142194322341,2.4153362019247115,1.2361219824924774,-4.213255297183345,0.0984801742712031,0.8477359745310273,-0.019814889110468803,0.0098463739471404,0.9733404233087816,0.016813202744078,0.0019734877723204,0.9895911158374998,0.0084353963902229,1.000000000000023,-0.1999999999999993,-0.7368777586020059,25.0,51.28655555115584,2.666666666666668,-0.10500000000000043,0.008797732917633014,-2.968333333333357,51.28655555115584,1,5.385088332871385
2025-08-08,2.3849234324274438,1.6366094093945627,4.021532841821962,-4.117024413201096,0.0962308839822485,0.8283736581133133,-0.01936231641771402,0.0095612932559602,0.9721679638171516,0.0182707429268881,0.0017514936359496,0.989595876847016,0.0086526295171482,4.0000000000000036,-1.42,0.061614296465517526,0.0,0.0,0.0,0.0,0.0,0.0,0.0,0,-0.0
2025-08-11,-1.5674534885655067,0.38985230222459144,-1.1776011863409153,-3.841319604479089,0.2757048087220077,0.7728999523397533,-0.055473705773560034,0.0056201202760247,0.985865975481152,0.0085139042428231,0.0010797676455374,0.9938188788281545,0.0051013535263259,0.9999999999999787,1.0999999999999996,0.1384935206361071,0.0,0.0,0.0,0.0,0.0,0.0,0.0,0,-0.0
2025-08-12,5.518797685252874,-3.0376781254401575,2.4811195598126723,-3.753583743458636,0.0877358610204526,0.7552468930311433,-0.017653059308609942,0.0063712057519427,0.9503045229815056,0.0433242712665516,0.001355901062292,0.9776837930036272,0.020960305933947,-2.0000000000000018,-1.5199999999999996,-1.2534013219692497,0.0,0.0,0.0,0.0,0.0,0.0,0.0,0,-0.0
2025-08-13,-3.395255768510008,-2.240365481045581,-5.635621249555545,-3.6678517722733393,0.0857319711852966,0.7379970301543746,-0.017249862876768773,0.0070229742802324,0.9824028023458056,0.0105742233739621,0.0020455499762015,0.991455889573101,0.006498560450664,-0.9999999999999787,-0.2400000000000002,-0.8444147125240775,0.0,0.0,0.0,0.0,0.0,0.0,0.0,0,-0.0
2025-08-14,4.13053743247338,1.0541397097348248,5.184677142208205,-3.5840779220161094,0.0837738502572298,0.7211411546902159,-0.016855875464158676,0.0213420511785641,0.938660321131616,0.03999762768982,0.0047964379779614,0.973154569629616,0.0220489923926421,2.0000000000000018,0.33999999999999986,2.036287037013018,0.0,0.0,0.0,0.0,0.0,0.0,0.0,0,-0.0
2025-08-15,4.909166835760059,-0.46734198514624126,4.4418248506138625,-3.50221746914314,0.0818604528729691,0.7046702679537269,-0.016470886736489,0.0181443653388456,0.948180881983428,0.0336747526777262,0.003457687507099,0.9805786824716326,0.0159636300213415,-1.000000000000023,0.2599999999999998,-1.879375032434627,0.0,0.0,0.0,0.0,0.0,0.0,0.0,0,-0.0
2025-08-18,1.2551121627012218,-0.3121047332555804,0.943007429445597,-3.2676844422470896,0.2345330268960506,0.6574806081559095,-0.04718965979781742,0.0079082997033966,0.9821349488156966,0.0099567514809068,0.001579872376002,0.9938247456853896,0.0045953819388212,0.0,-0.09999999999999964,1.1380588962238924,0.0,0.0,0.0,0.0,0.0,0.0,0.0,0,-0.0
2025-08-19,-2.708311736686353,-0.9159389067933343,-3.6242506434796873,-3.1930504264392434,0.0746340158078462,0.6424637303117575,-0.015016877844151955,0.0087947319657431,0.9839494030174688,0.0072558650167881,0.0016201107876964,0.9949599475949576,0.0034199416171871,-2.9999999999999805,0.5800000000000001,-1.7671896281375332,0.0,0.0,0.0,0.0,0.0,0.0,0.0,0,-0.0
2025-08-20,-1.2166768657234428,-0.6167472204236191,-1.8334240861470619,-3.120121053908326,0.0729293725309174,0.6277898384315848,-0.014673891880172762,0.0049766825674345,0.9874716134382064,0.007551703994359,0.0011081233274356,0.994121754956222,0.0047701217165041,0.0,0.11999999999999922,1.269908106091222,16.0,26.25306354680867,0.0,-0.08833333333333337,-0.014109805714209875,-7.068333333333292,26.25306354680867,1,2.3190206133014333
2025-08-21,1.1464959663224583,3.0943719727948515,4.240867939117354,-3.0488573905480867,0.0712636633602392,0.6134510987051479,-0.014338739726436844,0.0055617526159823,0.9784154925339892,0.0160227548500284,0.0023224055515916,0.9730657476589594,0.0246118467896516,4.0000000000000036,0.9100000000000019,0.5747588638006285,8.0,16.279824410194205,0.0,0.0,0.0,0.0,0.0,0,-0.0
2025-08-22,-1.2981828134616347,-5.757509499475955,-7.055692312937634,-2.979221391508486,0.0696359990396007,0.5994398562466758,-0.014011242458472073,0.0270854820753625,0.7569190608022616,0.2159954571223757,0.009395202391023,0.8461332896223422,0.14447150798673,2.0000000000000018,-2.380000000000001,-0.7462721201589417,0.0,0.0,0.0,0.0,0.0,0.0,0.0,0,-0.0
2025-08-25,0.4756957783292659,1.539447722756071,2.015143501085337,-2.7797118473696125,0.1995095441388734,0.5592971623202297,-0.040142693926446094,0.0549892694412758,0.8810546688259803,0.0639560617327438,0.0123260842080276,0.931459463050475,0.0562144527414917,0.0,0.5699999999999985,1.7020370649311722,0.0,0.0,0.0,0.0,0.0,0.0,0.0,0,-0.0
2025-08-26,2.5995632395009682,-4.404180721669748,-1.80461748216878,-2.71622314103199,0.0634887063376226,0.5465227974781989,-0.012774364842030872,0.0285460776365735,0.8383693461989303,0.1330845761644961,0.0059714115731753,0.9214112010296296,0.0726173873974117,0.9999999999999787,-0.16999999999999993,-2.4539203063339343,69.0,16.358793525501994,13.0,0.10499999999999954,-0.013737704203435105,-5.938333333333334,16.358793525501994,1,-1.717673320177702
2025-08-27,1.2696602875199137,-2.630592804135512,-1.3609325166155983,-2.654184518751188,0.0620386222808018,0.5340401995323928,-0.012482597945806084,0.0105012885342906,0.9562203173727888,0.0332783940929206,0.0027729717562341,0.9794643416477244,0.0177626865961276,1.000000000000023,0.23000000000000043,1.3896702676209571,98.0,45.51622163377049,7.5,-0.006666666666666821,-0.026837167508439785,-3.473333333333299,38.87787063791461,1,0.25918580425277005
2025-08-28,-4.441461068652197,1.2306225788101255,-3.2108384898420717,-2.593562860561575,0.0606216581896132,0.5218427045176912,-0.012197495014701576,0.0173771999301884,0.9652686453020158,0.0173541547677956,0.0042969185012492,0.9825999199637928,0.013103161535106,-2.0000000000000018,-0.41999999999999993,0.7261522831136347,44.0,32.78819576704501,0.0,-0.13166666666666638,-0.0013936090954867614,1.1016666666666306,32.78819576704501,1,4.317112442660917
2025-08-29,4.22681095889188,-2.5053271289397383,1.7214838299521418,-2.5343258029585813,0.0592370576029934,0.5099238006741487,-0.01191890384354255,0.0173696254302923,0.912979618913703,0.0696507556560046,0.0043664457290242,0.9540636176794474,0.041569936591566,0.0,0.9299999999999997,-0.9279373729239815,0.0,0.0,0.0,0.0,0.0,0.0,0.0,0,-0.0
2025-09-02,4.58512138643159,0.8091677126931263,5.394289099124716,-2.310601827890699,0.0540077575726676,0.46490899652569906,-0.010866732673120605,0.0185543478302376,0.931618448261366,0.0498272039083965,0.004599813120971,0.969293184399608,0.0261070024792173,0.0,1.8100000000000023,2.4404557039140684,0.0,0.0,0.0,0.0,0.0,0.0,0.0,0,-0.0
2025-09-03,-5.846852884383225,-0.8306706844959599,-6.6775235688791845,-2.257827609205786,0.0527742186849127,0.454290460369849,-0.010618536155850067,0.0178993568798492,0.9590065348984737,0.023094108221677,0.0043841654749968,0.9836786292432508,0.0119372052818985,-1.000000000000023,-0.8200000000000003,-2.4404557039140684,0.0,0.0,0.0,0.0,0.0,0.0,0.0,0,-0.0
2025-09-04,-3.102222802891852,-1.7994422189110182,-4.90166502180287,-2.206258755341495,0.0515688538642908,0.44391445191498063,-0.010376008454868357,0.0093276352748335,0.9830349556817368,0.0076374090434295,0.004116112863249,0.9858691174789332,0.010014769657982,-2.0000000000000018,-1.0500000000000007,-0.8582404243926867,0.0,0.0,0.0,0.0,0.0,0.0,0.0,0,-0.0
2025-09-05,-5.518006062074887,-2.0335025104151416,-7.551508572490029,-2.1558677357272744,0.0503910196142207,0.4337754318207482,-0.010139020094232454,0.0322763275062642,0.8867340603780953,0.0809896121156404,0.0109443464083259,0.8822009193185127,0.1068547342732826,-0.9999999999999787,-0.120000000000001,-2.5233426410764537,0.0,0.0,0.0,0.0,0.0,0.0,0.0,0,-0.0
2025-09-08,-6.051401413000601,1.9106789947960223,-4.140722418204579,-2.0114957228233017,0.1443720129039727,0.4047267888068831,-0.02904864301386506,0.0518757040816271,0.665021918881109,0.283102377037264,0.0129157874246312,0.820013101858932,0.1670711107163638,-2.0000000000000018,-0.07000000000000028,0.6088786636561316,0.0,0.0,0.0,0.0,0.0,0.0,0.0,0,-0.0
2025-09-09,0.06457804954167479,1.7391010993322187,1.8036791488738935,-1.9655530970196384,0.0459426258036632,0.39548281617502756,-0.009243972631855557,0.0306344522434832,0.9235294695474698,0.0458360782090469,0.006103792430455,0.9712950390530845,0.0226011685166243,0.9999999999999787,-0.07000000000000028,0.589314439459887,58.0,20.180747873508373,0.0,0.18166666666666664,-0.05346400246418652,-0.4333333333333593,20.180747873508373,1,-3.6661691970206873
2025-09-10,-4.2725179817818315,0.8337510116455782,-3.4387669701362533,-3.384954788710698,-1.4194016916910597,0.38644997616987664,-0.009032840005150922,0.012053539351976,0.9741962551161858,0.0137502055318382,0.0023931467813815,0.9909665903707164,0.006640262847705,-0.9999999999999787,0.3100000000000005,1.6380898653260978,39.0,39.0,0.0,0.09333333333333327,-0.05641559352951731,-6.366666666666573,39.0,1,-3.6399999999999975
2025-09-11,-3.6826307552509707,0.91170943723351,-2.7709213180174608,-3.307642314487895,0.0773124742228033,0.3776234465155718,-0.00882652965430486,0.0087116812918525,0.979362466969165,0.0119258517389823,0.0017532826154813,0.9922404467694113,0.0060062706150397,-1.000000000000023,-0.6399999999999988,-2.0518396598983024,22.0,45.132168885017144,0.0,0.01499999999999968,-0.02231549313828113,-4.451666666666686,45.132168885017144,1,-0.6769825332752427
2025-09-12,3.5406372202642977,1.7382973580151173,5.278934578279415,-3.2320956596167676,0.0755466548711272,0.3689985150771873,-0.008624931438384498,0.0080517194481626,0.9744045772537236,0.0175437032981137,0.0017338031545389,0.9894760507446422,0.0087901461006653,2.0000000000000018,0.049999999999998934,0.49312117741990846,0.0,0.0,0.0,0.0,0.0,0.0,0.0,0,-0.0
2025-09-15,-1.1521964692112974,-0.7125430454610893,-1.8647395146723866,-3.015651882225364,0.2164437773914036,0.34428778839510776,-0.02471072668207952,0.011808119957619,0.9699665693342144,0.0182253107081662,0.002208001562975,0.989277453135084,0.0085145453018071,1.000000000000023,0.9299999999999997,1.0104285524818124,0.0,0.0,0.0,0.0,0.0,0.0,0.0,0,-0.0
2025-09-16,0.5189137335677163,-1.270682096329745,-0.7517683627620286,-2.9467742980440113,0.0688775841813527,0.3364242444404598,-0.007863543954647945,0.0052544865148543,0.987513306793714,0.0072322066914314,0.001276434591042,0.9946441450453952,0.004079420363443,0.0,0.6699999999999999,1.9137106779131052,13.0,21.330614131782042,0.0,0.09333333333333327,-0.04938675921053422,-4.889999999999929,21.330614131782042,1,-1.9908573189663226
2025-09-17,-0.0934968763589783,2.450068662896454,2.356571786537476,-2.8794698800595326,0.0673044179844786,0.32874030407795485,-0.007683940362504971,0.0141210462967987,0.9590586758648544,0.0268202778383469,0.0029523238535267,0.981158143297023,0.0158895328493354,0.9999999999999787,-0.6399999999999988,-0.7424628074278239,0.0,0.0,0.0,0.0,0.0,0.0,0.0,0,-0.0
2025-09-18,5.090045547422983,0.044621920054632724,5.134667467477616,-2.8137026971063355,0.0657671829531971,0.32123186515587876,-0.007508438922076088,0.0118411977895503,0.9433718627844196,0.04478693942603,0.0023660604264121,0.9760338740105126,0.0216000655629409,0.0,-0.02000000000000135,-0.7793056896608697,19.0,19.0,-12.833333333333332,0.0,0.0,0.0,0.0,0,-0.0
2025-09-19,2.756620240702601,-0.08361922674731126,2.6730010139552896,-2.7494376386877795,0.064265058418556,0.3138949192157925,-0.00733694594008627,0.0054950567115682,0.9829407467485468,0.0115641965398849,0.0017820861651633,0.992129770385518,0.0060881434493134,1.000000000000023,-0.25,-1.402370733306224,0.0,0.0,0.0,0.0,0.0,0.0,0.0,0,-0.0
2025-09-22,0.1485257924590755,0.6261614816606809,0.7746872741197564,-2.5653160250687543,0.1841216136190251,0.29287431550411536,-0.021020603711677133,0.0277610412785007,0.95027214691016,0.0219668118113391,0.0056264222185194,0.9838281787226546,0.010545399059026,-2.0000000000000018,0.6500000000000021,-0.04761526952909989,0.0,0.0,0.0,0.0,0.0,0.0,0.0,0,-0.0
2025-09-23,-2.7570810051185113,-0.3518704783085802,-3.1089514834270915,-2.5067241260800497,0.0585918989887046,0.2861850568932027,-0.0066892586109126295,0.0095075999784821,0.9818504798428898,0.0086419201786279,0.0025323880227642,0.9926396726436852,0.0048279393335364,0.0,0.5399999999999991,1.2150050848122262,69.0,16.358793525501994,13.0,-0.09666666666666712,0.004461075995970468,-0.40833333333330685,16.358793525501994,1,1.5813500407985335
2025-09-24,1.0631532896749896,2.3501747218715785,3.413328011546568,-2.449470467913744,0.0572536581663056,21.523362895243523,21.23717783835032,0.0106591836687084,0.9701128836493228,0.0192279326819688,0.0041700600667025,0.9809633615615052,0.0148665783716717,0.9999999999999787,-0.46000000000000085,2.5396223981193344,98.0,45.51622163377049,7.5,-0.020000000000000018,0.012335933352650902,1.1183333333333474,38.87787063791461,1,0.7775574127582929
2025-09-25,-3.058137912225467,4.557297402942151,1.4991594907166395,-2.3935244851072115,0.0559459828065325,21.03176860731498,-0.49159428792854243,0.0394568152243095,0.8785646371114544,0.0819785476642361,0.0092914518108129,0.9472190215526242,0.0434895266364935,0.0,0.5599999999999987,0.16805442806324677,44.0,32.78819576704501,0.0,-0.19666666666666677,0.0238192102519324,8.373333333333344,32.78819576704501,1,6.4483451675188554
2025-09-26,3.3127141705683982,-0.8105389824770715,2.502175188091371,-2.3388563103139575,0.054668174793254,20.55140234844027,-0.4803662588747102,0.0157459362823902,0.9636506322064752,0.0206034315111344,0.0051565570272849,0.982390180664696,0.0124532623079224,0.0,-1.4499999999999993,1.49991449180229,0.0,0.0,0.0,0.0,0.0,0.0,0.0,0,-0.0
2025-09-29,-4.572721875879759,0.16592415300560326,-4.406797722874156,-2.1822300999869713,0.1566262103269862,19.175136413441795,-1.3762659349984752,0.0136377847836715,0.962971544505142,0.0233906707111865,0.0075880229055284,0.9713002260597452,0.0211117510346327,-2.9999999999999805,0.8300000000000018,-3.4108988278613417,0.0,0.0,0.0,0.0,0.0,0.0,0.0,0,-0.0
2025-09-30,2.87272941034864,-1.5667300068098022,1.3059994035388378,-2.1323878956195306,0.0498422043674406,18.73717569248115,-0.4379607209606462,0.0761736905547286,0.8258959617508365,0.0979303476944348,0.0170180071120285,0.9222893955384776,0.0606925973496116,0.9999999999999787,0.16000000000000014,-1.7263454472585593,0.0,0.0,0.0,0.0,0.0,0.0,0.0,0,-0.0
2025-10-01,0.4500058972829457,-3.8274427044955317,-3.377436807212586,-2.0836840887731487,0.0487038068463818,18.3092180082118,-0.427957684269348,0.0314399345982638,0.9108857651979833,0.0576743002037529,0.006043376009157,0.96588681879059,0.0280698052002071,-0.9999999999999787,0.00999999999999801,-0.9223983973999594,0.0,0.0,0.0,0.0,0.0,0.0,0.0,0,-0.0
2025-10-02,-2.8027947918362273,0.4940800610857998,-2.3087147307504274,-2.03609267841251,0.047591410360638,17.89103489095997,-0.4181831172518322,0.0105726741104784,0.9779930969225084,0.0114342289670132,0.0019376542236471,0.992534752244441,0.0055275935321122,-1.000000000000023,0.33999999999999986,-2.115199550427427,0.0,0.0,0.0,0.0,0.0,0.0,0.0,0,-0.0
2025-10-03,1.4462432352929877,2.1476901080311084,3.593933343324096,-1.989588257366768,0.0465044210457428,17.482403089306437,-0.40863180165353086,0.0060952402257004,0.9811354521460652,0.0127693076282342,0.0011216582768611,0.9926055160313216,0.0062728256916529,-0.9999999999999787,0.019999999999999574,0.6019704178017449,0.0,0.0,0.0,0.0,0.0,0.0,0.0,0,-0.0
2025-10-06,4.582706885954035,0.17031752478899875,4.753024410743034,-1.856351483697419,0.1332367736693487,16.31165885366791,-1.1707442356385265,0.0053564955366352,0.9782707846692932,0.0163727197940715,0.0010401616804198,0.9914269024461498,0.0075329358734603,0.9999999999999787,-0.2799999999999976,1.3533314330637758,0.0,0.0,0.0,0.0,0.0,0.0,0.0,0,-0.0
2025-10-07,-2.5392725182146414,-1.5809929528574962,-4.120265471072138,-1.8139523572126357,0.0423991264847833,15.939100050560322,-0.37255880310758904,0.0071644894936218,0.9857075716376802,0.007127938868698,0.0013335560398201,0.9952889650171484,0.003377478942969,1.000000000000023,0.8699999999999974,0.047996161228525125,58.0,20.180747873508373,0.0,0.10666666666666691,-0.026997845130566855,-6.696666666666662,20.180747873508373,1,-2.1526131065075647
2025-10-08,-1.3211719447694392,1.6159384512414832,0.29476650647204394,-1.772521628115125,0.0414307290975106,15.575050502275813,-0.364049548284509,0.0060492882216574,0.983043324841473,0.0109073869368694,0.0011326856803108,0.9937295491525868,0.0051377651668804,0.0,-0.9399999999999977,1.3504057782149914,39.0,39.0,6.833333333333332,-0.08666666666666645,0.005068461898980012,-3.210000000000039,39.0,1,3.3799999999999915
2025-10-09,0.4165523796121562,0.6582493379300836,1.0748017175422397,-1.7320371781779942,0.0404844499371308,15.21931585716562,-0.3557346451101928,0.00461577203201,0.9873171906386784,0.0080670373293115,0.0011345772590428,0.9940075549298932,0.0048578678111179,-1.000000000000023,0.129999999999999,-1.6066519145850222,22.0,45.132168885017144,0.0,0.013333333333333197,-0.025738853909203455,-0.6266666666667007,45.132168885017144,1,-0.6017622518002225
2025-10-10,-6.945373992919235,-2.360017785685331,-9.305391778604566,-1.692477394355349,0.0395597838226451,14.871706202578775,-0.34760965458684545,0.0159454005928752,0.9423055861588332,0.0417490132482913,0.0030131889247651,0.976220466730935,0.020766344344509,-4.0000000000000036,5.23,-4.275485337795537,0.0,0.0,0.0,0.0,0.0,0.0,0.0,0,-0.0
2025-10-14,0.5740770776600623,-3.2811988565273342,-2.707121778867272,-1.543069701810185,0.0360675445536069,13.55886898812179,-0.31692353932677797,0.0070447346205176,0.9757685289358002,0.0171867364436821,0.0014591398276573,0.9901710090173488,0.0083698511550021,0.0,-0.8500000000000014,-0.38568002867833684,0.0,0.0,0.0,0.0,0.0,0.0,0.0,0,-0.0
2025-10-15,1.6946980602715822,0.6727592514377267,2.367457311709309,-1.507825941112682,0.0352437606975033,13.249183992437164,-0.30968499568462526,0.009009403100277,0.9783324540244462,0.0126581428752766,0.0018577668240952,0.991382037678668,0.0067601954971033,-0.9999999999999787,-0.16999999999999815,-0.7419932861657763,0.0,0.0,0.0,0.0,0.0,0.0,0.0,0,-0.0
2025-10-16,-3.406168904014528,-3.5044126398569464,-6.910581543871519,-1.4733871490220056,0.0344387920906763,12.946572211829416,-0.30261178060774796,0.0104224176691618,0.963465234563046,0.026112347767792,0.0019460901951099,0.9853589998923276,0.012694909912787,-1.000000000000023,4.669999999999998,-1.346190560572058,0.0,0.0,0.0,0.0,0.0,0.0,0.0,0,-0.0
2025-10-17,1.0412361408896675,2.361226373497871,3.402462514387583,-1.4397349400297663,0.033652208992239,12.650872093842917,-0.29570011798649887,0.0063211665598174,0.9789354576700244,0.0147433757701582,0.0012353554497537,0.9919331881201182,0.0068314564299353,-0.9999999999999787,-4.529999999999998,0.017154129898777626,0.0,0.0,0.0,0.0,0.0,0.0,0.0,0,-0.0
2025-10-20,-1.88499106391804,-0.00406633670353429,-1.8890574006215743,-1.3433201981160392,0.0964147419137273,11.803681035267774,-0.8471910585751434,0.0076314727862596,0.9842513667258213,0.0081171604879191,0.0014116393209009,0.99482831795446,0.003760042724721,-1.000000000000023,-2.5500000000000007,0.06858710831290082,0.0,0.0,0.0,0.0,0.0,0.0,0.0,0,-0.0
2025-10-21,-2.9666475162458905,0.04270651989446428,-2.9239409963514262,-1.312638722388154,0.0306814757278852,11.534084587830163,-0.26959644743761046,0.0057379279281761,0.9862698974594144,0.0079921746124094,0.0010987618251112,0.9950945915360462,0.003806646638958,2.0000000000000018,-0.35999999999999943,0.5470099109730064,0.0,0.0,0.0,0.0,0.0,0.0,0.0,0,-0.0
2025-10-22,-0.7623660868059545,0.5358566946611631,-0.22650939214479138,-1.2826580125343772,0.0299807098537767,11.270645731762045,-0.26343885606811845,0.0069219906076079,0.9816940936376616,0.0113839157547305,0.0012682394463385,0.9932647931162368,0.0054669674376496,1.000000000000023,0.7300000000000004,1.0851242454374521,13.0,21.330614131782042,0.0,0.08999999999999986,-0.023835021950085855,-1.1866666666666834,21.330614131782042,1,-1.9197552718603808
2025-10-23,2.5999450602045115,1.6799036759693742,4.279848736173886,-1.2533620630400248,0.0292959494943523,11.01322382748217,-0.2574219042798749,0.005294453116694,0.981820192827582,0.012885354055724,0.001028298449205,0.992925461620918,0.0060462399298646,0.9999999999999787,-1.3000000000000007,5.159678964355141,26.0,14.440351951225425,-44.0,0.0,0.0,0.0,0.0,0,-0.0
2025-10-24,1.8625016947699802,-1.2111307058630505,0.6513709889069297,-1.224735233956872,0.0286268290831528,10.761681447621761,-0.2515423798604086,0.0069067589693616,0.9835963402031956,0.0094969008274426,0.0013379437169286,0.9940671843584948,0.0045948719247853,-0.9999999999999787,-0.9299999999999997,-0.272632676287099,0.0,0.0,0.0,0.0,0.0,0.0,0.0,0,-0.0
2025-10-27,-2.808809072911167,1.836876250678543,-0.971932822232624,-1.1427183791793118,0.0820168547775601,10.041003835040692,-0.7206776125810688,0.0070441386894734,0.9803455093971072,0.0126103519134194,0.001387171228728,0.9922519211751571,0.0063609075961982,-1.000000000000023,-0.5800000000000018,-0.22508048087575006,139.0,55.236664163416606,13.833333333333336,0.013333333333333197,-0.003426779719892796,1.7824999999999904,55.236664163416606,1,-0.7364888555122139
2025-10-28,-1.5140454132830217,0.03375987852769491,-1.4802855347553212,-1.1166186553280892,0.0260997238512226,9.811666990496507,-0.22933684454418568,0.0053046409802864,0.9874319711781238,0.0072633878415897,0.001515076201579,0.9894339987924204,0.0090509250059241,0.0,0.6300000000000026,-1.8847024155878245,44.0,32.78819576704501,0.0,-0.11500000000000021,0.035923294297464534,2.6583333333333403,32.78819576704501,1,3.7706425132101833
2025-10-29,1.7318966621718668,5.966005132886876,7.697901795058737,0.7463686398451193,1.8629872951732085,9.5875682067209,-0.22409878377560766,0.0235734408545363,0.7946577477278953,0.1817688114175683,0.0047140571225928,0.8947020360106395,0.1005839068667872,2.0000000000000018,0.5,0.47451614849043366,30.0,7.112518924131301,-32.5,0.0,0.0,0.0,0.0,0,-0.0
2025-10-30,3.968374392232432,-0.5531371954301534,3.415237196802323,-0.2959097354671414,-1.0422783753122606,48.276006574684345,38.68843836796344,0.01038137442331,0.9475442935932228,0.0420743319834672,0.0018795384472945,0.9776702350805268,0.0204502264719613,-0.9999999999999787,-0.010000000000001563,0.16310556543714938,0.0,0.0,0.0,0.0,0.0,0.0,0.0,0,-0.0
2025-10-31,1.7791066142395895,-1.599059894034749,0.18004672020479617,-2.0136521524566016,-1.7177424169894602,47.17338106065001,-1.1026255140343366,0.0055421443183076,0.9795390793665864,0.014918776315106,0.0009892709091923,0.9919861310514152,0.0070245980392045,0.9999999999999787,0.5300000000000011,0.6335818449086261,0.0,0.0,0.0,0.0,0.0,0.0,0.0,0,-0.0
2025-11-03,1.6429680386465861,-0.37350045317516845,1.2694675854714177,-1.878803891721114,0.1348482607354875,66.26910089439195,19.095719833741946,0.0044509027416969,0.9848275237174968,0.010721573540806,0.0008300873988508,0.9941905160752283,0.0049793965259422,1.000000000000023,-0.2699999999999996,0.06475635648017786,0.0,0.0,0.0,0.0,0.0,0.0,0.0,0,-0.0
2025-11-04,-1.1483414439485529,-1.2853089277271579,-2.4336503716757107,-1.835891951528342,0.042911940192772,64.7555125381299,-1.5135883562620478,0.0045882444480129,0.9889478989901964,0.0064638565617905,0.0010606100501122,0.9948452237503608,0.0040941661994588,-2.0000000000000018,1.8299999999999983,-0.6657489881297884,0.0,0.0,0.0,0.0,0.0,0.0,0.0,0,-0.0
2025-11-05,4.907124279945707,2.081766722577205,6.988891002522912,-1.7939601214041212,0.0419318301242208,63.27649458770244,-1.479017950427469,0.0127881324143992,0.9396118821106478,0.0475999854749528,0.002560230947278,0.9728567743989304,0.0245829946537373,0.9999999999999787,-0.9899999999999984,-1.6094944250821364,0.0,0.0,0.0,0.0,0.0,0.0,0.0,0,-0.0
2025-11-06,-2.4760926275971595,-3.937065007958873,-6.413157635556033,-1.7529860156035468,0.0409741058005743,61.83125745394905,-1.4452371337533876,0.0100006183171779,0.9655346795497802,0.0244647021330418,0.0018658343398157,0.986500779444911,0.0116333862151167,-2.0000000000000018,1.4899999999999984,-0.26525214491313065,0.0,0.0,0.0,0.0,0.0,0.0,0.0,0,-0.0
2025-11-07,1.6097273193511619,-1.5349972264989908,0.07473009285217103,-1.7129477596728364,0.0400382559307104,60.419029581950596,-1.4122278719984536,0.005928641646985,0.9831273587847288,0.0109439995682861,0.0012121132164817,0.993457955036418,0.0053299317469608,0.0,-0.4200000000000017,0.4967720101935136,0.0,0.0,0.0,0.0,0.0,0.0,0.0,0,-0.0
2025-11-10,-0.3107307770288781,2.3289209465348737,2.0181901695059956,-1.5982367725538191,0.1147109871190172,56.37294791659822,-4.046081665352375,0.0084928695205791,0.9776818835800544,0.0138252468993664,0.0017090289993328,0.9915614320648628,0.0067295389357289,1.000000000000023,-1.4799999999999969,0.6585469963989787,58.0,20.180747873508373,0.0,0.2650000000000001,-0.03629254535832027,0.9700000000000188,20.180747873508373,1,-5.347898186479721
2025-11-12,-3.7689854742183115,-0.8641757617405155,-4.633161235958827,-1.5260629633338958,0.0356700308852451,53.82723600584302,-1.2581520008854952,0.008226594083446,0.9787406101639106,0.0130327957526434,0.0017133576301923,0.9916270387268054,0.0066596036428126,-2.0000000000000018,-0.08999999999999986,-2.7280467553882914,42.0,42.0,7.166666666666664,-0.10499999999999998,0.00649156926747449,-3.2133333333333205,42.0,1,4.409999999999999
2025-11-13,2.625150685768629,1.333452522439993,3.958603208208622,-1.4912076370800225,0.0348553262538733,52.59782023637227,-1.229415769470748,0.0102401734547251,0.9702167723479204,0.0195430541973546,0.0019671509668114,0.9882963513444653,0.0097364976886027,0.9999999999999787,2.4899999999999984,0.4039049583950849,25.0,51.28655555115584,2.666666666666668,-0.06833333333333336,0.018063726410182862,4.813333333333308,51.28655555115584,1,3.5045812959956506
2025-11-14,3.0920713628246776,0.3928438212837282,3.484915184108406,-1.4571484075780206,0.0340592295020019,51.39648436188368,-1.201335874488592,0.0078920639246073,0.9740665910998086,0.018041344975584,0.0014500093660688,0.9902188316782776,0.0083311589558732,0.0,-0.1700000000000017,2.209208691820219,0.0,0.0,0.0,0.0,0.0,0.0,0.0,0,-0.0
2025-11-17,-2.0669964700656074,-0.02821302651634383,-2.095209496581951,-1.3595675378356162,0.0975808697424043,64.50123111392692,13.10474675204324,0.0054822661834108,0.987641069898864,0.0068766639177251,0.0010518338978169,0.9953625868078316,0.003585579294422,0.0,2.5500000000000007,-0.34559402453977484,0.0,0.0,0.0,0.0,0.0,0.0,0.0,0,-0.0
2025-11-18,2.7996436988563467,-3.1451498416909196,-0.3455061428345729,-1.3285149723556755,0.0310525654799407,63.028020959254825,-1.4732101546720955,0.006662421149712,0.9703917999892346,0.0229457788610532,0.0012969982995096,0.9876282226622246,0.0110747790383491,-0.9999999999999787,2.3100000000000023,1.391526095984208,0.0,0.0,0.0,0.0,0.0,0.0,0.0,0,-0.0
2025-11-19,0.09237103417474302,0.8895239010623612,0.9818949352371042,-1.2981716484514951,0.0303433239041803,61.58845897101844,-1.4395619882363846,0.0075198193806466,0.9788942228893248,0.0135859577300286,0.0014104753297502,0.9921799280670536,0.0064095966033979,0.0,-1.0300000000000011,-2.0365295725324195,16.0,26.25306354680867,0.0,-0.2466666666666666,-0.006212464384227623,-2.9966666666666857,26.25306354680867,1,6.475755674879469
2025-11-20,-0.8157826656282285,-1.8067428364193727,-2.6225255020476013,-1.2685213670230964,0.0296502814283987,60.181776624034235,-1.406682346984205,0.0056175084282948,0.984965052201389,0.0094174393703163,0.0011871647945864,0.9939182747748504,0.0048945604305915,-2.9999999999999805,2.7600000000000016,-0.33239186328826165,19.0,18.23730065540803,2.5,0.0,0.0,0.0,0.0,0,-0.0
2025-11-21,0.3236065192333548,-4.081251363230809,-3.757644843997454,-1.2395482989584554,0.0289730680646409,58.80722294625813,-1.374553677776106,0.0097792004845401,0.968302863150658,0.0219179363648019,0.0019366934194407,0.9872725662308132,0.0107907403495327,0.0,-2.990000000000002,-2.0348806056743385,0.0,0.0,0.0,0.0,0.0,0.0,0.0,0,-0.0
2025-11-24,-3.130352859389429,0.7102340930660311,-2.420118766323398,-1.1565394575315684,0.083008841426887,54.869079149519216,-3.9381437967389132,0.0089952084878836,0.9748965411417658,0.0161082503703505,0.0016530689666956,0.9908113932047776,0.0075355378283724,-1.000000000000023,-2.91,0.4238372030950899,69.0,16.358793525501994,13.0,0.08666666666666689,-0.0016971324780012537,0.4249999999999865,16.358793525501994,1,-1.41776210554351
2025-11-25,-0.8305048743674881,-2.0970350391453785,-2.9275399135128666,-1.1301240598145077,0.0264153977170609,53.61586764976034,-1.2532114997588764,0.0051796697154183,0.9859156553906088,0.0089046748939727,0.0010862789818469,0.9945692490847212,0.0043444719335716,-0.9999999999999787,-1.9600000000000009,-1.4656022390467704,98.0,45.51622163377049,7.333333333333336,0.05333333333333323,0.003262972676765452,-6.6199999999999966,38.87787063791461,1,-2.073486434022109
2025-11-26,-2.796448380148453,1.6866506907067258,-1.1097976894417272,-1.104311990615126,0.0258120691993815,52.39127954021451,-1.2245881095458273,0.0096490675790734,0.9762573871156623,0.0140935453052641,0.0018421086742898,0.991382427133131,0.0067754641926133,0.9999999999999787,-1.3699999999999974,0.9567816026054388,44.0,32.78819576704501,0.0,-0.10000000000000009,0.031977640971288204,3.6450000000000093,32.78819576704501,1,3.278819576704504
2025-11-28,2.2198218732977892,0.7258477039719047,2.945669577269694,-1.0544430323364518,0.024646437554584,50.025373387097424,-1.169287674648345,0.0051417330309313,0.9853627736360876,0.0094954933329809,0.0013768098643732,0.992692728762484,0.0059304613732192,0.0,-0.8399999999999999,-0.3918567072277668,0.0,0.0,0.0,0.0,0.0,0.0,0.0,0,-0.0
2025-12-01,6.035373347711426,1.310317788014137,7.345691135725563,-0.9838301368660218,0.0706128954704299,46.6753237841093,-3.350049602988122,0.0078765200955175,0.9492662283357431,0.0428572515687392,0.0037862680238622,0.9726838297648026,0.0235299022111854,1.000000000000023,0.889999999999997,1.5078642318915314,0.0,0.0,0.0,0.0,0.0,0.0,0.0,0,-0.0
2025-12-02,1.4165664837449743,-1.51492777174691,-0.09836128800193578,-0.9613594254846618,0.02247071138136,45.60925791553846,-1.0660658685708455,0.0117931990969771,0.9663293324697584,0.0218774684332643,0.0121576981649289,0.9745224050197732,0.0133198968151362,0.0,-0.6499999999999986,-1.1160075246637646,0.0,0.0,0.0,0.0,0.0,0.0,0.0,0,-0.0
2025-12-03,-1.171839718493839,-1.8635458271548444,-3.0353855456486833,-0.9394019458605568,0.0219574796241048,44.56754102505693,-1.0417168904815242,0.0059043079581966,0.9836078220838506,0.0104878699579528,0.0347935481767195,0.9510511231858468,0.0141553286372679,0.0,-0.5100000000000016,0.4749796885718638,0.0,0.0,0.0,0.0,0.0,0.0,0.0,0,-0.0
2025-12-04,2.1238581893459507,2.896648434788096,5.020506624134047,-0.9179459757641713,0.0214559700963856,43.549616981236596,-1.0179240438203365,0.0068068092393643,0.9745735841630768,0.0186196065975588,0.1897971080562438,0.7546290612392306,0.0555738307044193,1.9999999999999574,-0.29999999999999893,1.2278347844218551,0.0,0.0,0.0,0.0,0.0,0.0,0.0,0,-0.0
2025-12-05,0.5913184695293339,1.294261274821018,1.885579744350352,-0.8969800607020606,0.0209659150621106,42.55494235470866,-0.9946746265279387,0.9132978929523828,0.0181636845591891,0.0685384224884279,0.956927697776262,0.0121778708511719,0.030894431372507,0.0,-0.3699999999999992,0.6830513853827824,0.0,0.0,0.0,0.0,0.0,0.0,0.0,0,-0.0
2025-12-08,2.2117114577657304,1.3500306456442956,3.561742103410026,-0.8369119893857109,0.0600680713163497,39.705165169890215,-2.8497771848184428,0.4192191258340343,0.5624941976259223,0.0182866765400433,0.8754316158251088,0.118310297305174,0.0062580868696309,0.0,1.25,-1.9955386763412797,58.0,20.180747873508373,0.0,0.006666666666666821,-0.027024096817412996,1.8616666666666433,20.180747873508373,1,-0.1345383191567256
2025-12-09,-2.8918334039128357,3.0503790927794316,0.15854568886659592,-0.8177968931303834,0.0191150962553274,38.79829794408644,-0.9068672258037722,0.1997838877106449,0.7859562844185155,0.0142598278708395,0.9003351465399496,0.0933513820837108,0.006313471376562,0.0,0.2699999999999996,-1.0899290458035615,39.0,39.0,0.0,0.043333333333333446,0.00015898305830444603,1.0216666666666097,39.0,1,-1.6900000000000044
2025-12-10,2.6453802718204855,-3.6394251468501615,-0.994044875029676,-0.7991183862769097,0.0186785068534737,37.91214359434598,-0.8861543497404654,0.9999910729556268,9.84221297089965e-16,8.927044372256062e-06,0.9999991099138564,2.610298317910285e-17,8.900861337894805e-07,-0.9999999999999787,-1.1600000000000001,0.46126331035871715,0.0,0.0,0.0,0.0,0.0,0.0,0.0,0,-0.0
2025-12-11,0.9876585802541804,-2.481305039167303,-1.4936464589131226,-3.255443298592505,-2.4563249123155955,37.04622903792571,-0.8659145564202646,0.9999985880572132,5.1403022353371175e-08,1.3605397642820234e-06,0.999997639934065,8.434694013425725e-08,2.2757189506145186e-06,0.0,-0.9199999999999999,-1.5632028353198102,22.0,45.132168885017144,0.0,0.004999999999999893,0.0003329673634344943,-4.703333333333369,45.132168885017144,1,-0.22566084442508091
2025-12-12,7.1926400806674895,-1.19161318123564,6.001026899431849,-3.181088870892129,0.074354427700376,36.20009199730734,-0.8461370406183732,0.8118903730518772,0.1866920032472505,0.0014176237008722,0.7685338561410308,0.229990181369779,0.0014759624893814,0.9999999999999787,0.8900000000000006,-0.2600330840278886,0.0,0.0,0.0,0.0,0.0,0.0,0.0,0,-0.0
2025-12-15,-0.02244537695159643,-1.1736975349792456,-1.196142911930842,-2.9680608655529293,0.2130280053391997,33.77588013015531,-2.4242118671520316,0.875873770735722,0.1169570413540544,0.0071691879102234,0.628891380956895,0.359889427196982,0.0112191918463006,-0.9999999999999787,0.7599999999999998,-1.1171350251987455,0.0,0.0,0.0,0.0,0.0,0.0,0.0,0,-0.0
2025-12-16,-2.0141915219763273,-1.3594571447091308,-3.373648666685458,-2.9002702616946214,0.0677906038583078,33.00443796182143,-0.771442168333877,0.5684846375845088,0.425199296417071,0.0063160659984201,0.2244407101577706,0.7702316233718427,0.0053276664704904,-2.0000000000000018,-0.019999999999999574,-2.7223458610656337,0.0,0.0,0.0,0.0,0.0,0.0,0.0,0,-0.0
2025-12-17,0.7690078141699086,0.04669429226535904,0.8157021064352676,-2.834027997368298,0.0662422643263234,32.25061555696346,-0.7538224048579707,0.2009560300291741,0.7924429373246866,0.0066010326461393,0.0701994668758931,0.9261914406416096,0.003609092482529,1.000000000000023,1.1400000000000006,1.1299555253933669,13.0,21.330614131782042,0.0,0.0216666666666665,0.012894531794996514,0.08166666666662259,21.330614131782042,1,-0.46216330618860735
2025-12-18,-2.25663264592626,-1.5880791170295616,-3.8447117629558214,-2.7692987084501755,0.0647292889181225,31.514010479627416,-0.7366050773360442,0.0593864539898621,0.934279568784007,0.0063339772261308,0.0384751785464091,0.9580414927028776,0.003483328750678,0.0,-0.75,0.26716553428043355,24.0,13.329555647285007,3.0,0.0,0.0,0.0,0.0,0,-0.0
2025-12-19,1.9081712235038406,1.0467269616249997,2.9548981851288403,-2.7060478385341717,0.0632508699160037,30.79422948550922,-0.7197809941181958,0.0186462015231163,0.9697261097864064,0.0116276886904774,0.0419058939339049,0.9498046553488184,0.0082894507171866,0.0,-1.9600000000000009,1.026376024872011,0.0,0.0,0.0,0.0,0.0,0.0,0.0,0,-0.0
2025-12-22,-0.5760155212180873,1.529260625261264,0.9532451040431766,-2.5248319100292496,0.1812159285049221,28.732032058935634,-2.0621974265735865,0.0106367594836099,0.979369160575378,0.009994079941012,0.0956282349192133,0.890047028616334,0.014324736464366,-1.000000000000023,-0.8300000000000001,2.4005327339949645,69.0,16.358793525501994,13.0,-0.07166666666666677,0.011619797253315065,2.5200000000000187,16.358793525501994,1,1.172380202660978
2025-12-23,-4.269217331268571,3.3890276037952916,-0.8801897274732795,-2.4671646695059586,0.0576672405232909,28.075791539761283,-0.6562405191743501,0.0900494478531031,0.8687573422731751,0.0411932098737217,0.3328444854204131,0.6326321793623454,0.0345233352173248,1.000000000000023,-0.08000000000000007,0.6339436976670498,98.0,45.51622163377049,7.333333333333336,-0.009999999999999787,-0.018731895710998453,2.7299999999999804,38.87787063791461,1,0.3887787063791378
2025-12-24,-3.261390424087063,0.7581122668319562,-2.5032781572551066,-2.4108145505765295,0.056350118929429,27.434539574759608,-0.6412519650016755,0.0237485105879769,0.9639416923583952,0.0123097970536276,0.4215856260674688,0.5469981889735368,0.031416184958844,0.0,-0.5299999999999994,0.28992942625345464,44.0,32.78819576704501,0.0,-0.011666666666667158,-0.013432435518400052,1.158333333333365,32.78819576704501,1,0.38252895061554126
2025-12-26,5.035945873267611,-4.403246796992111,0.6326990762755003,-2.3019460322030634,0.0538054379391192,26.195639770107256,-0.6122940547729101,0.6935644481541269,0.0272475047224901,0.2791880471233831,0.893922007855333,0.0086553803896687,0.0974226117549611,-1.000000000000023,0.129999999999999,-3.6771399097123236,0.0,0.0,0.0,0.0,0.0,0.0,0.0,0,-0.0
2025-12-29,-0.8566031346012526,-1.0326306300664445,-1.889233764667697,-2.147791592782709,0.1541544394203544,24.441396139923743,-1.7542436301835131,0.4810576211102163,0.4386781863565878,0.0802641925331958,0.9002032515134419,0.0684733148527354,0.0313234336336744,-0.9999999999999787,0.5999999999999996,2.253567288177649,0.0,0.0,0.0,0.0,0.0,0.0,0.0,0,-0.0
2025-12-30,1.5141248338097046,0.0686224493230636,1.5827472831327682,-2.09873596500689,0.0490556277758189,23.88315388057678,-0.5582422593469616,0.8691909655280056,0.091075837960148,0.0397331965118463,0.929774537630118,0.0479961611333138,0.0222293012365362,2.0000000000000018,0.13000000000000078,-0.17289077612270276,0.0,0.0,0.0,0.0,0.0,0.0,0.0,0,-0.0
2025-12-31,1.745582373316834,2.7983862167836993,4.543968590100533,-2.0508007693179495,0.0479351956889404,23.33766189205465,-0.5454919885221301,0.907485001376934,0.0779098639774929,0.0146051346455731,0.8734514044173238,0.1131483728559554,0.0134002227268117,0.9999999999999787,0.6199999999999992,-0.9213450659717459,0.0,0.0,0.0,0.0,0.0,0.0,0.0,0,-0.0
2026-01-02,4.225388675902986,-1.7272991790772796,2.498089496825706,-1.9581898958762671,0.0457705191353874,22.283770512528466,-0.5208584452407656,0.8665028169165098,0.1282590718116646,0.0052381112718256,0.6819439323507454,0.311948824749373,0.0061072428999715,0.0,-0.4399999999999995,-0.08735913895314695,0.0,0.0,0.0,0.0,0.0,0.0,0.0,0,-0.0
2026-01-05,-1.4153455857850883,-1.320145308468268,-2.7354908942533562,-1.827055776546583,0.1311341193296844,20.791493064024134,-1.492277448504332,0.3239267941672979,0.6723493838217829,0.0037238220109191,0.3660459519941293,0.6318638920688578,0.0020901559368227,0.9999999999999787,0.39000000000000057,1.543695557742808,0.0,0.0,0.0,0.0,0.0,0.0,0.0,0,-0.0
2026-01-06,0.7773360910034555,0.31211936611494906,1.0894554571184045,-1.7853257649378658,0.0417300116087169,20.316614706142666,-0.4748783578814688,0.0611277660177332,0.9323660360397388,0.0065061979425279,0.3394086280340629,0.6542757714044887,0.0063156005615797,1.000000000000023,-0.15000000000000036,-1.9640850365561846,0.0,0.0,0.0,0.0,0.0,0.0,0.0,0,-0.0
2026-01-07,-5.2353922842314216,0.8127638237959811,-4.4226284604354404,-1.7445488681115306,0.0407768968263351,19.852582584945107,-0.4640321211975582,0.0258523384029316,0.9629585724469044,0.0111890891501639,0.4723592306001147,0.5046260935223943,0.0230146758775561,0.0,0.6300000000000008,-1.6994567270563365,0.0,0.0,0.0,0.0,0.0,0.0,0.0,0,-0.0
2026-01-08,2.1797188098090725,2.4017720776124296,4.581490887421502,-1.704703316895863,0.0398455512156676,19.39914897204322,-0.4534336129018861,0.5798305844947893,0.2689831867611915,0.1511862287440192,0.9560342759626674,0.0132480539224247,0.0307176701148914,0.0,0.06999999999999851,3.0419928013048825,0.0,0.0,0.0,0.0,0.0,0.0,0.0,0,-0.0
2026-01-09,-5.444217143018992,3.1790398111741336,-2.2651773318448143,-1.6657678393277158,0.0389354775681471,18.95607179717299,-0.4430771748702327,0.995491319795886,0.0001647139417244,0.0043439662623895,0.9920642896639242,0.0005106548388468,0.0074250554971646,0.9999999999999787,-0.9599999999999991,2.0909073646291354,0.0,0.0,0.0,0.0,0.0,0.0,0.0,0,-0.0
2026-01-12,1.4985666885137139,0.09487929684812713,1.5934459853617966,-1.554216350333743,0.1115514889939728,17.68664037670282,-1.2694314204701698,0.7890279314082291,0.2091336768890281,0.0018383917027428,0.5309156794373798,0.4669523774374325,0.0021319431250423,1.000000000000023,0.629999999999999,0.7266614146687722,97.0,59.18074787350838,6.833333333333332,0.01749999999999985,-0.0209737231802553,0.17583333333332352,59.18074787350837,1,-1.0356630877863875
2026-01-13,-0.18834329505668101,-0.6825993166900357,-0.8709426117467167,-1.5187179998321088,0.0354983505016341,17.28267695220678,-0.4039634244960375,0.4844584097981607,0.5087101662566841,0.0068314239451552,0.2684538614125821,0.7264980457959296,0.0050480927917091,0.9999999999999787,0.8600000000000012,2.428595740576789,22.0,45.132168885017144,0.0,0.07666666666666666,-0.018476449620687577,-5.938333333333258,45.132168885017144,1,-3.460132947851314
2026-01-14,-3.2317186791061214,-0.5290166231837201,-3.7607353022898415,-1.484030432776465,0.0346875670556436,16.887940065077654,-0.39473688712912747,0.4094488509822268,0.5838940833222254,0.0066570656955478,0.1695463484245058,0.8235097242463743,0.006943927328909,-0.9999999999999787,0.7699999999999996,1.6138584845630355,0.0,0.0,0.0,0.0,0.0,0.0,0.0,0,-0.0
2026-01-15,-1.8908470008545564,4.148397315216901,2.2575503143623443,-1.4501351308473107,0.0338953019291543,16.502218980910715,-0.3857210841669385,0.2950233369295746,0.6659981331173166,0.0389785299531087,0.0882905879225566,0.8790515076483835,0.0326579044289984,0.0,-0.9100000000000001,-4.481199444642847,0.0,0.0,0.0,0.0,0.0,0.0,0.0,0,-0.0
2026-01-16,4.231211499816023,1.7148210513415307,5.946032551157554,-1.4170139986841497,0.0331211321631612,16.12530777848173,-0.37691120242898535,0.0794024250190543,0.8999809246418362,0.0206166503391094,0.0327276270816688,0.9351076684177972,0.0321647045005801,4.0000000000000036,0.019999999999999574,0.45558165358610125,0.0,0.0,0.0,0.0,0.0,0.0,0.0,0,-0.0
2026-01-20,10.082122107767022,-2.040180426654592,8.04194168111243,-1.2919235292021425,0.0301972810396631,14.701805736564536,-0.34363841944402473,0.0984729816618518,0.6698961689639631,0.2316308493741851,0.0287334061267927,0.8307306754105209,0.1405359184624792,0.0,4.23,1.5037877364540542,0.0,0.0,0.0,0.0,0.0,0.0,0.0,0,-0.0
2026-01-21,-4.099973274800517,0.07370033569187306,-4.026272939108644,-1.2624159550146248,0.0295075741875174,14.366016029467819,-0.3357897070967173,0.0436647759000141,0.9303705243425304,0.0259646997574553,0.0145639130887819,0.962838040668724,0.0225980462424551,0.9999999999999787,-3.1900000000000013,0.13258205455528582,13.0,21.330614131782042,0.0,0.21333333333333337,-0.04110446422276994,-3.336666666666675,21.330614131782042,1,-4.550531014780169
2026-01-22,-3.7110741179616547,3.1241948208102777,-0.586879297151377,-1.2335823347529795,0.0288336202616452,14.037895769880643,-0.32812025958717506,0.0586409453591912,0.834457600006448,0.1069014546343608,0.0129981718552715,0.9300347685357768,0.0569670596090377,-2.9999999999999805,-1.259999999999998,-1.906093487909466,21.0,21.0,-13.833333333333336,0.0,0.0,0.0,0.0,0,-0.0
2026-01-23,-1.5954191004282858,0.1949797260234032,-1.4004393744048826,-1.2054072752882647,0.0281750594647147,13.717269787379804,-0.3206259825008395,0.0229659165343534,0.9546572510799752,0.0223768323856715,0.0048618134281584,0.9837161418542169,0.0114220447174684,0.9999999999999787,0.4499999999999993,2.434670866585442,0.0,0.0,0.0,0.0,0.0,0.0,0.0,0,-0.0
2026-01-26,-2.969494037307374,0.6751424190716726,-2.2943516182357016,-1.1246847560824416,0.0807225192058231,12.798665265436444,-0.9186045219433598,0.0136091812527388,0.970217991818782,0.0161728269284791,0.002838130719798,0.9879880207324236,0.0091738485479561,0.0,0.05999999999999872,-0.3961708714140144,69.0,16.358793525501994,6.5,0.3916666666666666,-0.027152363445890157,-26.821666666666648,38.322472485944395,1,-15.009635056994886
2026-01-27,3.4416519339853124,-1.2553583439050442,2.1862935900802682,-1.098996920751996,0.0256878353304454,12.506343346774358,-0.29232191866208623,0.0119837737841216,0.952366614554311,0.0356496116615672,0.0022872023002468,0.9806736903249708,0.01703910737496,2.0000000000000018,0.20000000000000284,2.579734895702579,70.0,38.87787063791461,7.333333333333336,-0.09166666666666679,0.013547477305300051,3.7649999999999664,38.87787063791461,1,3.5638048084755107
2026-01-28,2.2456478771776034,0.31796422674945646,2.56361210392706,1.0956315002437418,2.1946284209957376,12.220698069961871,-0.2856452768124864,0.0061430911501721,0.9828501984731932,0.0110067103766344,0.0014239370199043,0.993043394221964,0.0055326687581619,2.0000000000000018,0.0,1.1379239703555477,30.0,7.112518924131301,-32.5,0.0,0.0,0.0,0.0,0,-0.0
2026-01-29,1.4047207829302355,-3.515007562669892,-2.1102867797396563,-0.1889161625448205,-1.2845476627885624,11.941576940288394,-0.27912112967347724,0.0088093625861474,0.9778299253245046,0.0133607120893479,0.002637556304096,0.9889292614104372,0.008433182285261,-0.9999999999999787,0.5299999999999976,3.168395518293199,44.0,32.78819576704501,0.0,-0.06833333333333336,0.007786842731939331,-3.441666666666676,32.78819576704501,1,2.2405267107480764
2026-01-30,1.0802026058199576,-0.454821168553865,0.6253814372660926,-0.1846013114290166,0.0043148511158039,11.668830946027326,-0.2727459942610686,0.0243022616662567,0.927304474831497,0.0483932635022461,0.0053608882605107,0.9702267709459952,0.0244123407936367,0.9999999999999787,0.5600000000000023,-0.41773093930990157,0.0,0.0,0.0,0.0,0.0,0.0,0.0,0,-0.0
2026-02-02,3.0983465093580964,0.4056413302298889,3.5039878395879853,-0.1722391138442329,0.0123621975847836,36.625394281405995,24.956563335378668,0.0131447867168457,0.968817518532671,0.0180376947504833,0.0033536926093925,0.9879891727288724,0.0086571346618374,-0.9999999999999787,-1.1000000000000014,-4.600335326225213,0.0,0.0,0.0,0.0,0.0,0.0,0.0,0,-0.0
2026-02-03,-0.6924549194947005,0.26176548536707145,-0.43068943412762906,-0.1683051670471735,0.0039339467970593,35.788869119910494,-0.8365251614955014,0.0056004207312842,0.986667731852723,0.0077318474159926,0.0040913047179923,0.9909230969433952,0.0049855983386937,0.9999999999999787,1.6600000000000001,1.6422845358785132,0.0,0.0,0.0,0.0,0.0,0.0,0.0,0,-0.0
2026-02-04,-0.48024644923514437,1.3419049632419355,0.8616585140067912,-0.1644610717191363,0.0038440953280372,34.9714502195091,-0.8174189004013925,0.0222782878502753,0.94701124239144,0.0307104697582846,0.0188667476667224,0.9602771239423435,0.0208561283910756,-0.9999999999999787,0.6400000000000006,3.051030806343391,0.0,0.0,0.0,0.0,0.0,0.0,0.0,0,-0.0
2026-02-05,-0.6168250903803241,-6.998244243392815,-7.615069333773139,1.991130504725266,2.1555915764444027,34.17270119259532,-0.7987490269137822,0.1567767026259689,0.7938361488778322,0.0493871484961988,0.0351077871304894,0.9378822882845748,0.0270099245847878,-3.000000000000025,3.129999999999999,-2.60488602552984,0.0,0.0,0.0,0.0,0.0,0.0,0.0,0,-0.0
2026-02-06,-0.4202666312858927,0.9066706627855137,0.48640403149962097,-0.3563893937985183,-2.3475198985237844,33.39219561866936,-0.7805055739259572,0.0430454411349026,0.944513279246012,0.0124412796190852,0.0082504454469565,0.985855953948936,0.0058936006040657,2.0000000000000018,-4.009999999999998,1.3736696620785693,0.0,0.0,0.0,0.0,0.0,0.0,0.0,0,-0.0
2026-02-09,0.48656736162264735,-0.9453089715321994,-0.45874160990955204,-0.3325230622478214,0.0238663315506968,53.037531032791804,19.645335414122442,0.0108013576214388,0.9823514023168404,0.0068472400617206,0.0023229336534864,0.994336398260695,0.0033406680856237,1.000000000000023,-0.40000000000000213,1.1847371620567593,0.0,0.0,0.0,0.0,0.0,0.0,0.0,0,-0.0
2026-02-10,-5.333859728469337,-0.6433635027847995,-5.977223231254136,-0.3249282250097394,0.007594837238082,51.82615214983318,-1.211378882958627,0.0106276806490382,0.9765633938914848,0.012808925459477,0.0023279542735334,0.991266717835066,0.0064053278911829,-3.000000000000025,0.4299999999999997,-0.5127021251833064,58.0,20.180747873508373,0.0,-0.0566666666666662,-0.01562763543965258,-4.996666666666693,20.180747873508373,1,1.1435757128321318
2026-02-11,0.7196337868945246,2.545725287032985,3.2653590739275096,-0.3175068540939127,0.0074213709158266,50.64244119879942,-1.1837109510337598,0.0077714476891526,0.9767039263210786,0.0155246259897688,0.0024849160539241,0.9894460621273724,0.0080690218188102,0.0,-0.14000000000000057,0.9302392662313252,42.0,42.0,7.0,-0.11166666666666636,0.024732688649530904,2.101666666666624,42.0,1,4.689999999999987
2026-02-12,-6.484114939896646,-1.893019948372654,-8.3771348882693,-0.3102549875240652,0.0072518665698475,49.485766243252,-1.156674955547416,0.0282293057453702,0.9533856754134082,0.0183850188412215,0.0058742997197874,0.9843325985448816,0.0097931017353726,-2.9999999999999805,3.1700000000000017,-2.6901841263391013,25.0,51.28655555115584,2.666666666666668,0.31000000000000005,-0.061465600505959846,-9.349999999999998,51.28655555115584,1,-15.898832220858313
2026-02-13,-1.3350749593040057,-3.529474741902039,-4.864549701206045,-0.3031687538155831,0.007086233708482,48.35550978020059,-1.1302564630514098,0.0115582260797417,0.9662542204907202,0.022187553429538,0.0029139765931667,0.9853346184491216,0.0117514049576142,-2.0000000000000018,-0.21999999999999886,-0.047569968390881456,0.0,0.0,0.0,0.0,0.0,0.0,0.0,0,-0.0
2026-02-17,-2.2011203964114934,2.115650063933261,-0.08547033247818803,-0.2764057706818363,0.0064606786312031,44.086805712305676,-1.0304802352022335,0.0212817537988652,0.9535524105369128,0.0251658356642219,0.0038787230546582,0.984107087380675,0.0120141895645955,-1.000000000000023,-0.3100000000000023,-0.8281620831722236,0.0,0.0,0.0,0.0,0.0,0.0,0.0,0,-0.0
2026-02-18,2.265488635847257,0.9431689535084331,3.2086575893556457,-0.2700926541545067,0.0063131165273296,43.07986167820334,-1.0069440341023324,0.0068640079774028,0.9821740785598492,0.0109619134627479,0.0012749571861956,0.993698421302624,0.0050266215112296,3.000000000000025,-0.6699999999999982,4.380490727345254,16.0,26.25306354680867,0.0,-0.2983333333333338,0.06462578242532689,3.551666666666618,26.25306354680867,1,7.8321639581312645
2026-02-19,-1.2081979256869158,0.01696857788684447,-1.1912293478000713,-0.2639237294079402,0.0061689247465664,42.095916277624866,-0.9839454005784773,0.0054515807417915,0.9878260023370968,0.0067224169211116,0.0010995839340935,0.9956672091734023,0.0032332068923355,0.0,0.6099999999999994,2.015372402693494,9.0,18.463159998416103,-13.333333333333332,0.0,0.0,0.0,0.0,0,-0.0
2026-02-20,0.9109488441185754,-0.3686841425751375,0.5422647015434379,-0.2578957030973101,0.00602802631063,41.13444422105458,-0.9614720565702868,0.0083422767353688,0.9800034713795532,0.0116542518850779,0.0015904766621161,0.9924738631259892,0.0059356602120298,-1.000000000000023,-1.1400000000000006,0.04499437646208193,0.0,0.0,0.0,0.0,0.0,0.0,0.0,0,-0.0
2026-02-23,-1.7142034819579433,-3.352806710601497,-5.06701019255944,-0.240625199365372,0.017270503731938,38.37979354677449,-2.754650674280086,0.0067972722883207,0.972959741919735,0.0202429857919443,0.0013456125457723,0.9890094440608448,0.0096449433935632,-2.0000000000000018,1.9200000000000017,-0.49605513219708186,0.0,0.0,0.0,0.0,0.0,0.0,0.0,0,-0.0
2026-02-24,-0.853240556623236,1.5862102174703185,0.7329696608470826,-0.2351293122163511,0.0054958871490209,37.503197850679044,-0.8765956960954497,0.0077501905199401,0.9806088834362722,0.0116409260437877,0.0015249081619101,0.9929946099559506,0.0054804818820488,0.0,-1.4600000000000009,-1.1213937789288586,69.0,16.358793525501994,13.0,0.02499999999999991,-0.01503542893320546,2.536666666666698,16.358793525501994,1,-0.4089698381375484
2026-02-25,-0.9117054606478714,1.436573798409535,0.5248683377616636,-0.2297589513032955,0.0053703609130556,36.646623627952806,-0.8565742227262376,0.0071855039198986,0.9830742760206124,0.009740220059489,0.0015147738408486,0.9938395382155588,0.0046456879434922,2.0000000000000018,-1.620000000000001,-0.4888491250570226,98.0,45.51622163377049,7.333333333333336,-0.10833333333333339,0.022847514955644646,4.8966666666666825,38.87787063791461,1,4.211769319107418
2026-02-26,-1.7613534546707665,-1.5166161715591375,-3.277969626229904,-0.2245112496030139,0.0052477017002815,35.80961358751206,-0.8370100404407452,0.0050895321828177,0.9874330023541044,0.0074774654630779,0.0019771518677042,0.9927264336469208,0.0052964144855292,0.0,0.6999999999999993,-0.30674870678613075,44.0,32.78819576704501,0.0,0.03833333333333355,-0.011748112317874898,-2.453333333333322,32.78819576704501,1,-1.2568808377367326
2026-02-27,-0.38244301733278974,-3.712191282867394,-4.094634300200184,-0.2193834055752139,0.0051278440277999,34.99172088281583,-0.8178927046962343,0.0073226640714791,0.9727126262215396,0.0199647097069813,0.0076716571055316,0.9599106788622548,0.0324176640323023,-2.9999999999999805,1.2300000000000004,2.8170876966695957,0.0,0.0,0.0,0.0,0.0,0.0,0.0,0,-0.0
2026-03-02,2.0153180873992316,5.2360427278122845,7.251360815211516,-0.2046919551973745,0.0146914503778394,32.64843001431463,-2.3432908685011995,0.0793661627117578,0.66372760038475,0.2569062369034922,0.0321185816482867,0.8147652912770725,0.1531161270744792,4.0000000000000036,1.5800000000000018,6.041376256420428,0.0,0.0,0.0,0.0,0.0,0.0,0.0,0,-0.0
2026-03-03,-0.35791824584361365,1.2736740011742853,0.9157557553306717,-0.2000167844794103,0.0046751707179641,31.90273884221537,-0.7456911720992565,0.0246226590159695,0.9475865038864952,0.0277908370975352,0.0268463875120747,0.9541203875663978,0.0190332249217534,0.0,2.129999999999999,4.60214442233875,0.0,0.0,0.0,0.0,0.0,0.0,0.0,0,-0.0
2026-03-04,-1.2099875237069568,3.1739284891932673,1.963940965486266,-0.1954483948082204,0.0045683896711898,31.17407928002516,-0.7286595621902094,0.0121619390102276,0.9724427951886851,0.015395265801087,0.0493918112134765,0.9259367898305392,0.0246713989557612,0.0,-2.4200000000000017,0.13417417818635258,0.0,0.0,0.0,0.0,0.0,0.0,0.0,0,-0.0
2026-03-05,1.6181576297086053,2.1721730515798843,3.790330681288534,-0.190984347301325,0.0044640475068953,30.462062325236072,-0.7120169547890889,0.4316800638650107,0.4397895265596239,0.1285304095753653,0.1551028755586182,0.7326676429621798,0.112229481479331,2.0000000000000018,2.6000000000000014,8.109419996154088,0.0,0.0,0.0,0.0,0.0,0.0,0.0,0,-0.0
2026-03-06,3.0954850559016034,-1.3745545176308216,1.7209305382707818,-0.1866222587803971,0.0043620885209278,29.76630786016971,-0.6957544650663614,0.2050315873967037,0.7498884948051359,0.0450799177981605,0.049716209520852,0.92119032621888,0.0290934642601731,4.0000000000000036,5.739999999999998,11.536225982631976,0.0,0.0,0.0,0.0,0.0,0.0,0.0,0,-0.0
2026-03-09,-3.248604766416552,0.533683432597698,-2.714921333818854,-0.1741247243972299,0.0124975343831672,27.77294726977973,-1.9933605903899796,0.0606772369913174,0.9227993731829368,0.0165233898257456,0.0132764269539482,0.9706537709807131,0.0160698020652966,-1.000000000000023,-3.9899999999999984,4.185704311679661,0.0,0.0,0.0,0.0,0.0,0.0,0.0,0,-0.0
2026-03-10,1.1829450021597854,0.9048439601353042,2.0877889622950896,-0.1701477101956197,0.0039770142016102,65.55560503554615,37.782657765766416,0.0149387543311283,0.9645433779668424,0.0205178677020293,0.0058642517597047,0.9283086807985866,0.0658270674417118,-0.9999999999999787,-0.5700000000000003,-12.28274329833674,58.0,20.180747873508373,0.0,-0.14166666666666705,0.10179147655884174,-1.4216666666666176,20.180747873508373,1,2.8589392820803607
2026-03-11,4.9379862046942335,1.928362683067153,6.8663488877613865,-2.597769939055877,-2.427622228860258,64.05831294722216,-1.497292088323988,0.0155011108525736,0.9148739755030328,0.0696249136443935,0.0124110346452548,0.6107827916462998,0.3768061737084372,2.9999999999999805,-0.6999999999999993,3.6248176994339687,39.0,39.0,0.0,-0.058333333333333126,0.05054780021111509,9.42333333333331,39.0,1,2.274999999999992
2026-03-12,-1.6840628958141757,8.417625578533139,6.733562682719008,-2.538436791647274,0.0593331474086031,62.595219057458664,-1.463093889763499,0.0718682351052976,0.0275812373522659,0.9005505275424364,0.0364766482777261,0.0448758963603989,0.9186474553618088,2.0000000000000018,3.0599999999999987,9.66707954310504,22.0,45.132168885017144,0.0,0.03500000000000014,0.0002546585722537631,9.605000000000057,45.132168885017144,1,-1.5796259109756066
2026-03-13,4.38583476818688,-2.838611555617021,1.5472232125698149,-2.480458815198378,0.0579779764488956,61.16554227832103,-1.4296767791376368,0.1329310899455366,0.4669854543583645,0.4000834556960988,0.0428920312817521,0.6678583310901719,0.2892496376279361,-2.0000000000000018,-0.09999999999999787,2.9576064778843225,0.0,0.0,0.0,0.0,0.0,0.0,0.0,0,-0.0
2026-03-16,-3.8441916941663212,-3.0395497037745134,-6.883741397940835,-2.3143499087283876,0.1661089064699905,57.06946889091293,-4.096073387408097,0.0912019515397951,0.8590229432217027,0.0497751052385021,0.0198264629950839,0.9301377741807072,0.0500357628242224,0.0,-3.6799999999999997,-5.306920875457166,0.0,0.0,0.0,0.0,0.0,0.0,0.0,0,-0.0
2026-03-17,-1.9679626091871683,-0.2839856397184093,-2.2519482489055775,-2.261490083758832,0.0528598249695555,55.766000420003664,-1.3034684709092659,0.0260950892938068,0.9594130861603828,0.0144918245458105,0.0073483754105817,0.909499618774256,0.0831520058151571,1.000000000000023,-1.1400000000000006,2.766807958790629,13.0,21.330614131782042,0.0,0.13166666666666638,-0.015576334830987248,-5.7016666666666715,21.330614131782042,1,-2.8085308606846295
2026-03-18,0.3892461683342674,6.037045752883552,6.426291921217864,-2.20983757886014,0.051652504898692,54.492303210114926,-1.2736972098887378,0.0929767243156452,0.622162075152345,0.2848612005320096,0.011907628169208,0.3027416490891862,0.6853507227416996,2.9999999999999805,2.719999999999999,0.11450581587357789,0.0,0.0,0.0,0.0,0.0,0.0,0.0,0,-0.0
2026-03-19,-5.513001591575284,4.478690714320033,-1.03431087725534,-2.1593648188037853,0.0504727600563548,53.24769728470526,-1.2446059254096653,0.1374205814226035,0.4424992090464478,0.4200802095309487,0.0124136425889486,0.1701271191014562,0.8174592383094766,-2.9999999999999805,-1.0300000000000011,-0.010404203307601279,19.0,19.0,-13.166666666666668,0.0,0.0,0.0,0.0,0,-0.0
2026-03-20,12.25811774891219,3.7496470710382646,16.0077648199505,-2.110044858180328,0.0493199606234573,52.031518197918885,-1.2161790867863758,0.032766411059065,0.0905450791452314,0.8766885097957036,0.0116607599720794,0.1106265600479674,0.8777126799801533,0.9999999999999787,2.7200000000000024,2.669288959460392,0.0,0.0,0.0,0.0,0.0,0.0,0.0,0,-0.0
2026-03-23,-2.236492636677001,-3.0549791255972014,-5.2914717622742025,-1.9687414663048504,0.1413033918754775,48.54712307840609,-3.484395119512797,0.0535375033891837,0.8406304150578261,0.10583208155299,0.0216502151844872,0.5443614370764235,0.4339883477388679,-4.999999999999982,-0.6300000000000026,-9.984888071604914,0.0,0.0,0.0,0.0,0.0,0.0,0.0,0,-0.0
2026-03-24,-1.8003820643854418,6.354690121458706,4.554308057073264,-1.923775349069639,0.0449661172352113,47.43830525486874,-1.1088178235373505,0.2338085110927669,0.2056256952658314,0.5605657936414017,0.0318187935600978,0.1683656881889914,0.7998155182509558,0.0,0.8000000000000007,4.219572867490307,69.0,16.358793525501994,13.0,-0.16666666666666652,0.11597419104941245,11.99833333333331,16.358793525501994,1,2.726465587583663
2026-03-25,-4.682335742795196,-2.0920889328897907,-6.774424675684987,-1.8798362593714684,0.0439390896981706,46.354812865421664,-1.0834923894470734,0.1434942979891465,0.6984032259701852,0.1581024760406681,0.0086463370236267,0.3312232107479593,0.6601304522284493,-2.0000000000000018,-1.620000000000001,-1.8084850461363544,98.0,45.51622163377049,7.333333333333336,-0.13500000000000023,0.049627783759751465,-3.368333333333344,38.87787063791461,1,5.248512536118482
2026-03-26,2.525008186987776,7.90310545022086,10.428113637208636,-1.8369007398689752,0.0429355195024929,45.296067476350814,-1.0587453890708503,0.0913363486876162,0.0154401638835828,0.8932234874288009,0.0094781446049,0.0020171168593365,0.9885047385359724,2.9999999999999805,2.110000000000003,4.977317992223007,44.0,32.78819576704501,0.0,-0.033333333333333215,0.006509980214181185,11.18333333333333,32.78819576704501,1,1.0929398589014965
2026-03-27,8.524767861980997,-7.213889211886437,1.3108786500945158,-1.7949458689872104,0.0419548708817649,44.26150386538643,-1.0345636109643834,0.037711480944029,0.0008892369520177,0.9613992821039532,0.0182008293581875,0.0018286493936618,0.9799705212482696,-2.9999999999999805,3.6099999999999994,5.1470030692246205,0.0,0.0,0.0,0.0,0.0,0.0,0.0,0,-0.0
2026-03-30,-5.488034416444565,-4.4748106721471,-9.96284508859162,-1.674743713787771,0.1202021551994394,41.29744336143947,-2.9640605039469605,0.0943969637193363,0.6839357625275337,0.22166727375313,0.0228508360895779,0.8464942474606032,0.1306549164498368,0.0,-0.4400000000000013,3.3312135789500097,0.0,0.0,0.0,0.0,0.0,0.0,0.0,0,-0.0
2026-03-31,-3.221453030516308,-1.8614505041645302,-5.082903534680838,-1.6364925145003104,0.0382511992874605,40.35420845147925,-0.9432349099602177,0.0282489725825712,0.938694661050874,0.0330563663665546,0.0073965840222257,0.9743749314771412,0.0182284845006978,-1.000000000000023,-5.359999999999999,-1.763476198449343,0.0,0.0,0.0,0.0,0.0,0.0,0.0,0,-0.0
2026-04-01,3.1334599225864235,1.1632229557628992,4.296682878349323,-1.5991149738120032,0.0373775406883072,39.43251705663644,-0.92169139484281,0.0275685588528576,0.9418304462008252,0.0306009949463169,0.0059684436604381,0.9793480231709424,0.0146835331684743,1.000000000000023,-0.7100000000000009,-0.9376900118090781,0.0,0.0,0.0,0.0,0.0,0.0,0.0,0,-0.0
2026-04-02,-2.7285451572933273,-0.43122570785922854,-3.159770865152556,-1.562591137332867,0.0365238364791362,38.53187712234574,-0.9006399342907017,0.0168206148295718,0.9741146440230478,0.0090647411473803,0.0032798601334098,0.9920781233988482,0.004642016467533,2.9999999999999805,-0.6699999999999982,10.542920809726919,0.0,0.0,0.0,0.0,0.0,0.0,0.0,0,-0.0
2026-04-03,1.18917614070555,3.2538461461405266,4.443022286846077,-1.526901506431817,0.0356896309010499,37.6518078325836,-0.8800692897621403,0.0082285004710801,0.9738796011347028,0.0178918983942172,0.0018041930927628,0.9888006161921792,0.0093951907152371,2.0000000000000018,0.0,0.0,0.0,0.0,0.0,0.0,0.0,0.0,0.0,0,-0.0
2026-04-06,-2.440458841574511,0.8012356163976442,-1.6392232251768668,-1.4246494803281362,0.1022520261036807,35.13037889880448,-2.52142893377912,0.0110576961866607,0.968644067874594,0.0202982359387452,0.0023756220380194,0.985903290000627,0.0117210879611699,0.0,0.3000000000000007,0.6865015519680107,0.0,0.0,0.0,0.0,0.0,0.0,0.0,0,-0.0
2026-04-07,2.109639670597385,-3.2203317880541427,-1.1106921174567574,-1.3921104412273064,0.0325390391008297,34.32799993583888,-0.802378962965598,0.0132742179239757,0.9464250834548316,0.0403006986211927,0.002417436630241,0.9786683346490568,0.0189142287205751,1.000000000000023,1.6099999999999994,0.4987105134802938,58.0,20.180747873508373,0.0,0.018333333333333535,0.0015745960226231787,2.464999999999984,20.180747873508373,1,-0.3699803776809909
2026-04-08,-2.057480911570986,-1.5437557898534404,-3.601236701424426,-1.360314594806659,0.0317958464206473,33.543947333715124,-0.7840526021237579,0.0060910960705985,0.9849112300667782,0.0089976738626233,0.0010748412854646,0.9947288478565088,0.0041963108582096,-4.0000000000000036,-4.740000000000002,-17.51558102560411,39.0,39.0,6.666666666666668,-0.04499999999999993,0.0010213962976414193,-4.984999999999974,39.0,1,1.7549999999999972
2026-04-09,1.3573677506032666,-1.204647513530821,0.15272023707249005,-1.329244966521919,0.03106962828474,32.777802517773075,-0.7661448159420488,0.0043183161466703,0.9862726815928752,0.0094090022604543,0.0007774822104774,0.9948536986869306,0.0043688191027959,0.9999999999999787,-1.5500000000000007,3.524548892074719,22.0,45.132168885017144,0.0,-0.03666666666666618,0.0064209837936575614,5.1883333333333645,45.132168885017144,1,1.6548461924506066
2026-04-10,1.3979577299441548,1.1106558062447647,2.508613536188875,-1.298884969527938,0.0303599969939809,32.02915647361108,-0.748646044161994,0.0047389410072821,0.9861372233889972,0.0091238356037206,0.0008548625740517,0.994989340903776,0.0041557965223948,2.0000000000000018,-0.259999999999998,-1.2932085661343962,0.0,0.0,0.0,0.0,0.0,0.0,0.0,0,-0.0
2026-04-13,-1.0530992573622555,-1.2283863803625117,-2.281485637724767,-1.211902528780847,0.0869824407470911,29.884259680973855,-2.144896792637226,0.0048031279933774,0.9886448242196232,0.0065520477869994,0.0008705659961522,0.9961177446948234,0.0030116893088149,2.0000000000000018,-0.10999999999999943,2.391352775229816,0.0,0.0,0.0,0.0,0.0,0.0,0.0,0,-0.0
2026-04-14,-3.291158973216568,-1.6690836082151606,-4.960242581431729,-1.1842226367688764,0.0276798920119705,29.20170224654122,-0.6825574344326348,0.0047849479528044,0.9877983811760204,0.0074166708711751,0.0009035966412828,0.9955626028878558,0.003533800470847,-0.9999999999999787,-0.7600000000000016,-7.899249153847254,0.0,0.0,0.0,0.0,0.0,0.0,0.0,0,-0.0
2026-04-15,2.2220079718811903,0.67377396906525,2.895781940946396,-1.1571749543641938,0.0270476824046825,28.534734445456472,-0.6669678010847484,0.0055107100051595,0.983251510220142,0.0112377797746984,0.0011521889238145,0.9932933968463908,0.0055544142298077,2.0000000000000018,-0.18999999999999773,-0.03223899872102365,0.0,0.0,0.0,0.0,0.0,0.0,0.0,0,-0.0
2026-04-16,3.691751246433217,-0.468207531968412,3.2235437144648493,-1.130745041879416,0.0264299124847777,27.883000210001832,-0.65173423545464,0.0049096500651511,0.980605391825952,0.0144849581088969,0.0018454407615876,0.990516106894965,0.0076384523435344,0.0,-0.23000000000000043,3.609890643041691,0.0,0.0,0.0,0.0,0.0,0.0,0.0,0,-0.0
2026-04-17,-2.224373356620468,-4.269429096723254,-6.493802453343722,-1.1049187894300705,0.0258262524493457,27.246151605057463,-0.6368486049443689,0.0326491426015891,0.9477068698179828,0.0196439875804282,0.0072245162498719,0.9825192895929272,0.0102561941571744,-3.000000000000025,-0.46000000000000085,-11.582817799086076,0.0,0.0,0.0,0.0,0.0,0.0,0.0,0,-0.0
2026-04-20,-1.188401974741815,1.2875558245651675,0.0991538498233524,-1.0309256835071663,0.0739931059229039,25.421558339932155,-1.8245932651253085,0.0129077993811607,0.9734585174513658,0.0136336831674734,0.0038824739993601,0.9860975263526358,0.0100199996480218,-0.9999999999999787,1.3900000000000006,5.821839325667089,0.0,0.0,0.0,0.0,0.0,0.0,0.0,0,-0.0
2026-04-21,-0.0440612458497025,4.13856453648993,4.0945032906401835,-1.007379308353916,0.0235463751532503,24.840929144997446,-0.5806291949347084,0.0293285155181815,0.8953832618372863,0.0752882226445321,0.0060727073833964,0.9562235779419838,0.0377037146747634,2.9999999999999805,0.629999999999999,2.793901271607435,0.0,0.0,0.0,0.0,0.0,0.0,0.0,0,-0.0
2026-04-22,0.03233210065158865,0.8722888576491172,0.9046209583007503,-0.9843707331524252,0.0230085752014909,24.273561539203044,-0.5673676057944022,0.0103757577948702,0.9748696211452008,0.0147546210599291,0.0027512570185361,0.9893841597466642,0.0078645832347659,0.0,-0.5799999999999983,1.1889736667874296,13.0,21.330614131782042,0.0,0.04833333333333378,-0.01512735189344068,0.008333333333373716,21.330614131782042,1,-1.0309796830361415
2026-04-23,1.6211353404937068,2.297000592802201,3.9181359332959076,-0.9618876745348196,0.0224830586176053,23.719152627434372,-0.5544089117686717,0.0110372514848317,0.967242804476873,0.0217199440382952,0.0042339470845248,0.9837878748631428,0.011978178052177,4.0000000000000036,0.389999999999997,4.649603131104563,26.0,14.440351951225425,-44.0,0.0,0.0,0.0,0.0,0,-0.0
2026-04-24,0.13786043368178014,-3.4788756308231417,-3.341015197141406,-0.9399181296857342,0.0219695448490855,23.177406432710832,-0.5417461947235402,0.0347685090338249,0.9410764123753466,0.0241550785908284,0.00895246831913,0.9774955886902016,0.0135519429907879,0.0,-0.5999999999999979,-0.8599375163798051,0.0,0.0,0.0,0.0,0.0,0.0,0.0,0,-0.0
2026-04-27,2.5410780117834264,1.2168160719257415,3.7578940837092567,-0.8769746243403614,0.0629435053453727,21.625284859976635,-1.5521215727341975,0.0151143401842191,0.9672334663387115,0.0176521934770691,0.0063071812178631,0.9785939763246748,0.0150988424574176,2.0000000000000018,-0.6900000000000013,1.4825545106226024,139.0,55.236664163416606,13.833333333333336,0.0024999999999999467,-0.0031254369762531847,6.1766666666666525,55.236664163416606,1,-0.13809166040853857
2026-04-28,-1.0736806257120257,3.0713919290396685,1.9977113033275984,-0.8569444962380625,0.0200301281022989,21.131362671156346,-0.4939221888202887,0.0202968853572082,0.9360135444740968,0.0436895701686948,0.0114817233401255,0.935074208232739,0.0534440684272114,0.0,-0.19000000000000128,3.50188236474942,74.0,39.900714691176304,-32.5,0.04166666666666652,-0.0022491588465133883,3.441666666666647,32.78819576704501,1,-1.3661748236268705
2026-04-29,1.451979483191268,5.027050250525056,6.479029733716324,3.5088579043144836,4.365802400552546,20.648721680719735,-0.4826409904366109,0.0926158612520577,0.7170470309835646,0.1903371077643776,0.0210838742643201,0.8595652953015138,0.1193508304342698,2.0000000000000018,0.9800000000000004,6.565558669263183,0.0,0.0,0.0,0.0,0.0,0.0,0.0,0,-0.0
2026-04-30,1.7101495915576859,-3.816735828192952,-2.106586236635266,-0.1692725747531649,-3.678130479067649,52.03443054062402,31.385708859904287,0.029574357275663,0.9070614302278966,0.0633642124964402,0.006182245083982,0.9616354358693676,0.0321823190468205,0.0,-1.9199999999999982,-1.6704327073798098,0.0,0.0,0.0,0.0,0.0,0.0,0.0,0,-0.0
2026-05-01,-1.7866637016318965,1.136943916472699,-0.649719785159153,-0.1654063838025874,0.0038661909505774,50.84596250457014,-1.1884680360538837,0.0110522756266435,0.9739687490850412,0.0149789752883152,0.0029227901077621,0.9879233983815228,0.0091538115107948,2.0000000000000018,0.09999999999999787,-3.0466799029245983,0.0,0.0,0.0,0.0,0.0,0.0,0.0,0,-0.0
2026-05-04,2.7847175532029755,3.662743462453699,6.447461015656586,-0.1543296130986129,0.0110767707039745,47.44096050320742,-3.4050020013627176,0.0203328645767297,0.935217827278517,0.0444493081447532,0.0043353005134649,0.9734090998992336,0.0222555995873819,2.0000000000000018,1.3000000000000007,4.072329919643547,0.0,0.0,0.0,0.0,0.0,0.0,0.0,0,-0.0
2026-05-05,-2.0600165205356014,0.006764579832863049,-2.053251940702694,-0.1508047198639102,0.0035248932347027,56.31663758508435,8.87567708187693,0.0110228548780446,0.9726767090780204,0.0163004360439349,0.0027685346742994,0.9888841852737584,0.0083472800520964,-2.9999999999999805,-0.9100000000000001,-3.8069772241406064,0.0,0.0,0.0,0.0,0.0,0.0,0.0,0,-0.0
2026-05-06,-4.046689361299816,-3.795528347301369,-7.84221770860114,-0.147360335301951,0.0034443845619591,55.03036380496389,-1.2862737801204602,0.011801240773765,0.9730970226819724,0.0151017365442624,0.0037566278635197,0.9868432056211816,0.0094001665152264,-5.000000000000027,0.010000000000001563,-6.7634987954938275,0.0,0.0,0.0,0.0,0.0,0.0,0.0,0,-0.0
2026-05-07,1.9353394869964458,2.826807160601419,4.76214664759782,-0.1439946205921161,0.0033657147098349,53.773468558583595,-1.2568952463802958,0.0327207113909078,0.9193200844855556,0.0479592041235364,0.0065303823465176,0.9703290210179082,0.0231405966355883,3.000000000000025,-0.3100000000000023,-0.37538724140375734,0.0,0.0,0.0,0.0,0.0,0.0,0.0,0,-0.0
2026-05-08,-2.44484241195968,-0.7764662878863682,-3.2213086998460483,-0.1407057789124928,0.0032888416796232,52.54528083930546,-1.2281877192781323,0.0101786487638424,0.9814199581482074,0.0084013930879501,0.0024539143038112,0.9927681360331696,0.004777949662848,0.0,0.11000000000000298,0.4968324541848368,0.0,0.0,0.0,0.0,0.0,0.0,0.0,0,-0.0
2026-05-11,2.231321037285472,2.823790857977926,5.055111895263398,-0.1312831338252396,0.0094226450872532,49.02648057263886,-3.5188002666666023,0.0159469027843154,0.9533259041260412,0.0307271930896433,0.0033118707369233,0.9803560377878948,0.0163320914753297,2.0000000000000018,1.1899999999999977,2.684390092743527,58.0,20.180747873508373,0.0,-0.125,0.02356496068981831,5.296666666666653,20.180747873508373,1,2.5225934841885467
2026-05-12,3.583923972305092,2.2913683912777483,5.87529236358284,-0.128284622904621,0.0029985109206185,47.90671420880196,-1.1197663638369022,0.0125462848754847,0.9611669724392448,0.0262867426852704,0.002338978370044,0.984676549363733,0.0129844722662668,0.0,-0.39000000000000057,4.071170880135622,42.0,42.0,7.0,-0.06666666666666687,0.005591834910191398,4.830000000000023,42.0,1,2.8000000000000087
2026-05-13,1.2055972120816882,-1.2202350338061052,-0.014637821724416966,-0.1253545980680783,0.0029300248365426,46.81252334406137,-1.0941908647405896,0.0054027028242269,0.9838611916820272,0.0107361054937458,0.0012843946995863,0.9908848269919152,0.0078307783087087,0.0,-0.11999999999999744,-1.1983024985421586,25.0,51.28655555115584,5.333333333333332,-0.1283333333333334,-0.000507899798847633,0.7500000000000142,51.28655555115584,1,6.581774629065004
2026-05-14,-2.465900012528266,2.3527566951346834,-0.11314331739358252,-0.1224914950912903,0.002863102976788,45.74332383321041,-1.0691995108509573,0.0123078862524833,0.9546353590344914,0.0330567547130252,0.0029087199877,0.9596160918900388,0.0374751881223962,0.0,-0.6099999999999994,0.1338560291650026,0.0,0.0,0.0,0.0,0.0,0.0,0.0,0,-0.0
2026-05-15,11.356630260229483,3.6064807296352086,14.963110989864692,-0.11969378547687,0.0027977096144202,44.69854487293737,-1.0447789602730424,0.0180583476766855,0.7856716734928317,0.1962699788304827,0.0038822821554788,0.8929566429137153,0.1031610749309002,2.0000000000000018,1.1699999999999982,4.0539133957158136,0.0,0.0,0.0,0.0,0.0,0.0,0.0,0,-0.0
2026-05-18,0.8432431345207991,-0.17802328302178871,0.6652198514990104,-0.1116782507318494,0.0080155347450205,41.70521704013898,-2.9933278327983857,0.0098756670015457,0.9703647613399016,0.0197595716585525,0.0024977674983209,0.9860357454300832,0.0114664870716167,-1.000000000000023,-0.6099999999999994,2.9472391721143687,0.0,0.0,0.0,0.0,0.0,0.0,0.0,0,-0.0
2026-05-19,4.946267777960722,2.0644960910436883,7.0107638690044105,-0.1091275159599245,0.0025507347719249,40.75266856648559,-0.952548473653394,0.0116187684660601,0.958480222692168,0.0299010088417718,0.003782247907482,0.9773247067298736,0.0188930453628203,1.000000000000023,0.23999999999999844,-0.14264065893598854,0.0,0.0,0.0,0.0,0.0,0.0,0.0,0,-0.0
2026-05-20,-6.921958389399352,-4.060513470762972,-10.982471860162324,-0.1066350400507083,0.0024924759092161,39.821876330038336,-0.9307922364472532,0.0262891636738803,0.9412029991734177,0.0325078371527021,0.0069376622471057,0.9665460233889616,0.0265163143639566,-5.000000000000027,-0.6199999999999974,-9.737315022995752,16.0,26.25306354680867,0.0,-0.07333333333333325,-0.018823633647896854,-1.2916666666666767,26.25306354680867,1,1.9252246600993002
2026-05-21,-2.9938574683512353,3.143280938323967,0.14942346997273148,-0.1041994923699345,0.0024355476807738,38.912343417652714,-0.9095329123856217,0.016643061533676,0.9450296659900322,0.0383272724762917,0.0062056087733212,0.9400499203536944,0.0537444708727952,-4.999999999999982,-0.6799999999999997,-1.4760781152282298,19.0,18.23730065540803,2.0,0.0,0.0,0.0,0.0,0,-0.0
2026-05-22,-5.181957788543778,4.472640040734133,-0.7093177478096457,-0.1018195726750694,0.002379919694865,38.02358426569606,-0.8887591519566556,0.0372692938242265,0.7389314808235263,0.223799225352247,0.0107997111579444,0.8432840716117989,0.145916217230239,0.9999999999999787,-0.060000000000002274,0.1495886591582618,0.0,0.0,0.0,0.0,0.0,0.0,0.0,0,-0.0
2026-05-26,-2.467846873807611,-4.785705638283444,-7.253552512091055,-0.0928311941832489,0.0021698263067699,34.66695687062347,-0.8103017057508026,0.0475893928680925,0.851345994247689,0.1010646128842185,0.0093961622396748,0.9402392780901284,0.0503645596700973,0.0,0.3100000000000023,-2.7479252004766863,69.0,16.358793525501994,13.0,0.05166666666666675,-0.015550836890229042,-1.2249999999999943,16.358793525501994,1,-0.8452043321509377
2026-05-27,-1.2386624498397225,-0.4163793317684572,-1.6550417816081797,-0.0907109267778165,0.0021202674054323,33.875162481409795,-0.7917943892136776,0.012954503725519,0.9755779805616788,0.0114675157128022,0.0024079090889447,0.992239991143748,0.0053520997673885,-0.9999999999999787,-0.7200000000000024,-5.55991165923313,98.0,45.51622163377049,7.333333333333336,-0.05666666666666709,0.00835188559199132,1.1700000000000341,38.87787063791461,1,2.203079336148511
2026-05-28,-2.821305563813503,0.0015768674092697665,-2.8197286964042334,-0.0886390863468524,0.002071840430964,33.10145270103935,-0.7737097803704458,0.0066812300276188,0.9849371020640592,0.0083816679083218,0.0012701069050031,0.9947441843483128,0.0039857087468913,0.0,-0.5499999999999989,0.3243246086120699,44.0,32.78819576704501,0.0,0.043333333333333446,-0.01128681254013568,-7.554999999999964,32.78819576704501,1,-1.4208218165719542
2026-05-29,0.13642164645517596,-1.2291567644346024,-1.0927351179794265,-0.086614566816731,0.0020245195301213,32.3454144764753,-0.7560382245640511,0.0054886163586973,0.9857618143552956,0.0087495692860068,0.001252701329705,0.993402720296561,0.0053445783739364,-1.000000000000023,-0.41999999999999993,-1.6212748353885864,0.0,0.0,0.0,0.0,0.0,0.0,0.0,0,-0.0
2026-06-01,-0.2284475180520662,3.10847860997554,2.880031091923474,-0.3974507467890433,-0.3108361799723123,30.1793388314837,-2.166075644991597,0.0130982120725781,0.941407897583819,0.0454938903436027,0.0025295141704594,0.9753845584312626,0.0220859273982614,2.0000000000000018,0.7300000000000004,5.131523359401058,0.0,0.0,0.0,0.0,0.0,0.0,0.0,0,-0.0
2026-06-02,-2.4082159103458345,0.5776006138036749,-1.8306152965421596,-0.388372959186549,0.0090777876024943,29.490041779939027,-0.6892970515446741,0.0076064904858064,0.9801695926243896,0.0122239168898039,0.0015451040995805,0.9918434687286252,0.0066114271716361,-0.9999999999999787,-0.28000000000000114,1.5613200377624814,0.0,0.0,0.0,0.0,0.0,0.0,0.0,0,-0.0
2026-06-03,2.3167465107900576,1.8940076990028754,4.210754209792977,-0.6517377949647143,-0.2633648357781653,28.816488294809815,-0.6735534851292115,0.0065013411456557,0.9786541413126472,0.0148445175416969,0.0017756596775283,0.9845665998905934,0.0136577404318272,-1.000000000000023,0.28999999999999915,2.322266302266218,0.0,0.0,0.0,0.0,0.0,0.0,0.0,0,-0.0
2026-06-04,-0.17884280761273352,-2.200000164313032,-2.3788429719258097,-0.6368520831551252,0.014885711809589,28.15831879254218,-0.6581695022676364,0.014711913368344,0.9735332250552988,0.011754861576357,0.0043405514336771,0.9323971397048616,0.0632623088616435,-2.0000000000000018,-0.6599999999999984,-2.9810437748341023,0.0,0.0,0.0,0.0,0.0,0.0,0.0,0,-0.0
2026-06-05,0.7917711989664511,7.549413884080014,8.341185083046465,-0.6223063614731461,0.014545721681979,27.51518190248195,-0.6431368900602301,0.0309411169297018,0.2027354199784844,0.7663234630918137,0.0096158072161194,0.3575961574281615,0.6327880353557336,0.0,6.110000000000001,-2.6263607394324318,0.0,0.0,0.0,0.0,0.0,0.0,0.0,0,-0.0
2026-06-08,1.7519714592814761,-1.0173210341499317,0.7346504251315444,-0.5806323660976753,0.0416739953754707,41.772258118436994,14.257076215955045,0.024438268865171,0.8557411039835637,0.1198206271512653,0.0049112150452917,0.9358346881103358,0.0592540968442275,-0.9999999999999787,-2.59,0.718363537142519,0.0,0.0,0.0,0.0,0.0,0.0,0.0,0,-0.0
2026-06-09,-1.547663538800803,-1.4653976557963855,-3.0130611945971886,-0.5673707045279055,0.0132616615697698,40.81817842443907,-0.9540796939979259,0.0104535885871327,0.9769260929418916,0.0126203184709756,0.0020748189484694,0.9919754769374888,0.005949704113952,-2.0000000000000018,0.9499999999999993,-3.31758622388989,58.0,20.180747873508373,0.0,0.02666666666666684,0.03131675988930617,1.3100000000000702,20.180747873508373,1,-0.5381532766268934
2026-06-10,2.0425543132098767,-0.25465158357595996,1.7879027296339167,-0.5544119397270042,0.0129587648009013,39.8858899407683,-0.9322884836707672,0.0049218426473462,0.9861347451413004,0.0089434122113533,0.0016810855849765,0.9937353517105572,0.0045835627044548,0.9999999999999787,2.349999999999998,1.9183689927819714,39.0,39.0,0.0,0.10833333333333339,0.0024776184037220567,-2.079999999999978,39.0,1,-4.225000000000002
2026-06-11,-6.944617608918113,-3.408355880342695,-10.352973489260808,-0.5417491535232084,0.0126627862037957,38.97489495549296,-0.9109949852753445,0.0313709955879498,0.9517045908604388,0.0169244135516112,0.006048136749137,0.9854656300160596,0.0084862332346867,-4.999999999999982,-2.7799999999999976,-2.2671812060512053,22.0,45.132168885017144,0.0,-0.10000000000000009,0.057905763393362494,0.26833333333324205,45.132168885017144,1,4.513216888501718
2026-06-12,1.7153123911375356,1.6486588271613645,3.3639712182989,-0.5293755857560183,0.0123735677671901,38.08470712443756,-0.8901878310553997,0.012198056876691,0.9729452111141454,0.0148567320091634,0.0021208740582536,0.9903440045366212,0.007535121405272,2.0000000000000018,-1.7600000000000016,-3.2855341457605824,0.0,0.0,0.0,0.0,0.0,0.0,0.0,0,-0.0
2026-06-15,-0.6020842573192908,-1.6058754985975199,-2.2079597559168107,-0.4939248864244876,0.0354506993315306,35.53428822011713,-2.5504189043204235,0.005404143011103,0.9849442897705336,0.0096515672183634,0.0008024714607378,0.9897265015545954,0.0094710269848073,0.9999999999999787,-1.4800000000000004,-4.583245719219953,0.0,0.0,0.0,0.0,0.0,0.0,0.0,0,-0.0
2026-06-16,-4.695050720488991,0.06051469421688438,-4.6345360262720625,-0.4826436264274403,0.0112812599970473,34.72268395550306,-0.8116042646140755,0.0076450726991802,0.9839565355822388,0.0083983917185809,0.0001564081996169,0.9296474232861568,0.0701961685142319,-2.9999999999999805,0.21000000000000085,-5.900160412338096,13.0,21.330614131782042,0.0,0.1033333333333335,-0.011943074253631183,1.354999999999995,21.330614131782042,1,-2.204163460284148
2026-06-17,-4.657619062855511,11.413098159986035,6.755479097130479,-0.4716200307648279,0.0110235956626123,33.92961675791167,-0.793067197591391,0.000626371797209,0.0008629023111399,0.9985107258916508,0.0002491173769312,0.0018986204405448,0.9978522621824624,-3.000000000000025,2.030000000000001,1.059530011545462,0.0,0.0,0.0,0.0,0.0,0.0,0.0,0,-0.0
2026-06-18,-3.061108885913688,-1.1672016367981985,-4.228310522711887,-0.4608482143751173,0.0107718163897105,33.15466324014703,-0.7749535177646365,0.0312014763901849,0.8574114794843075,0.1113870441255075,0.0063667157159565,0.9331993024508785,0.0604339818330176,-0.9999999999999787,-2.0400000000000027,-0.3726712387696729,24.0,13.329555647285007,2.5,0.0,0.0,0.0,0.0,0,-0.0
2026-06-22,2.3337301158795842,3.224687876487886,5.55841799236747,-1.3921229140079774,-0.9418004873962093,30.22785207661648,-2.1695576085736406,0.0121778171652177,0.9531046277787242,0.0347175550560581,0.0025911233399815,0.9807882718204692,0.0166206048396402,-2.0000000000000018,0.8800000000000026,-1.7704021948819815,0.0,0.0,0.0,0.0,0.0,0.0,0.0,0,-0.0
2026-06-23,1.1657988726999413,-2.452337379919456,-1.2865385072195146,-1.360326782708626,0.0317961312993513,29.53744698102161,-0.6904050955948691,0.0063847875017871,0.983006299292576,0.0106089132056368,0.0023275902424951,0.9923006690361637,0.0053717407212691,-2.0000000000000018,2.2099999999999973,-5.627950244168911,69.0,16.358793525501994,13.0,0.043333333333333446,-0.03373304965699114,-0.8366666666666775,16.358793525501994,1,-0.708881052771755
2026-06-24,-7.803277645484874,-2.2600117276763587,-10.063289373161233,-1.329256876051821,0.0310699066568049,28.862810759603292,-0.6746362214183179,0.0335345551558743,0.9515006849374866,0.0149647599066391,0.0070978048898087,0.9854567593507428,0.0074454357593215,-2.9999999999999805,-0.8599999999999994,-4.383062562670936,98.0,45.51622163377049,7.333333333333336,-0.04499999999999993,0.0038583640305088346,-2.874999999999961,38.87787063791461,1,1.7495041787061547
2026-06-25,0.3766885022946642,-2.044736234589406,-1.6680477322947418,-1.2988966070438015,0.0303602690080195,28.203583250777566,-0.659227508825726,0.0180677283464651,0.968429322040954,0.0135029496125808,0.0033229694034165,0.9899836551232368,0.006693375473428,2.9999999999999805,0.26000000000000156,1.7350702462241685,44.0,32.78819576704501,0.0,0.013333333333333197,0.013231837135096292,-3.9333333333333886,32.78819576704501,1,-0.4371759435605957
2026-06-26,0.7017257281280054,-2.607924961803443,-1.9061992336754763,-1.2692297675382702,0.0296668395055312,27.559412519062434,-0.644170731715132,0.0070749054420348,0.9771534855484112,0.0157716090095538,0.0013298666459686,0.9911647466381416,0.0075053867156822,-0.9999999999999787,-0.4800000000000004,-3.315684581192535,0.0,0.0,0.0,0.0,0.0,0.0,0.0,0,-0.0
2026-06-29,-1.5254697449979149,1.5268894828668333,0.001419737868957327,-1.1842332469537993,0.0849965205844709,25.713841107657764,-1.84557141140467,0.0056966404520488,0.98391482939189,0.0103885301560611,0.0011896705849088,0.993341967528346,0.0054683618866146,2.0000000000000018,-0.7600000000000016,2.208713266373241,0.0,0.0,0.0,0.0,0.0,0.0,0.0,0,-0.0
2026-06-30,5.054400376342905,1.3208037986212062,6.375204174964111,-1.1571853222121598,0.0270479247416395,25.126536165082076,-0.5873049425756882,0.0062516869177313,0.9739308929288536,0.019817420153415,0.0018647597653793,0.9864193476640832,0.0117158925703987,2.0000000000000018,-1.1999999999999993,-1.839551978181575,0.0,0.0,0.0,0.0,0.0,0.0,0.0,0,-0.0
2026-07-01,3.5979861176387296,1.4718266157287552,5.069812733367485,-1.1307551729254068,0.0264301492867529,24.552645285933544,-0.5738908791485322,0.0177268145018836,0.9478798254564308,0.0343933600416856,0.004989954695421,0.974921599467766,0.0200884458369165,-1.000000000000023,0.14000000000000057,-1.1689370451030356,0.0,0.0,0.0,0.0,0.0,0.0,0.0,0,-0.0
2026-07-02,4.161223607908049,-2.8466330850496213,1.3145905228584276,-1.1049286890826502,0.0258264838427566,23.991862092580057,-0.5607831933534868,0.0308135231447496,0.9290280458444198,0.0401584310108306,0.005893976586386,0.9740090753959252,0.0200969480177498,0.0,-0.4400000000000013,-0.014340001458634788,0.0,0.0,0.0,0.0,0.0,0.0,0.0,0,-0.0
2026-07-06,0.34973805191182983,-1.8325513186808529,-1.4828132667690674,-1.0073883340898018,0.0723037488562934,21.87392021219264,-1.5699669928716737,0.0086858301192414,0.9775361217543824,0.0137780481263763,0.001948864931089,0.9902030309901072,0.0078481040788999,1.000000000000023,-0.5799999999999983,-0.1866073892545117,0.0,0.0,0.0,0.0,0.0,0.0,0.0,0,-0.0
2026-07-07,3.650134180410891,3.2455199516900013,6.895654132100937,-0.9843795527402184,0.0230087813495835,46.44633896177565,24.57241874958301,0.0142164910676671,0.9496116524428924,0.0361718564894406,0.002608725399126,0.9801501070806408,0.0172411675201951,0.9999999999999787,0.5599999999999987,2.73523747799187,58.0,20.180747873508373,0.0,-0.013333333333333197,-0.061250575697619644,4.886666666666692,20.180747873508373,1,0.26907663831344225
2026-07-08,1.7703139373813848,1.0732695410376802,2.8435834784190206,-0.9618962926829484,0.0224832600572697,45.38550311377499,-1.0608358480006643,0.0063204115367325,0.9826014408359788,0.0110781476272887,0.0011682469227274,0.9935426769779788,0.0052890760994985,0.0,0.7699999999999996,4.148722825704265,39.0,39.0,6.666666666666668,0.125,-0.022747218757755983,2.416666666666674,39.0,1,-4.875
2026-07-09,0.3318094811722627,-2.8152492693200415,-2.4834397881477344,-0.9399265509950888,0.0219697416878598,44.34889679002874,-1.0366063237462484,0.0054327960791771,0.983511327474653,0.0110558764461699,0.0010658343114104,0.9932402552266048,0.0056939104619333,-2.0000000000000018,-1.0599999999999987,-1.9092042911202256,22.0,45.132168885017144,0.0,0.01499999999999968,-0.0043915026935720525,1.9049999999999407,45.132168885017144,1,-0.6769825332752427
2026-07-10,-0.2337637537032311,2.7972917365821637,2.563527982878977,-0.9184585989008704,0.0214679520942183,43.33596658743811,-1.0129302025906313,0.006954766614963,0.9751621604229426,0.0178830729620942,0.0014336655665598,0.9881207980232488,0.0104455364100376,1.000000000000023,-0.8100000000000005,-0.9615458699441248,0.0,0.0,0.0,0.0,0.0,0.0,0.0,0,-0.0
2026-07-13,1.4306201304394417,3.890941245131785,5.321561375571182,-0.8569521741351845,0.0615064247656857,40.43388654621651,-2.902080041221595,0.0098873083416556,0.9545310702904044,0.0355816213679399,0.0018847823092503,0.9782014944120044,0.0199137232787789,1.9999999999999574,2.130000000000001,8.907963005368824,0.0,0.0,0.0,0.0,0.0,0.0,0.0,0,-0.0
2026-07-14,1.705778286907833,-5.306255294430073,-3.6004770075222403,-0.8373793594275946,0.0195728147075899,39.51037530117482,-0.9235112450416949,0.0075562473184428,0.9591849493452028,0.0332588033363541,0.0014251767381392,0.980448953436984,0.0181258698248215,-0.9999999999999787,-0.6600000000000001,1.5535266084071075,0.0,0.0,0.0,0.0,0.0,0.0,0.0,0,-0.0
2026-07-15,0.4320525483001436,-4.139696686560512,-3.7076441382603242,-0.8182535884257576,0.0191257710018369,38.60795708212119,-0.9024182190536294,0.0068836829937318,0.9597341643342848,0.0333821526719835,0.0012684794697987,0.9828232841612884,0.0159082363687939,-2.0000000000000018,-0.8300000000000001,0.3598688502473024,0.0,0.0,0.0,0.0,0.0,0.0,0.0,0,-0.0
2026-07-16,0.6708380232288036,1.4568228790285964,2.127660902257311,-0.7995646506373221,0.0186889377884355,37.72615012367626,-0.8818069584449262,0.005226261416182,0.9834986645857724,0.0112750739980455,0.0010411056961476,0.9932593373195616,0.0056995569840882,-0.9999999999999787,1.0600000000000005,-0.8708689027969285,0.0,0.0,0.0,0.0,0.0,0.0,0.0,0,-0.0
2026-07-17,-3.754265567095061,1.9956269284640893,-1.7586386386309272,-0.781302568777905,0.018262081859417,36.86448366399712,-0.8616664596791423,0.0081864416294165,0.9731452885182216,0.0186682698523618,0.0015179736287846,0.989272867343916,0.0092091590272544,2.0000000000000018,2.039999999999999,4.160639253502829,0.0,0.0,0.0,0.0,0.0,0.0,0.0,0,-0.0
2026-07-20,3.3144180499759646,1.5111806160413188,4.825598666017328,-0.7289810730422409,0.0523214957356641,34.395779474479,-2.468704189518121,0.0058465608223803,0.9792202434444686,0.014933195733151,0.001140858267149,0.991030751509034,0.0078283902238155,0.9999999999999787,-0.120000000000001,1.1322449782209532,0.0,0.0,0.0,0.0,0.0,0.0,0.0,0,-0.0
2026-07-21,0.6457998268010634,3.3066145176173567,3.9524143444183757,-0.7123311223231177,0.0166499507191232,33.61017878555319,-0.7856006889258111,0.007592276034178,0.9684392994357038,0.023968424530118,0.00142241745459,0.9867348399639566,0.0118427425812637,0.9999999999999787,-1.5999999999999979,1.9481897703336415,0.0,0.0,0.0,0.0,0.0,0.0,0.0,0,-0.0
2026-07-22,1.19826342357241,2.665214707810204,3.863478131382614,-0.6960614570039889,0.0162696653191287,32.84252124116051,-0.7676575443926765,0.0061283193548557,0.9779004233738472,0.0159712572712971,0.0011903596743035,0.9907370384083548,0.0080726019174797,2.0000000000000018,-0.41000000000000014,1.8653390591134134,13.0,21.330614131782042,0.0,-0.020000000000000018,0.05377360960280715,8.311666666666689,21.330614131782042,1,0.4266122826356412
2026-07-23,1.4204651088387976,2.7769418193003936,4.197406928139191,-1.183094053620739,-0.4870325966167501,32.092397019313466,-0.7501242218470452,0.0076433273854111,0.9722189399280068,0.0201377326865821,0.0013913893322959,0.989217733242162,0.0093908774253453,0.0,2.0599999999999987,5.9993643443427835,21.0,21.0,-14.0,0.0,0.0,0.0,0.0,0,-0.0
2026-07-24,-1.4129561137015578,-1.4790719848255307,-2.8920280985270885,-1.1560721480907852,0.0270219055299538,31.359405658371628,-0.7329913609418384,0.0054480069858668,0.9862539016303082,0.0082980913838248,0.0009869478979488,0.994785389931722,0.0042276621703319,-2.0000000000000018,-0.120000000000001,-1.450084926506534,0.0,0.0,0.0,0.0,0.0,0.0,0.0,0,-0.0
2026-07-27,-4.086838070372956,0.4031892965188355,-3.68364877385412,-1.0786534547655284,0.0774186933252567,29.259360074246768,-2.10004558412486,0.0062417161633405,0.9835812347407182,0.0101770490959412,0.0009430123222699,0.989286734832436,0.009770252845083,-4.999999999999982,0.09000000000000341,-8.516991993655498,139.0,55.236664163416606,13.833333333333336,0.010833333333333472,-0.015302216519760346,0.18833333333336472,55.236664163416606,1,-0.5983971951036876
2026-07-28,-1.5249716968125604,-2.812402997124952,-4.337374693937512,-1.0540169758101745,0.0246364789553539,28.591075366557206,-0.6682847076895619,0.0071569173295794,0.9846067118862488,0.0082363707841716,0.0002300833403018,0.932137409231169,0.067632507428496,-0.9999999999999787,-0.46000000000000085,-4.04511434127226,44.0,32.78819576704501,0.0,0.0050000000000003375,0.014630154971007364,-6.19166666666664,32.78819576704501,1,-0.16394097883523612
2026-07-29,12.376605283589681,-5.372790617031109,7.003814666558572,2.958047436911003,4.012064412721178,27.938054302686187,-0.6530210638710194,0.0014047711729671,0.0100179217826766,0.9885773070443564,0.000550968392266,0.0209479572278714,0.9785010743798604,5.999999999999961,2.4499999999999993,6.193967059372607,30.0,7.112518924131301,-32.5,0.0,0.0,0.0,0.0,0,-0.0
2026-07-30,1.1831061056186698,0.047059349208877777,1.230165454827592,5.681474394878971,2.723426957967968,27.299948260527085,-0.6381060421591016,0.0359395590085429,0.7945068904484374,0.1695535505430196,0.0075288354681137,0.8952378035326469,0.0972333609992979,1.000000000000023,-3.5700000000000003,-1.0862689304777184,0.0,0.0,0.0,0.0,0.0,0.0,0.0,0,-0.0
2026-07-31,5.329518454048365,1.9932566876413649,7.322775141689686,5.1345164065747575,-0.5469579883042135,26.676416580513195,-0.6235316800138904,0.0140455638842376,0.9359222449300562,0.0500321911857061,0.0029311158730021,0.9723974345908288,0.024671449536145,0.9999999999999787,-1.0999999999999996,1.179162573943593,0.0,0.0,0.0,0.0,0.0,0.0,0.0,0,-0.0
2026-08-03,-4.902331269164373,-0.8924705680514844,-5.794801837215857,4.790673202921265,-0.3438432036534928,24.889976765598316,-1.7864398149148784,0.0095177740358852,0.9747163540120892,0.0157658719520256,0.0022569899495082,0.990129220809472,0.0076137892408703,-0.9999999999999787,-0.13000000000000078,-4.997470947743388,0.0,0.0,0.0,0.0,0.0,0.0,0.0,0,-0.0
2026-08-04,-3.570228836512923,-3.3048709599834414,-6.8750997964963645,4.681254075745331,-0.1094191271759337,24.32148891060117,-0.5684878549971479,0.0078498971219786,0.9809741945880234,0.0111759082899979,0.0030793607069754,0.9911813391046186,0.0057393001883704,-4.0000000000000036,0.6400000000000006,-5.814934474975519,0.0,0.0,0.0,0.0,0.0,0.0,0.0,0,-0.0
2026-08-05,0.3369362457459335,-0.4457175738818986,-0.10878132813596508,4.574334084887993,-0.1069199908573379,23.765985336156902,-0.5555035744442662,0.0057985193813772,0.9872982826163896,0.0069031980022331,0.0083765519191892,0.983596676870846,0.0080267712100986,-0.9999999999999787,-0.6899999999999995,-0.7137789048292653,0.0,0.0,0.0,0.0,0.0,0.0,0.0,0,-0.0
2026-08-06,1.904739164216096,3.8999465059193383,5.804685670135434,4.469856149996847,-0.1044779348911459,48.49961693882658,24.733631602669675,0.0694648157455243,0.8163803404562588,0.1141548437982167,0.0425282780125987,0.8798150450344574,0.0776566769530369,3.999999999999959,-0.6600000000000001,2.6983520721728382,0.0,0.0,0.0,0.0,0.0,0.0,0.0,0,-0.0
2026-08-07,0.5390808883746878,-4.060297866778084,-3.521216978403441,4.367764494436539,-0.1020916555603079,47.391884157016804,-1.1077327818097729,0.1722601383060482,0.7677744180620658,0.059965443631886,0.0463172857157274,0.9141637885598688,0.0395189257245443,-0.9999999999999787,-0.25,1.1219783628658497,0.0,0.0,0.0,0.0,0.0,0.0,0.0,0,-0.0
2026-08-10,4.060786882496359,2.638253252493028,6.699040134989431,4.075268372572375,-0.2924961218641639,44.21819144958721,-3.173692707429595,0.0922859440268211,0.8634229065974967,0.0442911493756821,0.0179798657507666,0.9597215998149432,0.0222985344342092,4.0000000000000036,0.5600000000000005,4.880807263924325,0.0,0.0,0.0,0.0,0.0,0.0,0.0,0,-0.0
2026-08-11,-0.21391376342512203,-1.266523459271518,-1.48043722269664,3.982189114303903,-0.0930792582684718,43.208246561098086,-1.0099448884891231,0.0175293226143817,0.9736096408444672,0.008861036541151,0.0031572166828796,0.9926345479896426,0.004208235327368,-2.0000000000000018,-0.1800000000000015,1.1986140058033001,58.0,20.180747873508373,0.0,0.10499999999999998,-0.03210335741028192,0.013333333333361175,20.180747873508373,1,-2.118978526718379
2026-08-12,0.7450727836319615,-1.86742698166098,-1.1223541980290186,3.8912357892324,-0.0909533250715028,42.22136884574172,-0.9868777153563641,0.0060716087845258,0.9836949211567844,0.0102334700586898,0.0011403376825951,0.9940094727719678,0.0048501895452654,-1.000000000000023,-0.7299999999999986,0.23565463951351617,42.0,42.0,7.0,0.058333333333333126,-0.028877109216231475,-5.478333333333296,42.0,1,-2.4499999999999913
2026-08-13,-2.2160407697962903,-3.100020202096321,-5.316060971892611,3.80235984097654,-0.0888759482558603,41.25703144855564,-0.9643373971860854,0.0056789602387715,0.9846835688681732,0.0096374708930553,0.0011561919443855,0.9936250487468122,0.005218759308848,-1.9999999999999574,0.08000000000000007,-2.6232576118145445,25.0,51.28655555115584,2.666666666666668,-0.03833333333333311,-0.003443140381370516,-5.686666666666678,51.28655555115584,1,1.9659846294609624
2026-08-14,4.819998197197339,0.7633801257830086,5.583378322980348,3.71551382218428,-0.0868460187922597,40.31471954796132,-0.9423119005943192,0.008959380824188,0.9705917949363626,0.0204488242394493,0.0017000724432207,0.9846490234944046,0.0136509040625271,2.9999999999999805,-0.3800000000000008,1.4632067240231805,0.0,0.0,0.0,0.0,0.0,0.0,0.0,0,-0.0
2026-08-17,4.2145514970175935,-0.9028645152607151,3.3116869817568784,3.466696976608956,-0.2488168455753241,37.61496338280176,-2.699756165159556,0.0064457747985553,0.963937024031734,0.0296172011697106,0.0014444224711034,0.9668175185169,0.0317380590121442,0.9999999999999787,0.9399999999999995,2.411456026199321,0.0,0.0,0.0,0.0,0.0,0.0,0.0,0,-0.0
2026-08-18,-2.404013328088439,0.7976067004499043,-1.6064066276385347,3.387517508234303,-0.0791794683746531,36.75583643179388,-0.8591269510078803,0.0084163801157844,0.9748412503307008,0.0167423695535148,0.0028647667019882,0.904449890050055,0.0926853432479991,2.0000000000000018,0.6500000000000004,0.5100868931423364,0.0,0.0,0.0,0.0,0.0,0.0,0.0,0,-0.0
2026-08-19,-9.865977500736234,3.0585164886324456,-6.807461012103744,3.310146501416688,-0.0773710068176147,35.91633196746602,-0.8395044643278595,0.031338360888605,0.1700590727924507,0.7986025663189441,0.0101660648856365,0.3087663807418567,0.6810675543727025,0.0,-0.9499999999999993,0.9208168193862498,16.0,26.25306354680867,0.0,-0.09333333333333327,0.0032120077106680134,-5.8433333333333355,26.25306354680867,1,2.450285931035474
2026-08-20,4.386419871673386,0.12294227464546559,4.509362146318807,3.23454265083706,-0.0756038505796281,35.096001811602996,-0.8203301558630258,0.0264074634427266,0.8522209336029879,0.1213716029542854,0.0056984006757734,0.929002620327593,0.0652989789964501,4.0000000000000036,1.120000000000001,2.7906685843573698,8.0,16.279824410194205,0.0,0.0,0.0,0.0,0.0,0,-0.0
2026-08-21,2.3941275242905125,2.191190565929757,4.5853180902202695,3.160665594591164,-0.0738770562458959,34.29440802239422,-0.8015937892087734,0.0127169018460912,0.9568425191411332,0.0304405790127753,0.0031272689176003,0.9809347582842682,0.0159379727982303,0.0,-0.8800000000000008,-2.870902412949494,0.0,0.0,0.0,0.0,0.0,0.0,0.0,0,-0.0
2026-08-24,-5.156879285328131,1.6265441478911846,-3.5303351374369463,2.949005274968856,-0.2116603196223079,31.99781411011837,-2.2965939122758527,0.0119810267958547,0.9646669478517188,0.0233520253524265,0.0037551935914286,0.984698503196702,0.0115463032119035,-2.0000000000000018,0.7199999999999989,-1.002601311156237,0.0,0.0,0.0,0.0,0.0,0.0,0.0,0,-0.0
2026-08-25,-5.004117243914896,-2.06419374111122,-7.068310985026116,2.8816499014009915,-0.0673553735678647,31.26698302580813,-0.730831084310239,0.029464699734024,0.9584264167618104,0.0121088835041655,0.0063388409474433,0.9872376583708306,0.0064235006818998,0.0,-0.40000000000000036,-2.8667376654170518,69.0,16.358793525501994,13.0,-0.009999999999999787,-0.018913774704757233,-2.353333333333385,16.358793525501994,1,0.16358793525501644
2026-08-26,1.1627150921556417,1.6283582942488106,2.7910733864044524,2.8158329266915416,-0.0658169747094499,30.552844146532777,-0.7141388792753531,0.0092894838436401,0.9789031795546788,0.011807336601681,0.0033677714760158,0.985642095246718,0.010990133277427,0.0,-0.23999999999999844,-0.5258138309754301,98.0,45.51622163377049,7.333333333333336,0.05166666666666675,-0.02997164458666679,6.6366666666666685,38.87787063791461,1,-2.008689982958925
2026-08-27,0.7916989652583695,0.6294220719285537,1.4211210371869676,2.751519213762016,-0.0643137129295254,29.855016221802405,-0.6978279247303725,0.0051009236278637,0.9863992413790824,0.0084998349930536,0.0079126610305427,0.930012441832657,0.0620748971367973,1.000000000000023,-0.7000000000000011,1.6045985210202396,44.0,32.78819576704501,0.0,0.008333333333333304,0.004051162423709342,-1.3366666666667193,32.78819576704501,1,-0.2732349647253741
2026-08-28,-2.974410473523248,8.644543163817797,5.670132690294505,2.688674428065914,-0.062844785696102,29.173126708900345,-0.6818895129020603,0.0268054304362101,0.0805202412613557,0.8926743283024342,0.0486963286284219,0.0996125011805073,0.8516911701911655,-2.0000000000000018,-0.08000000000000007,-0.28338665794782614,0.0,0.0,0.0,0.0,0.0,0.0,0.0,0,-0.0
2026-08-31,3.5682378126002945,-1.306375166117757,2.2618626464825375,2.508621944886854,-0.1800524831790602,27.219489685687623,-1.9536370232127211,0.030840910557486,0.7744297657245955,0.1947293237179185,0.1912511400975392,0.5387428418515081,0.2700060180507858,0.0,0.4900000000000002,2.867329300729171,0.0,0.0,0.0,0.0,0.0,0.0,0.0,0,-0.0
2026-09-01,1.9404576925490247,3.0734880469869275,5.013945739535952,2.451324940479095,-0.0572970044077587,26.597795682062802,-0.6216940036248211,0.0247615956251682,0.8787608512959817,0.0964775530788501,0.4313847239439144,0.403489483943755,0.1651257921122296,4.0000000000000036,1.42,4.986748235315819,0.0,0.0,0.0,0.0,0.0,0.0,0.0,0,-0.0
2026-09-02,-5.906280711643053,2.8396673814063966,-3.066613330236656,2.3953366014606328,-0.0559883390184623,25.990301189105008,-0.6074944929577946,0.9999939803207928,6.639562537688063e-17,6.019679207300775e-06,0.9999994085989712,1.7499224145124437e-18,5.914008951370229e-07,-1.000000000000023,-1.1400000000000006,0.7297314961252077,0.0,0.0,0.0,0.0,0.0,0.0,0.0,0,-0.0
2026-09-03,3.462769121903264,-8.352287269316605,-4.889518147413341,2.3406270378726655,-0.0547095635879673,25.3966818895424,-0.593619299562608,0.9999999845592764,4.276095856759865e-13,1.5440295864251657e-08,0.999999998405201,1.1513773388424276e-14,1.5949521446976888e-09,1.000000000000023,-0.879999999999999,0.43313549036740895,0.0,0.0,0.0,0.0,0.0,0.0,0.0,0,-0.0
2026-09-04,-7.748183446577173,9.23769940345327,1.4895159568760974,2.287167042443997,-0.0534599954286685,24.816620873519835,-0.5800610160225652,0.9999201056249464,3.264233350301482e-07,7.956795171871182e-05,0.9999921714344898,8.604856611209259e-09,7.819960645235056e-06,0.0,0.20999999999999908,0.1511552868234567,0.0,0.0,0.0,0.0,0.0,0.0,0.0,0,-0.0
2026-09-08,7.976850754309783,-6.191485935113228,1.7853648191965554,2.0852616276853775,-0.0487406800705363,22.62587134041129,-0.5288546730436963,0.9999994969311758,3.526785815643266e-09,4.995420384032549e-07,0.999999950830444,9.295105952867807e-11,4.907654387754611e-08,2.0000000000000018,1.1900000000000013,1.6265741172834858,58.0,20.180747873508373,0.0,0.10000000000000009,-0.01780254206480518,1.228333333333313,20.180747873508373,1,-2.018074787350839
2026-09-09,-5.2490441015754286,5.394973747620391,0.14592964604496217,2.0376341862861875,-0.0476274413991899,22.109095724793608,-0.5167756156176821,1.0,3.424016638681153e-40,6.339535183093445e-18,1.0,3.955032889372946e-40,5.3700797063401537e-17,0.0,0.7400000000000002,3.186147191506361,39.0,39.0,0.0,0.2150000000000003,-0.048338335179953666,5.023333333333335,39.0,1,-8.385000000000012
2026-09-10,5.274548406042356,6.735765092310242,12.010313498352598,1.9910945571519516,-0.0465396291342359,21.604123280549047,-0.5049724442445616,0.9700523485414906,0.0222896893037132,0.0076579621547961,0.9576491812055664,0.0295221329952874,0.0128286857993359,2.9999999999999805,1.379999999999999,6.285990762514793,22.0,45.132168885017144,0.0,0.22666666666666657,-0.08055220706652248,11.881666666666614,45.132168885017144,1,-10.229958280603881
2026-09-11,-4.251191376218788,4.856389965219421,0.6051985890006328,-0.701148270686821,-2.6922428278387724,21.11068442287086,-0.4934388576781856,0.7831270126063784,0.2041023699790782,0.0127706174145433,0.7831270126063413,0.2041023699792241,0.012770617414548,-4.0000000000000036,-2.0,-2.245749525659413,0.0,0.0,0.0,0.0,0.0,0.0,0.0,0,-0.0
