,cusip,issueDate,securityType,securityTerm,maturityDate,interestRate,refCpiOnIssueDate,refCpiOnDatedDate,announcementDate,auctionDate,auctionDateYear,datedDate,accruedInterestPer1000,accruedInterestPer100,adjustedAccruedInterestPer1000,adjustedPrice,allocationPercentage,allocationPercentageDecimals,announcedCusip,auctionFormat,averageMedianDiscountRate,averageMedianInvestmentRate,averageMedianPrice,averageMedianDiscountMargin,averageMedianYield,backDated,backDatedDate,bidToCoverRatio,callDate,callable,calledDate,cashManagementBillCMB,closingTimeCompetitive,closingTimeNoncompetitive,competitiveAccepted,competitiveBidDecimals,competitiveTendered,competitiveTendersAccepted,corpusCusip,cpiBaseReferencePeriod,currentlyOutstanding,directBidderAccepted,directBidderTendered,estimatedAmountOfPubliclyHeldMaturingSecuritiesByType,fimaIncluded,fimaNoncompetitiveAccepted,fimaNoncompetitiveTendered,firstInterestPeriod,firstInterestPaymentDate,floatingRate,frnIndexDeterminationDate,frnIndexDeterminationRate,highDiscountRate,highInvestmentRate,highPrice,highDiscountMargin,highYield,indexRatioOnIssueDate,indirectBidderAccepted,indirectBidderTendered,interestPaymentFrequency,lowDiscountRate,lowInvestmentRate,lowPrice,lowDiscountMargin,lowYield,maturingDate,maximumCompetitiveAward,maximumNoncompetitiveAward,maximumSingleBid,minimumBidAmount,minimumStripAmount,minimumToIssue,multiplesToBid,multiplesToIssue,nlpExclusionAmount,nlpReportingThreshold,noncompetitiveAccepted,noncompetitiveTendersAccepted,offeringAmount,originalCusip,originalDatedDate,originalIssueDate,originalSecurityTerm,pdfFilenameAnnouncement,pdfFilenameCompetitiveResults,pdfFilenameNoncompetitiveResults,pdfFilenameSpecialAnnouncement,pricePer100,primaryDealerAccepted,primaryDealerTendered,reopening,securityTermDayMonth,securityTermWeekYear,series,somaAccepted,somaHoldings,somaIncluded,somaTendered,spread,standardInterestPaymentPer1000,strippable,term,tiinConversionFactorPer1000,tips,totalAccepted,totalTendered,treasuryRetailAccepted,treasuryRetailTendersAccepted,type,unadjustedAccruedInterestPer1000,unadjustedPrice,updatedTimestamp,xmlFilenameAnnouncement,xmlFilenameCompetitiveResults,xmlFilenameSpecialAnnouncement,tintCusip1,tintCusip2,tintCusip1DueDate,tintCusip2DueDate
0,91282CRE3,2026-09-30T00:00:00,Note,9-Year 10-Month,2036-07-15T00:00:00,2.375000,333.919130,333.969740,2026-09-10T00:00:00,2026-09-17,2026,2026-07-15T00:00:00,,,4.9686800000,97.5981420000,93.14,2,,Single-Price,,,,,2.577000,Yes,2026-07-15T00:00:00,2.24,,No,,No,01:00 PM,12:00 PM,18883984000,3,42369960000,Yes,912821UU7,1982-1984=100,23321000000.000000,5419000000,6875000000,143580000000,Yes,0,0,Normal,2027-01-15T00:00:00,No,,,,,97.598142,,2.6530,0.999850,11164960000,12188960000,Semi-Annual,,,,,2.529000,2026-09-30T00:00:00,6650000000,10000000,6650000000,100,100,100,100,100,7400000000,6650000000,116022000,Yes,19000000000,,2026-07-15T00:00:00,2026-07-31T00:00:00,10-Year,A_20260910_1.pdf,R_20260917_3.pdf,NCR_20260917_3.pdf,,97.598142,2300024000,23306000000,Yes,10-Month,9-Year,D-2036,2860448000,30411000000,No,2860448000,,,Yes,10-Year,3.5557113650,Yes,21860454000,45346430000,20751000,Yes,TIPS,4.969430,97.612784,2026-09-17T13:03:18,A_20260910_1.xml,R_20260917_3.xml,,,,,
1,912797VM6,2026-09-22T00:00:00,Bill,4-Week,2026-10-20T00:00:00,,,,2026-09-15T00:00:00,2026-09-17,2026,,,,,,69.59,2,,Single-Price,3.780000,,,,,,,3.02,,,,No,11:30 AM,11:00 AM,82370750000,3,264170988000,Yes,,,179657000000.000000,2517540000,10300000000,273720000000,Yes,2000000000,2000000000,,,No,,,3.820000,3.885000,99.702889,,,,57591610000,75222988000,None,3.700000,,,,,2026-09-22T00:00:00,31500000000,10000000,31500000000,100,,100,100,100,58800000000,31500000000,5629910800,Yes,90000000000,,,2026-06-23T00:00:00,17-Week,A_20260915_1.pdf,R_20260917_1.pdf,NCR_20260917_2.pdf,,99.702889,22261600000,178648000000,Yes,28-Day,4-Week,,7647249400,20987000000,No,7647249400,,,,4-Week,,No,97647910200,279448148200,4499313500,Yes,Bill,,,2026-09-17T11:33:30,A_20260915_1.xml,R_20260917_1.xml,,,,,
2,912797VX2,2026-09-22T00:00:00,Bill,8-Week,2026-11-17T00:00:00,,,,2026-09-15T00:00:00,2026-09-17,2026,,,,,,2.93,2,,Single-Price,3.890000,,,,,,,2.94,,,,No,11:30 AM,11:00 AM,82230035000,3,247002990000,Yes,,,76223000000.000000,3952930000,10450000000,273720000000,Yes,1400000000,1400000000,,,No,,,3.920000,3.999000,99.390222,,,,51331190000,64113990000,None,3.790000,,,,,2026-09-22T00:00:00,29750000000,10000000,29750000000,100,,100,100,100,24800000000,29750000000,1370009700,Yes,85000000000,,,2026-07-21T00:00:00,17-Week,A_20260915_3.pdf,R_20260917_2.pdf,NCR_20260917_1.pdf,,99.390222,26945915000,172439000000,Yes,56-Day,8-Week,,7222402100,20987000000,No,7222402100,,,,8-Week,,No,92222446800,256995401800,887775500,Yes,Bill,,,2026-09-17T11:33:31,A_20260915_3.xml,R_20260917_2.xml,,,,,
3,912797WQ6,2026-09-22T00:00:00,Bill,17-Week,2027-01-19T00:00:00,,,,2026-09-15T00:00:00,2026-09-16,2026,,,,,,23.62,2,,Single-Price,4.010000,,,,,,,2.72,,,,No,11:30 AM,11:00 AM,71447045000,3,195221110000,Yes,,,,3785000000,9385000000,273720000000,Yes,0,0,,,No,,,4.030000,4.141000,98.667861,,,,37458865000,45524110000,None,3.920000,,,,,2026-09-22T00:00:00,25200000000,10000000,25200000000,100,,100,100,100,0,25200000000,553112600,Yes,72000000000,,,,17-Week,A_20260915_2.pdf,R_20260916_1.pdf,NCR_20260916_1.pdf,,98.667861,30203180000,140312000000,No,119-Day,17-Week,,6117799400,20987000000,No,6117799400,,,,17-Week,,No,78117957000,201892022000,380405600,Yes,Bill,,,2026-09-16T11:33:24,A_20260915_2.xml,R_20260916_1.xml,,,,,
4,912810UX4,2026-09-18T00:00:00,Bond,19-Year 11-Month,2046-08-15T00:00:00,5.125000,,,2026-09-10T00:00:00,2026-09-15,2026,2026-08-15T00:00:00,4.7350500000,,,,30.14,2,,Single-Price,,,,,5.360000,Yes,2026-08-15T00:00:00,2.57,,No,,No,01:00 PM,12:00 PM,12914903200,3,33298440000,Yes,912803HY2,,18053000000.000000,3962584000,5079500000,0,Yes,0,0,Normal,2027-02-15T00:00:00,No,,,,,96.42384,,5.4200,,6775838200,8915040000,Semi-Annual,,,,,4.880000,2026-09-18T00:00:00,4550000000,10000000,4550000000,100,100,100,100,100,5600000000,4550000000,85105400,Yes,13000000000,,2026-08-15T00:00:00,2026-08-31T00:00:00,20-Year,A_20260910_4.pdf,R_20260915_2.pdf,NCR_20260915_2.pdf,,96.42384,2176481000,19303900000,Yes,11-Month,19-Year,Bonds of August 2046,0,0,No,0,,25.6250,Yes,20-Year,,No,13000008600,33383545400,38754400,Yes,Bond,,,2026-09-15T13:03:35,A_20260910_4.xml,R_20260915_2.xml,,,,,
5,912797SK4,2026-09-17T00:00:00,Bill,6-Week,2026-10-29T00:00:00,,,,2026-09-10T00:00:00,2026-09-15,2026,,,,,,35.19,2,,Single-Price,3.820000,,,,,,,3.16,,,,No,11:30 AM,11:00 AM,71719748500,3,234082361000,Yes,,,233607000000.000000,2232785000,9130000000,260196000000,Yes,2000000000,2000000000,,,No,,,3.850000,3.921000,99.550833,,,,49329998500,75382361000,None,3.600000,,,,,2026-09-17T00:00:00,26250000000,10000000,26250000000,100,,100,100,100,74000000000,26250000000,1280853800,Yes,75000000000,,,2025-10-30T00:00:00,52-Week,A_20260910_3.pdf,R_20260915_1.pdf,NCR_20260915_1.pdf,,99.550833,20156965000,149570000000,Yes,42-Day,6-Week,,6696051600,21963000000,No,6696051600,,,,6-Week,,No,81696653900,244059266400,754614800,Yes,Bill,,,2026-09-15T11:33:24,A_20260910_3.xml,R_20260915_1.xml,,,,,
6,912797VH7,2026-09-17T00:00:00,Bill,13-Week,2026-12-17T00:00:00,,,,2026-09-10T00:00:00,2026-09-14,2026,,,,,,13.86,2,,Single-Price,3.925000,,,,,,,2.64,,,,No,11:30 AM,11:00 AM,89869688900,3,240736314900,Yes,,,83445000000.000000,6098600000,12585000000,260196000000,Yes,300000000,300000000,,,No,,,3.970000,4.066000,98.996472,,,,49545728900,62559314900,None,3.840000,,,,,2026-09-17T00:00:00,32200000000,10000000,32200000000,100,,100,100,100,27000000000,32200000000,1830839900,Yes,92000000000,,,2026-06-18T00:00:00,26-Week,A_20260910_5.pdf,R_20260914_2.pdf,NCR_20260914_2.pdf,,98.996472,34225360000,165592000000,Yes,91-Day,13-Week,,8213823300,21963000000,No,8213823300,,,,13-Week,,No,100214352100,251080978100,990117800,Yes,Bill,,,2026-09-14T11:33:36,A_20260910_5.xml,R_20260914_2.xml,,,,,
7,912797UD7,2026-09-17T00:00:00,Bill,26-Week,2027-03-18T00:00:00,,,,2026-09-10T00:00:00,2026-09-14,2026,,,,,,82.5,2,,Single-Price,4.020000,,,,,,,2.74,,,,No,11:30 AM,11:00 AM,77087100000,3,214891475000,Yes,,,54007000000.000000,4745375000,11751000000,260196000000,Yes,100000000,100000000,,,No,,,4.060000,4.203000,97.947444,,,,46835225000,59961475000,None,3.945000,,,,,2026-09-17T00:00:00,27650000000,10000000,27650000000,100,,100,100,100,16700000000,27650000000,1812911100,Yes,79000000000,,,2026-03-19T00:00:00,52-Week,A_20260910_2.pdf,R_20260914_1.pdf,NCR_20260914_1.pdf,,97.947444,25506500000,143179000000,Yes,182-Day,26-Week,,7053174300,21963000000,No,7053174300,,,,26-Week,,No,86053185400,223857560400,834350200,Yes,Bill,,,2026-09-14T11:33:37,A_20260910_2.xml,R_20260914_1.xml,,,,,
8,912797VL8,2026-09-15T00:00:00,Bill,4-Week,2026-10-13T00:00:00,,,,2026-09-08T00:00:00,2026-09-10,2026,,,,,,34.21,2,,Single-Price,3.700000,,,,,,,2.81,,,,No,11:30 AM,11:00 AM,82331395000,3,245269315000,Yes,,,181050000000.000000,3225000000,10275000000,276542000000,Yes,2000000000,2000000000,,,No,,,3.775000,3.839000,99.706389,,,,59097985000,73284315000,None,3.600000,,,,,2026-09-15T00:00:00,31500000000,10000000,31500000000,100,,100,100,100,57300000000,31500000000,5668899100,Yes,90000000000,,,2026-06-16T00:00:00,17-Week,A_20260908_3.pdf,R_20260910_2.pdf,NCR_20260910_1.pdf,,99.706389,20008410000,161710000000,Yes,28-Day,4-Week,,7059428300,19374000000,No,7059428300,,,,4-Week,,No,97059722400,259997642400,4471274400,Yes,Bill,,,2026-09-10T11:33:20,A_20260908_3.xml,R_20260910_2.xml,,,,,
9,912797VW4,2026-09-15T00:00:00,Bill,8-Week,2026-11-10T00:00:00,,,,2026-09-08T00:00:00,2026-09-10,2026,,,,,,71.44,2,,Single-Price,3.805000,,,,,,,2.82,,,,No,11:30 AM,11:00 AM,82421110000,3,237376430000,Yes,,,76456000000.000000,4937200000,11455000000,276542000000,Yes,1300000000,1300000000,,,No,,,3.845000,3.922000,99.401889,,,,54641630000,70994430000,None,3.700000,,,,,2026-09-15T00:00:00,29750000000,10000000,29750000000,100,,100,100,100,24800000000,29750000000,1279464300,Yes,85000000000,,,2026-07-14T00:00:00,17-Week,A_20260908_2.pdf,R_20260910_1.pdf,NCR_20260910_2.pdf,,99.401889,22842280000,154927000000,Yes,56-Day,8-Week,,6667237800,19374000000,No,6667237800,,,,8-Week,,No,91667812100,246623132100,830095300,Yes,Bill,,,2026-09-10T11:33:21,A_20260908_2.xml,R_20260910_1.xml,,,,,
10,912810UW6,2026-09-15T00:00:00,Bond,29-Year 11-Month,2056-08-15T00:00:00,5.125000,,,2026-09-03T00:00:00,2026-09-10,2026,2026-08-15T00:00:00,4.3172600000,,,,64.29,2,,Single-Price,,,,,5.250000,Yes,2026-08-15T00:00:00,2.61,,No,,No,01:00 PM,12:00 PM,21957470500,3,57424319000,Yes,912803HX4,,31323000000.000000,4019900000,7991900000,43081000000,Yes,0,0,Normal,2027-02-15T00:00:00,No,,,,,97.262274,,5.3080,,17452770500,21120619000,Semi-Annual,,,,,4.000000,2026-09-15T00:00:00,7700000000,10000000,7700000000,100,100,100,100,100,8800000000,7700000000,42553500,Yes,22000000000,,2026-08-15T00:00:00,2026-08-17T00:00:00,30-Year,A_20260903_5.pdf,R_20260910_3.pdf,NCR_20260910_3.pdf,,97.262274,484800000,28311800000,Yes,11-Month,29-Year,Bonds of August 2056,0,0,No,0,,25.6250,Yes,30-Year,,No,22000024000,57466872500,17146500,Yes,Bond,,,2026-09-10T13:03:28,A_20260903_5.xml,R_20260910_3.xml,,,,,
11,912797WP8,2026-09-15T00:00:00,Bill,17-Week,2027-01-12T00:00:00,,,,2026-09-08T00:00:00,2026-09-09,2026,,,,,,37.41,2,,Single-Price,3.865000,,,,,,,2.73,,,,No,11:30 AM,11:00 AM,71370018400,3,195931713400,Yes,,,,5862410000,11550000000,276542000000,Yes,0,0,,,No,,,3.895000,4.001000,98.712486,,,,31190783400,33880713400,None,3.775000,,,,,2026-09-15T00:00:00,25200000000,10000000,25200000000,100,,100,100,100,0,25200000000,630049500,Yes,72000000000,,,,17-Week,A_20260908_1.pdf,R_20260909_1.pdf,NCR_20260909_1.pdf,,98.712486,34316825000,150501000000,No,119-Day,17-Week,,5647542600,19374000000,No,5647542600,,,,17-Week,,No,77647610500,202209305500,404433300,Yes,Bill,,,2026-09-09T11:33:24,A_20260908_1.xml,R_20260909_1.xml,,,,,
12,91282CRF0,2026-09-15T00:00:00,Note,9-Year 11-Month,2036-08-15T00:00:00,4.625000,,,2026-09-03T00:00:00,2026-09-09,2026,2026-08-15T00:00:00,3.8960600000,,,,89.25,2,,Single-Price,,,,,4.769000,Yes,2026-08-15T00:00:00,2.71,,No,,No,01:00 PM,12:00 PM,38901890000,3,105714440000,Yes,912821UZ6,,52623000000.000000,6420800000,14004800000,43081000000,Yes,0,0,Normal,2027-02-15T00:00:00,No,,,,,98.361116,,4.8340,,30804090000,36194640000,Semi-Annual,,,,,4.000000,2026-09-15T00:00:00,13650000000,10000000,13650000000,100,100,100,100,100,14700000000,13650000000,98150000,Yes,39000000000,,2026-08-15T00:00:00,2026-08-17T00:00:00,10-Year,A_20260903_1.pdf,R_20260909_2.pdf,NCR_20260909_2.pdf,,98.361116,1677000000,55515000000,Yes,11-Month,9-Year,E-2036,0,0,No,0,,23.1250,Yes,10-Year,,No,39000040000,105812590000,37804000,Yes,Note,,,2026-09-09T13:03:22,A_20260903_1.xml,R_20260909_2.xml,,,,,
13,91282CRL7,2026-09-15T00:00:00,Note,3-Year,2029-09-15T00:00:00,4.375000,,,2026-09-03T00:00:00,2026-09-08,2026,2026-09-15T00:00:00,,,,,29.35,2,,Single-Price,,,,,4.430000,No,,2.72,,No,,No,01:00 PM,12:00 PM,57619163700,3,157491500000,Yes,912821VD4,,,15525163700,22107500000,43081000000,Yes,105000000,105000000,Normal,2027-03-15T00:00:00,No,,,,,99.724933,,4.4740,,35809000000,44887000000,Semi-Annual,,,,,4.370000,2026-09-15T00:00:00,20300000000,10000000,20300000000,100,100,100,100,100,0,20300000000,275925100,Yes,58000000000,,,,3-Year,A_20260903_3.pdf,R_20260908_3.pdf,NCR_20260908_3.pdf,SPL_20260903_1.pdf,99.724933,6285000000,90497000000,No,0-Month,3-Year,AS-2029,0,0,No,0,,21.8750,Yes,3-Year,,No,58000088800,157872425100,107718100,Yes,Note,,,2026-09-08T13:03:18,A_20260903_3.xml,R_20260908_3.xml,,912834L63,,,
14,912797UL9,2026-09-10T00:00:00,Bill,6-Week,2026-10-22T00:00:00,,,,2026-09-03T00:00:00,2026-09-08,2026,,,,,,46.45,2,,Single-Price,3.700000,,,,,,,2.93,,,,No,01:00 PM,12:00 PM,71807279500,3,216680725000,Yes,,,180130000000.000000,2750000000,8525000000,258883000000,Yes,2000000000,2000000000,,,No,,,3.740000,3.809000,99.563667,,,,45217329500,55665725000,None,3.630000,,,,,2026-09-10T00:00:00,26250000000,10000000,26250000000,100,,100,100,100,58400000000,26250000000,1192978200,Yes,75000000000,,,2026-04-23T00:00:00,26-Week,A_20260903_6.pdf,R_20260908_4.pdf,NCR_20260908_4.pdf,SPL_20260903_1.pdf,99.563667,23839950000,152490000000,Yes,42-Day,6-Week,,5761677100,18898000000,No,5761677100,,,,6-Week,,No,80761934800,225635380300,764516200,Yes,Bill,,,2026-09-08T13:03:17,A_20260903_6.xml,R_20260908_4.xml,,,,,
15,912797VG9,2026-09-10T00:00:00,Bill,13-Week,2026-12-10T00:00:00,,,,2026-09-03T00:00:00,2026-09-08,2026,,,,,,20.33,2,,Single-Price,3.755000,,,,,,,2.61,,,,No,11:30 AM,11:00 AM,89654483200,3,237985039200,Yes,,,81951000000.000000,7230000000,13330000000,258883000000,Yes,500000000,500000000,,,No,,,3.800000,3.890000,99.039444,,,,46546339200,52888039200,None,3.680000,,,,,2026-09-10T00:00:00,32200000000,10000000,32200000000,100,,100,100,100,27000000000,32200000000,1845664000,Yes,92000000000,,,2026-06-11T00:00:00,26-Week,A_20260903_2.pdf,R_20260908_2.pdf,NCR_20260908_2.pdf,SPL_20260903_1.pdf,99.039444,35878144000,171767000000,Yes,91-Day,13-Week,,7067657200,18898000000,No,7067657200,,,,13-Week,,No,99067804400,247398360400,1027855500,Yes,Bill,,,2026-09-08T11:33:21,A_20260903_2.xml,R_20260908_2.xml,,,,,
16,912797WK9,2026-09-10T00:00:00,Bill,26-Week,2027-03-11T00:00:00,,,,2026-09-03T00:00:00,2026-09-08,2026,,,,,,79.1,2,,Single-Price,3.860000,,,,,,,2.88,,,,No,11:30 AM,11:00 AM,76844960500,3,225212614000,Yes,,,,6537750000,13065000000,258883000000,Yes,210000000,210000000,,,No,,,3.890000,4.023000,98.033389,,,,49517160500,62183614000,None,3.680000,,,,,2026-09-10T00:00:00,27650000000,10000000,27650000000,100,,100,100,100,0,27650000000,1945113200,Yes,79000000000,,,,26-Week,A_20260903_4.pdf,R_20260908_1.pdf,NCR_20260908_1.pdf,SPL_20260903_1.pdf,98.033389,20790050000,149964000000,No,182-Day,26-Week,,6068966500,18898000000,No,6068966500,,,,26-Week,,No,85069040200,233436693700,929737300,Yes,Bill,,,2026-09-08T11:33:20,A_20260903_4.xml,R_20260908_1.xml,,,,,
17,912797VK0,2026-09-08T00:00:00,Bill,4-Week,2026-10-06T00:00:00,,,,2026-09-01T00:00:00,2026-09-03,2026,,,,,,58.44,2,,Single-Price,3.660000,,,,,,,2.97,,,,No,11:30 AM,11:00 AM,82222291900,3,259672244700,Yes,,,177364000000.000000,2775320000,9500000000,270846000000,Yes,1900000000,1900000000,,,No,,,3.700000,3.762000,99.712222,,,,55571291900,68662244700,None,3.590000,,,,,2026-09-08T00:00:00,31500000000,10000000,31500000000,100,,100,100,100,59200000000,31500000000,5878560400,Yes,90000000000,,,2026-06-09T00:00:00,17-Week,A_20260901_2.pdf,R_20260903_2.pdf,NCR_20260903_2.pdf,,99.712222,23875680000,181510000000,Yes,28-Day,4-Week,,5384482800,14777000000,No,5384482800,,,,4-Week,,No,95385335100,272835287900,4678565200,Yes,Bill,,,2026-09-03T11:33:27,A_20260901_2.xml,R_20260903_2.xml,,,,,
18,912797VP9,2026-09-08T00:00:00,Bill,8-Week,2026-11-03T00:00:00,,,,2026-09-01T00:00:00,2026-09-03,2026,,,,,,89.23,2,,Single-Price,3.735000,,,,,,,3.02,,,,No,11:30 AM,11:00 AM,82760154400,3,254764908000,Yes,,,74703000000.000000,3817690000,10675000000,270846000000,Yes,1100000000,1100000000,,,No,,,3.750000,3.824000,99.416667,,,,58066329400,76129908000,None,3.590000,,,,,2026-09-08T00:00:00,29750000000,10000000,29750000000,100,,100,100,100,24400000000,29750000000,1141011500,Yes,85000000000,,,2026-07-07T00:00:00,17-Week,A_20260901_3.pdf,R_20260903_1.pdf,NCR_20260903_1.pdf,,99.416667,20876135000,167960000000,Yes,56-Day,8-Week,,5085344800,14777000000,No,5085344800,,,,8-Week,,No,90086510700,262091264300,721616500,Yes,Bill,,,2026-09-03T11:33:26,A_20260901_3.xml,R_20260903_1.xml,,,,,
19,912797WN3,2026-09-08T00:00:00,Bill,17-Week,2027-01-05T00:00:00,,,,2026-09-01T00:00:00,2026-09-02,2026,,,,,,76.38,2,,Single-Price,3.830000,,,,,,,2.78,,,,No,11:30 AM,11:00 AM,70938204500,3,199033144500,Yes,,,,4726380000,10300000000,270846000000,Yes,500000000,500000000,,,No,,,3.855000,3.959000,98.725708,,,,36341744500,41984144500,None,3.735000,,,,,2026-09-08T00:00:00,25200000000,10000000,25200000000,100,,100,100,100,0,25200000000,562029200,Yes,72000000000,,,,17-Week,A_20260901_1.pdf,R_20260902_1.pdf,NCR_20260902_1.pdf,,98.725708,29870080000,146749000000,No,119-Day,17-Week,,4307586200,14777000000,No,4307586200,,,,17-Week,,No,76307819900,204402759900,341713200,Yes,Bill,,,2026-09-02T11:33:25,A_20260901_1.xml,R_20260902_1.xml,,,,,
20,912797UK1,2026-09-03T00:00:00,Bill,6-Week,2026-10-15T00:00:00,,,,2026-08-27T00:00:00,2026-09-01,2026,,,,,,52.35,2,,Single-Price,3.700000,,,,,,,2.85,,,,No,11:30 AM,11:00 AM,81777051000,3,238916146000,Yes,,,175764000000.000000,2800000000,10000000000,307429000000,Yes,1900000000,1900000000,,,No,,,3.735000,3.803000,99.56425,,,,55362701000,64731146000,None,3.400000,,,,,2026-09-03T00:00:00,29750000000,10000000,29750000000,100,,100,100,100,57900000000,29750000000,1322949000,Yes,85000000000,,,2026-04-16T00:00:00,26-Week,A_20260827_4.pdf,R_20260901_1.pdf,NCR_20260901_1.pdf,,99.56425,23614350000,164185000000,Yes,42-Day,6-Week,,5124268500,18568000000,No,5124268500,,,,6-Week,,No,90124268500,247263363500,775862700,Yes,Bill,,,2026-09-01T11:33:19,A_20260827_4.xml,R_20260901_1.xml,,,,,
21,912797WA1,2026-09-03T00:00:00,Bill,52-Week,2027-09-02T00:00:00,,,,2026-08-27T00:00:00,2026-09-01,2026,,,,,,34.18,2,,Single-Price,3.965000,,,,,,,3.61,,,,No,11:30 AM,11:00 AM,50543831500,3,186275413000,Yes,,,,1674688000,7100000000,307429000000,Yes,101700000,101700000,,,No,,,3.980000,4.161000,95.975778,,,,38032248500,76468413000,None,3.700000,,,,,2026-09-03T00:00:00,18200000000,10000000,18200000000,100,,100,100,100,0,18200000000,1354666900,Yes,52000000000,,,,52-Week,A_20260827_1.pdf,R_20260901_2.pdf,NCR_20260901_2.pdf,,95.975778,10836895000,102707000000,No,364-Day,52-Week,,3134846500,18568000000,No,3134846500,,,,52-Week,,No,55135044900,190866626400,545360100,Yes,Bill,,,2026-09-01T11:33:20,A_20260827_1.xml,R_20260901_2.xml,,,,,
22,912797VA2,2026-09-03T00:00:00,Bill,13-Week,2026-12-03T00:00:00,,,,2026-08-27T00:00:00,2026-08-31,2026,,,,,,66.77,2,,Single-Price,3.740000,,,,,,,2.77,,,,No,11:30 AM,11:00 AM,89426898300,3,252032659400,Yes,,,81875000000.000000,6716692500,14175000000,307429000000,Yes,900000000,900000000,,,No,,,3.770000,3.859000,99.047028,,,,46488335800,64635659400,None,3.650000,,,,,2026-09-03T00:00:00,32200000000,10000000,32200000000,100,,100,100,100,27000000000,32200000000,1673822500,Yes,92000000000,,,2026-06-04T00:00:00,26-Week,A_20260827_2.pdf,R_20260831_1.pdf,NCR_20260831_1.pdf,,99.047028,36221870000,173222000000,Yes,91-Day,13-Week,,5546267100,18568000000,No,5546267100,,,,13-Week,,No,97546987900,260152749000,936165700,Yes,Bill,,,2026-08-31T11:33:37,A_20260827_2.xml,R_20260831_1.xml,,,,,
23,912797WD5,2026-09-03T00:00:00,Bill,26-Week,2027-03-04T00:00:00,,,,2026-08-27T00:00:00,2026-08-31,2026,,,,,,49.27,2,,Single-Price,3.840000,,,,,,,2.63,,,,No,11:30 AM,11:00 AM,77136887000,3,206212625000,Yes,,,,7160000000,13210000000,307429000000,Yes,200000000,200000000,,,No,,,3.885000,4.018000,98.035917,,,,36481685000,45463625000,None,3.760000,,,,,2026-09-03T00:00:00,27650000000,10000000,27650000000,100,,100,100,100,0,27650000000,1663465000,Yes,79000000000,,,,26-Week,A_20260827_3.pdf,R_20260831_2.pdf,NCR_20260831_2.pdf,,98.035917,33495202000,147539000000,No,182-Day,26-Week,,4762555400,18568000000,No,4762555400,,,,26-Week,,No,83762907400,212838645400,781016900,Yes,Bill,,,2026-08-31T11:33:38,A_20260827_3.xml,R_20260831_2.xml,,,,,
24,912797VE4,2026-09-01T00:00:00,Bill,4-Week,2026-09-29T00:00:00,,,,2026-08-25T00:00:00,2026-08-27,2026,,,,,,93.57,2,,Single-Price,3.615000,,,,,,,2.73,,,,No,11:30 AM,11:00 AM,92339706900,3,265200980000,Yes,,,177169000000.000000,2350000000,9800000000,252848000000,Yes,2000000000,2000000000,,,No,,,3.650000,3.711000,99.716111,,,,60912261900,67425980000,None,3.540000,,,,,2026-09-01T00:00:00,35000000000,10000000,35000000000,100,,100,100,100,57900000000,35000000000,5660893800,Yes,100000000000,,,2026-06-02T00:00:00,17-Week,A_20260825_2.pdf,R_20260827_1.pdf,NCR_20260827_2.pdf,,99.716111,29077445000,187975000000,Yes,28-Day,4-Week,,8521960400,22328000000,No,8521960400,,,,4-Week,,No,108522561100,281383834200,4592293900,Yes,Bill,,,2026-08-27T11:33:29,A_20260825_2.xml,R_20260827_1.xml,,,,,
25,912797VN4,2026-09-01T00:00:00,Bill,8-Week,2026-10-27T00:00:00,,,,2026-08-25T00:00:00,2026-08-27,2026,,,,,,80.38,2,,Single-Price,3.645000,,,,,,,2.77,,,,No,11:30 AM,11:00 AM,87734203000,3,247058041000,Yes,,,74410000000.000000,2956330000,10125000000,252848000000,Yes,1100000000,1100000000,,,No,,,3.670000,3.742000,99.429111,,,,50297233000,63052041000,None,3.500000,,,,,2026-09-01T00:00:00,31500000000,10000000,31500000000,100,,100,100,100,24100000000,31500000000,1167087100,Yes,90000000000,,,2026-06-30T00:00:00,17-Week,A_20260825_3.pdf,R_20260827_2.pdf,NCR_20260827_1.pdf,,99.429111,34480640000,173881000000,Yes,56-Day,8-Week,,7669764200,22328000000,No,7669764200,,,,8-Week,,No,97671054300,256994892300,768675100,Yes,Bill,,,2026-08-27T11:33:30,A_20260825_3.xml,R_20260827_2.xml,,,,,
26,91282CRJ2,2026-08-31T00:00:00,Note,7-Year,2033-08-31T00:00:00,4.500000,,,2026-08-20T00:00:00,2026-08-27,2026,2026-08-31T00:00:00,,,,,97.63,2,,Single-Price,,,,,4.460000,No,,2.5,,No,,No,01:00 PM,12:00 PM,43893808500,3,110113656000,Yes,912821VC6,,,11833130000,18576500000,132370000000,Yes,0,0,Normal,2027-02-28T00:00:00,No,,,,,99.928654,,4.5120,,26677491000,32034156000,Semi-Annual,,,,,4.350000,2026-08-31T00:00:00,15400000000,10000000,15400000000,100,100,100,100,100,0,15400000000,106307200,Yes,44000000000,,,,7-Year,A_20260820_6.pdf,R_20260827_3.pdf,NCR_20260827_3.pdf,,99.928654,5383187500,59503000000,No,0-Month,7-Year,P-2033,5656451900,26611000000,No,5656451900,,22.5000,Yes,7-Year,,No,49656567600,115876415100,20790200,Yes,Note,,,2026-08-27T13:03:39,A_20260820_6.xml,R_20260827_3.xml,,912834L55,,,
27,912797WH6,2026-09-01T00:00:00,Bill,17-Week,2026-12-29T00:00:00,,,,2026-08-25T00:00:00,2026-08-26,2026,,,,,,34.83,2,,Single-Price,3.730000,,,,,,,3.09,,,,No,11:30 AM,11:00 AM,71431807000,3,221970520000,Yes,,,,5104490000,10550000000,252848000000,Yes,0,0,,,No,,,3.750000,3.850000,98.760417,,,,43062187000,65738520000,None,3.400000,,,,,2026-09-01T00:00:00,25200000000,10000000,25200000000,100,,100,100,100,0,25200000000,568835800,Yes,72000000000,,,,17-Week,A_20260825_1.pdf,R_20260826_1.pdf,NCR_20260826_2.pdf,,98.760417,23265130000,145682000000,No,119-Day,17-Week,,6135811400,22328000000,No,6135811400,,,,17-Week,,No,78136454200,228675167200,388921800,Yes,Bill,,,2026-08-26T11:33:35,A_20260825_1.xml,R_20260826_1.xml,,,,,
28,91282CRK9,2026-08-31T00:00:00,Note,5-Year,2031-08-31T00:00:00,4.375000,,,2026-08-20T00:00:00,2026-08-26,2026,2026-08-31T00:00:00,,,,,19.22,2,,Single-Price,,,,,4.340000,No,,2.37,,No,,No,01:00 PM,12:00 PM,69797539000,3,165795079000,Yes,912821VB8,,,19848750000,25616000000,132370000000,Yes,0,0,Normal,2027-02-28T00:00:00,No,,,,,99.919982,,4.3930,,42935179000,50722079000,Semi-Annual,,,,,4.280000,2026-08-31T00:00:00,24500000000,10000000,24500000000,100,100,100,100,100,0,24500000000,202507900,Yes,70000000000,,,,5-Year,A_20260820_7.pdf,R_20260826_3.pdf,NCR_20260826_3.pdf,,99.919982,7013610000,89457000000,No,0-Month,5-Year,AC-2031,8998900900,26611000000,No,8998900900,,21.8750,Yes,5-Year,,No,78998947800,174996487800,65221900,Yes,Note,,,2026-08-26T13:03:23,A_20260820_7.xml,R_20260826_3.xml,,,,,
29,91282CRD5,2026-08-28T00:00:00,Note,1-Year 11-Month,2028-07-31T00:00:00,,,,2026-08-20T00:00:00,2026-08-26,2026,2026-07-31T00:00:00,,0.2977981640,,,79.14,2,,Single-Price,,,,0.045000,,Yes,2026-07-31T00:00:00,3.14,,No,,No,11:30 AM,11:00 AM,27986314200,3,87907000000,Yes,,,33317000000.000000,100000000,1200000000,0,Yes,0,0,Normal,2026-10-31T00:00:00,Yes,2026-08-24T00:00:00,3.715000,,,99.988631,0.055000,,,18627453000,23094000000,Quarterly,,,,0.010000,,2026-08-28T00:00:00,9800000000,10000000,9800000000,100,,100,100,100,10500000000,9800000000,13696500,Yes,28000000000,,2026-07-31T00:00:00,2026-07-31T00:00:00,2-Year,A_20260820_1.pdf,R_20260826_2.pdf,NCR_20260826_1.pdf,,99.988631,9258861200,63613000000,Yes,11-Month,1-Year,BF-2028,0,0,No,0,0.0500,,No,2-Year,,No,28000010700,87920696500,3150500,Yes,FRN,,,2026-08-26T11:33:36,A_20260820_1.xml,R_20260826_2.xml,,,,,
30,91282CRH6,2026-08-31T00:00:00,Note,2-Year,2028-08-31T00:00:00,4.125000,,,2026-08-20T00:00:00,2026-08-25,2026,2026-08-31T00:00:00,,,,,85.68,2,,Single-Price,,,,,4.157000,No,,2.6,,No,,No,01:00 PM,12:00 PM,68107241800,3,178430485000,Yes,912821VA0,,,15727302400,22980900000,132370000000,Yes,155000000,155000000,Normal,2027-02-28T00:00:00,No,,,,,99.849966,,4.2040,,44958379400,59586085000,Semi-Annual,,,,,4.100000,2026-08-31T00:00:00,24150000000,10000000,24150000000,100,100,100,100,100,0,24150000000,737951900,Yes,69000000000,,,,2-Year,A_20260820_5.pdf,R_20260825_2.pdf,NCR_20260825_2.pdf,SPL_20260820_1.pdf,99.849966,7421560000,95863500000,No,0-Month,2-Year,BG-2028,8870345200,26611000000,No,8870345200,,20.6250,Yes,2-Year,,No,77870538900,188193782100,339406300,Yes,Note,,,2026-08-25T13:03:28,A_20260820_5.xml,R_20260825_2.xml,,,,,
31,912797UJ4,2026-08-27T00:00:00,Bill,6-Week,2026-10-08T00:00:00,,,,2026-08-20T00:00:00,2026-08-25,2026,,,,,,27.88,2,,Single-Price,3.625000,,,,,,,2.71,,,,No,11:30 AM,11:00 AM,91628591600,3,254508932000,Yes,,,179500000000.000000,1584860000,10170000000,259182000000,Yes,2000000000,2000000000,,,No,,,3.650000,3.717000,99.574167,,,,59741291600,70185932000,None,3.540000,,,,,2026-08-27T00:00:00,33250000000,10000000,33250000000,100,,100,100,100,57200000000,33250000000,1371814800,Yes,95000000000,,,2026-04-09T00:00:00,26-Week,A_20260820_2.pdf,R_20260825_1.pdf,NCR_20260825_1.pdf,,99.574167,30302440000,174153000000,Yes,42-Day,6-Week,,4278865800,11981000000,No,4278865800,,,,6-Week,,No,99279272200,262159612600,812502800,Yes,Bill,,,2026-08-25T11:56:51,A_20260820_2.xml,R_20260825_1.xml,,,,,
32,912797SU2,2026-08-27T00:00:00,Bill,13-Week,2026-11-27T00:00:00,,,,2026-08-20T00:00:00,2026-08-24,2026,,,,,,97.66,2,,Single-Price,3.700000,,,,,,,3.08,,,,No,11:30 AM,11:00 AM,89860422900,3,280916600500,Yes,,,132258000000.000000,7148245000,15175000000,259182000000,Yes,500000000,500000000,,,No,,,3.715000,3.803000,99.050611,,,,53173137900,85014600500,None,3.625000,,,,,2026-08-27T00:00:00,32200000000,10000000,32200000000,100,,100,100,100,41100000000,32200000000,1640382900,Yes,92000000000,,,2025-11-28T00:00:00,52-Week,A_20260820_4.pdf,R_20260824_1.pdf,NCR_20260824_1.pdf,,99.050611,29539040000,180727000000,Yes,92-Day,13-Week,,4143743700,11981000000,No,4143743700,,,,13-Week,,No,96144549500,287200727100,837723600,Yes,Bill,,,2026-08-24T11:33:39,A_20260820_4.xml,R_20260824_1.xml,,,,,
33,912797WC7,2026-08-27T00:00:00,Bill,26-Week,2027-02-25T00:00:00,,,,2026-08-20T00:00:00,2026-08-24,2026,,,,,,59.64,2,,Single-Price,3.770000,,,,,,,3.05,,,,No,11:30 AM,11:00 AM,76888419100,3,238680344000,Yes,,,,8613640000,14979000000,259182000000,Yes,267000000,267000000,,,No,,,3.790000,3.918000,98.083944,,,,46257799100,65797344000,None,3.500000,,,,,2026-08-27T00:00:00,27650000000,10000000,27650000000,100,,100,100,100,0,27650000000,1845020700,Yes,79000000000,,,,26-Week,A_20260820_3.pdf,R_20260824_2.pdf,NCR_20260824_2.pdf,,98.083944,22016980000,157904000000,No,182-Day,26-Week,,3558214700,11981000000,No,3558214700,,,,26-Week,,No,82558654500,244350579400,886766200,Yes,Bill,,,2026-08-24T11:33:40,A_20260820_3.xml,R_20260824_2.xml,,,,,
34,912810US5,2026-08-31T00:00:00,Bond,29-Year 6-Month,2056-02-15T00:00:00,2.375000,333.989770,324.088000,2026-08-13T00:00:00,2026-08-20,2026,2026-08-15T00:00:00,,,1.0641600000,91.0151360000,67.82,2,,Single-Price,,,,,2.925000,Yes,2026-08-15T00:00:00,2.82,,No,,No,01:00 PM,12:00 PM,7942741400,3,22503240000,Yes,912803HU0,1982-1984=100,9000000000.000000,1068130000,2319130000,132370000000,Yes,0,0,Normal,2027-02-15T00:00:00,No,,,,,91.015136,,2.9730,1.030550,6707611400,8268110000,Semi-Annual,,,,,2.880000,2026-08-31T00:00:00,2800000000,10000000,2800000000,100,100,100,100,100,3200000000,2800000000,57266200,Yes,8000000000,,2026-02-15T00:00:00,2026-02-27T00:00:00,30-Year,A_20260813_2.pdf,R_20260820_3.pdf,NCR_20260820_3.pdf,,91.015136,167000000,11916000000,Yes,6-Month,29-Year,TIPS of February 2056,1028445800,26611000000,No,1028445800,,,Yes,30-Year,3.6641282610,Yes,9028453400,23588952000,9749200,Yes,TIPS,1.032610,88.317050,2026-08-20T13:03:23,A_20260813_2.xml,R_20260820_3.xml,,,,,
35,912797VD6,2026-08-25T00:00:00,Bill,4-Week,2026-09-22T00:00:00,,,,2026-08-18T00:00:00,2026-08-20,2026,,,,,,14.61,2,,Single-Price,3.610000,,,,,,,2.84,,,,No,11:30 AM,11:00 AM,102516336000,3,304819421000,Yes,,,177686000000.000000,3344965000,12325000000,249368000000,Yes,1900000000,1900000000,,,No,,,3.640000,3.701000,99.716889,,,,67110826000,87078421000,None,3.500000,,,,,2026-08-25T00:00:00,38500000000,10000000,38500000000,100,,100,100,100,57400000000,38500000000,5584172000,Yes,110000000000,,,2026-05-26T00:00:00,17-Week,A_20260818_3.pdf,R_20260820_2.pdf,NCR_20260820_2.pdf,,99.716889,32060545000,205416000000,Yes,28-Day,4-Week,,7025477900,18011000000,No,7025477900,,,,4-Week,,No,117025985900,319329070900,4501068500,Yes,Bill,,,2026-08-20T11:33:17,A_20260818_3.xml,R_20260820_2.xml,,,,,
36,912797VM6,2026-08-25T00:00:00,Bill,8-Week,2026-10-20T00:00:00,,,,2026-08-18T00:00:00,2026-08-20,2026,,,,,,46.16,2,,Single-Price,3.640000,,,,,,,3.06,,,,No,11:30 AM,11:00 AM,96879681000,3,302519281000,Yes,,,73272000000.000000,2610000000,11160000000,249368000000,Yes,1900000000,1900000000,,,No,,,3.655000,3.727000,99.431444,,,,64572081000,99623281000,None,3.540000,,,,,2026-08-25T00:00:00,35000000000,10000000,35000000000,100,,100,100,100,23800000000,35000000000,1220959500,Yes,100000000000,,,2026-06-23T00:00:00,17-Week,A_20260818_1.pdf,R_20260820_1.pdf,NCR_20260820_1.pdf,,99.431444,29697600000,191736000000,Yes,56-Day,8-Week,,6386798100,18011000000,No,6386798100,,,,8-Week,,No,106387438600,312027038600,816765500,Yes,Bill,,,2026-08-20T11:33:16,A_20260818_1.xml,R_20260820_1.xml,,,,,
37,912810UX4,2026-08-31T00:00:00,Bond,20-Year,2046-08-15T00:00:00,5.125000,,,2026-08-13T00:00:00,2026-08-19,2026,2026-08-15T00:00:00,2.2282600000,,,,65.58,2,,Single-Price,,,,,5.147000,Yes,2026-08-15T00:00:00,2.53,,No,,No,01:00 PM,12:00 PM,15809192000,3,40228372000,Yes,912803HY2,,,3886857900,5982000000,132370000000,Yes,0,0,Normal,2027-02-15T00:00:00,No,,,,,99.021288,,5.2040,,9947939100,12478372000,Semi-Annual,,,,,3.880000,2026-08-31T00:00:00,5600000000,10000000,5600000000,100,100,100,100,100,0,5600000000,190844500,Yes,16000000000,,,,20-Year,A_20260813_3.pdf,R_20260819_2.pdf,NCR_20260819_2.pdf,,99.021288,1974395000,21768000000,No,0-Month,20-Year,Bonds of August 2046,2056891600,26611000000,No,2056891600,,25.6250,Yes,20-Year,,No,18056928100,42476108100,60773500,Yes,Bond,,,2026-08-19T13:03:18,A_20260813_3.xml,R_20260819_2.xml,,,,,
38,912797WG8,2026-08-25T00:00:00,Bill,17-Week,2026-12-22T00:00:00,,,,2026-08-18T00:00:00,2026-08-19,2026,,,,,,25.88,2,,Single-Price,3.730000,,,,,,,3.35,,,,No,11:30 AM,11:00 AM,71122721400,3,239988167000,Yes,,,,4496357000,10336367000,249368000000,Yes,300000000,300000000,,,No,,,3.750000,3.850000,98.760417,,,,43232664400,83469800000,None,3.400000,,,,,2026-08-25T00:00:00,25200000000,10000000,25200000000,100,,100,100,100,0,25200000000,578493600,Yes,72000000000,,,,17-Week,A_20260818_2.pdf,R_20260819_1.pdf,NCR_20260819_1.pdf,,98.760417,23393700000,146182000000,No,119-Day,17-Week,,4598494600,18011000000,No,4598494600,,,,17-Week,,No,76599709600,245465155200,400818600,Yes,Bill,,,2026-08-19T11:33:20,A_20260818_2.xml,R_20260819_1.xml,,,,,
39,912797SA6,2026-08-20T00:00:00,Bill,6-Week,2026-10-01T00:00:00,,,,2026-08-13T00:00:00,2026-08-18,2026,,,,,,37.04,2,,Single-Price,3.625000,,,,,,,2.97,,,,No,11:30 AM,11:00 AM,91880758400,3,279298900000,Yes,,,232189000000.000000,4343520000,12625000000,250214000000,Yes,1900000000,1900000000,,,No,,,3.645000,3.711000,99.57475,,,,60207838400,87093900000,None,3.540000,,,,,2026-08-20T00:00:00,33250000000,10000000,33250000000,100,,100,100,100,73200000000,33250000000,1219271900,Yes,95000000000,,,2025-10-02T00:00:00,52-Week,A_20260813_5.pdf,R_20260818_1.pdf,NCR_20260818_1.pdf,,99.57475,27329400000,179580000000,Yes,42-Day,6-Week,,6944512000,19445000000,No,6944512000,,,,6-Week,,No,101944542300,289362683900,713758900,Yes,Bill,,,2026-08-18T11:33:21,A_20260813_5.xml,R_20260818_1.xml,,,,,
40,912797UZ8,2026-08-20T00:00:00,Bill,13-Week,2026-11-19T00:00:00,,,,2026-08-13T00:00:00,2026-08-17,2026,,,,,,44.68,2,,Single-Price,3.690000,,,,,,,2.86,,,,No,11:30 AM,11:00 AM,89426768100,3,260252861100,Yes,,,81643000000.000000,6074000000,14174000000,250214000000,Yes,800000000,800000000,,,No,,,3.715000,3.802000,99.060931,,,,48135888100,67286861100,None,3.550000,,,,,2026-08-20T00:00:00,32200000000,10000000,32200000000,100,,100,100,100,26600000000,32200000000,1773884200,Yes,92000000000,,,2026-05-21T00:00:00,26-Week,A_20260813_4.pdf,R_20260817_1.pdf,NCR_20260817_1.pdf,,99.060931,35216880000,178792000000,Yes,91-Day,13-Week,,6725211600,19445000000,No,6725211600,,,,13-Week,,No,98725863900,269551956900,920012900,Yes,Bill,,,2026-08-17T11:33:22,A_20260813_4.xml,R_20260817_1.xml,,,,,
41,912797TV9,2026-08-20T00:00:00,Bill,26-Week,2027-02-18T00:00:00,,,,2026-08-13T00:00:00,2026-08-17,2026,,,,,,18.55,2,,Single-Price,3.760000,,,,,,,2.97,,,,No,11:30 AM,11:00 AM,76981389000,3,232755552000,Yes,,,52280000000.000000,8072387500,14775000000,250214000000,Yes,100000000,100000000,,,No,,,3.780000,3.907000,98.089,,,,49934964000,69526552000,None,3.685000,,,,,2026-08-20T00:00:00,27650000000,10000000,27650000000,100,,100,100,100,15400000000,27650000000,1919073400,Yes,79000000000,,,2026-02-19T00:00:00,52-Week,A_20260813_1.pdf,R_20260817_2.pdf,NCR_20260817_2.pdf,,98.089,18974037500,148454000000,Yes,182-Day,26-Week,,5774909900,19445000000,No,5774909900,,,,26-Week,,No,84775372300,240549535300,931395100,Yes,Bill,,,2026-08-17T11:33:23,A_20260813_1.xml,R_20260817_2.xml,,,,,
42,912797VL8,2026-08-18T00:00:00,Bill,8-Week,2026-10-13T00:00:00,,,,2026-08-11T00:00:00,2026-08-13,2026,,,,,,36.84,2,,Single-Price,3.635000,,,,,,,2.85,,,,No,11:30 AM,11:00 AM,97688245000,3,282304065000,Yes,,,73615000000.000000,5911840000,14025000000,244638000000,Yes,1000000000,1000000000,,,No,,,3.665000,3.737000,99.429889,,,,55201845000,77228065000,None,3.560000,,,,,2026-08-18T00:00:00,35000000000,10000000,35000000000,100,,100,100,100,22300000000,35000000000,1311859600,Yes,100000000000,,,2026-06-16T00:00:00,17-Week,A_20260811_1.pdf,R_20260813_1.pdf,NCR_20260813_2.pdf,,99.429889,36574560000,191051000000,Yes,56-Day,8-Week,,7429221900,20950000000,No,7429221900,,,,8-Week,,No,107429326500,292045146500,838164600,Yes,Bill,,,2026-08-13T11:33:13,A_20260811_1.xml,R_20260813_1.xml,,,,,
43,912810UW6,2026-08-17T00:00:00,Bond,30-Year,2056-08-15T00:00:00,5.125000,,,2026-08-05T00:00:00,2026-08-13,2026,2026-08-15T00:00:00,0.2785300000,,,,12.1,2,,Single-Price,,,,,5.150000,Yes,2026-08-15T00:00:00,2.39,,No,,No,01:00 PM,12:00 PM,24904608000,3,59705603000,Yes,912803HX4,,,5390150000,8462400000,96267000000,Yes,0,0,Normal,2027-02-15T00:00:00,No,,,,,98.627017,,5.2160,,16647723000,19301203000,Semi-Annual,,,,,4.880000,2026-08-15T00:00:00,8750000000,10000000,8750000000,100,100,100,100,100,0,8750000000,95407300,Yes,25000000000,,,,30-Year,A_20260805_2.pdf,R_20260813_3.pdf,NCR_20260813_3.pdf,,98.627017,2866735000,31942000000,No,0-Month,30-Year,Bonds of August 2056,6323518500,31618000000,No,6323518500,,25.6250,Yes,30-Year,,No,31323533800,66124528800,24727300,Yes,Bond,,,2026-08-13T13:03:22,A_20260805_2.xml,R_20260813_3.xml,,912834L48,,,
44,912797WF0,2026-08-18T00:00:00,Bill,17-Week,2026-12-15T00:00:00,,,,2026-08-11T00:00:00,2026-08-12,2026,,,,,,9.14,2,,Single-Price,3.740000,,,,,,,3.16,,,,No,11:30 AM,11:00 AM,71392040000,3,227254945000,Yes,,,,4727420000,12000000000,244638000000,Yes,100000000,100000000,,,No,,,3.755000,3.855000,98.758764,,,,44454255000,69372945000,None,3.680000,,,,,2026-08-18T00:00:00,25200000000,10000000,25200000000,100,,100,100,100,0,25200000000,509286400,Yes,72000000000,,,,17-Week,A_20260811_3.pdf,R_20260812_1.pdf,NCR_20260812_1.pdf,,98.758764,22210365000,145882000000,No,119-Day,17-Week,,5349039700,20950000000,No,5349039700,,,,17-Week,,No,77350366100,233213271100,344917400,Yes,Bill,,,2026-08-12T11:33:21,A_20260811_3.xml,R_20260812_1.xml,,,,,
45,91282CRF0,2026-08-17T00:00:00,Note,10-Year,2036-08-15T00:00:00,4.625000,,,2026-08-05T00:00:00,2026-08-12,2026,2026-08-15T00:00:00,0.2513600000,,,,65.27,2,,Single-Price,,,,,4.630000,Yes,2026-08-15T00:00:00,2.53,,No,,No,01:00 PM,12:00 PM,41821613600,3,106155266000,Yes,912821UZ6,,,6135867600,10697600000,96267000000,Yes,0,0,Normal,2027-02-15T00:00:00,No,,,,,99.540696,,4.6830,,32087936000,37281666000,Semi-Annual,,,,,4.570000,2026-08-15T00:00:00,14700000000,10000000,14700000000,100,100,100,100,100,0,14700000000,178432300,Yes,42000000000,,,,10-Year,A_20260805_1.pdf,R_20260812_2.pdf,NCR_20260812_2.pdf,,99.540696,3597810000,58176000000,No,0-Month,10-Year,E-2036,10623511200,31618000000,No,10623511200,,23.1250,Yes,10-Year,,No,52623557100,116957209500,57449200,Yes,Note,,,2026-08-12T13:03:16,A_20260805_1.xml,R_20260812_2.xml,,,,,
46,91282CRG8,2026-08-17T00:00:00,Note,3-Year,2029-08-15T00:00:00,4.250000,,,2026-08-05T00:00:00,2026-08-11,2026,2026-08-15T00:00:00,0.2309800000,,,,18.31,2,,Single-Price,,,,,4.243000,Yes,2026-08-15T00:00:00,2.71,,No,,No,01:00 PM,12:00 PM,57400241500,3,156700220000,Yes,912821UY9,,,13788100000,22506600000,96267000000,Yes,250000000,250000000,Normal,2027-02-15T00:00:00,No,,,,,99.885444,,4.2910,,36872620000,47829620000,Semi-Annual,,,,,3.880000,2026-08-15T00:00:00,20300000000,10000000,20300000000,100,100,100,100,100,0,20300000000,349775600,Yes,58000000000,,,,3-Year,A_20260805_3.pdf,R_20260811_2.pdf,NCR_20260811_2.pdf,,99.885444,6739521500,86364000000,No,0-Month,3-Year,AR-2029,14670563200,31618000000,No,14670563200,,21.2500,Yes,3-Year,,No,72670580300,171970558800,114383400,Yes,Note,,,2026-08-11T13:03:20,A_20260805_3.xml,R_20260811_2.xml,,,,,
47,912797UH8,2026-08-13T00:00:00,Bill,6-Week,2026-09-24T00:00:00,,,,2026-08-06T00:00:00,2026-08-11,2026,,,,,,2.86,2,,Single-Price,3.640000,,,,,,,2.93,,,,No,11:30 AM,11:00 AM,91649510200,3,274703118000,Yes,,,175923000000.000000,2902860000,10600000000,245134000000,Yes,2000000000,2000000000,,,No,,,3.670000,3.737000,99.571833,,,,65303234200,90423118000,None,3.550000,,,,,2026-08-13T00:00:00,33250000000,10000000,33250000000,100,,100,100,100,57800000000,33250000000,1351534300,Yes,95000000000,,,2026-03-26T00:00:00,26-Week,A_20260806_1.pdf,R_20260811_1.pdf,NCR_20260811_1.pdf,,99.571833,23443416000,173680000000,Yes,42-Day,6-Week,,5755039300,16114000000,No,5755039300,,,,6-Week,,No,100756083800,283809691600,776390300,Yes,Bill,,,2026-08-11T11:33:13,A_20260806_1.xml,R_20260811_1.xml,,,,,
48,912797UY1,2026-08-13T00:00:00,Bill,13-Week,2026-11-12T00:00:00,,,,2026-08-06T00:00:00,2026-08-10,2026,,,,,,82.94,2,,Single-Price,3.710000,,,,,,,2.88,,,,No,11:30 AM,11:00 AM,89404921900,3,262475342900,Yes,,,81826000000.000000,6085000000,13835000000,245134000000,Yes,700000000,700000000,,,No,,,3.735000,3.823000,99.055875,,,,51166471900,72793342900,None,3.600000,,,,,2026-08-13T00:00:00,32200000000,10000000,32200000000,100,,100,100,100,27000000000,32200000000,1895673000,Yes,92000000000,,,2026-05-14T00:00:00,26-Week,A_20260806_2.pdf,R_20260810_2.pdf,NCR_20260810_2.pdf,,99.055875,32153450000,175847000000,Yes,91-Day,13-Week,,5573301100,16114000000,No,5573301100,,,,13-Week,,No,97573896000,270644317000,997702000,Yes,Bill,,,2026-08-10T11:33:21,A_20260806_2.xml,R_20260810_2.xml,,,,,
49,912797WB9,2026-08-13T00:00:00,Bill,26-Week,2027-02-11T00:00:00,,,,2026-08-06T00:00:00,2026-08-10,2026,,,,,,96.11,2,,Single-Price,3.805000,,,,,,,2.85,,,,No,11:30 AM,11:00 AM,77207406300,3,223291730000,Yes,,,,6858027500,13784000000,245134000000,Yes,0,0,,,No,,,3.830000,3.960000,98.063722,,,,42047383800,55993730000,None,3.750000,,,,,2026-08-13T00:00:00,27650000000,10000000,27650000000,100,,100,100,100,0,27650000000,1792747600,Yes,79000000000,,,,26-Week,A_20260806_3.pdf,R_20260810_1.pdf,NCR_20260810_1.pdf,,98.063722,28301995000,153514000000,No,182-Day,26-Week,,4785769400,16114000000,No,4785769400,,,,26-Week,,No,83785923300,229870247000,1012139800,Yes,Bill,,,2026-08-10T11:33:22,A_20260806_3.xml,R_20260810_1.xml,,,,,
50,912797VK0,2026-08-11T00:00:00,Bill,8-Week,2026-10-06T00:00:00,,,,2026-08-04T00:00:00,2026-08-06,2026,,,,,,17.93,2,,Single-Price,3.675000,,,,,,,2.74,,,,No,11:30 AM,11:00 AM,97263348300,3,271626140000,Yes,,,72707000000.000000,6172412500,14225000000,242852000000,Yes,1500000000,1500000000,,,No,,,3.710000,3.783000,99.422889,,,,52872335800,68191140000,None,3.595000,,,,,2026-08-11T00:00:00,35000000000,10000000,35000000000,100,,100,100,100,24200000000,35000000000,1237450200,Yes,100000000000,,,2026-06-09T00:00:00,17-Week,A_20260804_2.pdf,R_20260806_1.pdf,NCR_20260806_2.pdf,,99.422889,38218600000,189210000000,Yes,56-Day,8-Week,,4658387700,13137000000,No,4658387700,,,,8-Week,,No,104659186200,279021977900,770329200,Yes,Bill,,,2026-08-06T11:33:23,A_20260804_2.xml,R_20260806_1.xml,,,,,
51,912797WE3,2026-08-11T00:00:00,Bill,17-Week,2026-12-08T00:00:00,,,,2026-08-04T00:00:00,2026-08-05,2026,,,,,,94.66,2,,Single-Price,3.765000,,,,,,,3.19,,,,No,11:30 AM,11:00 AM,71232689800,3,228659415000,Yes,,,,4398665000,10211400000,242852000000,Yes,100000000,100000000,,,No,,,3.785000,3.886000,98.748847,,,,45987714800,75533015000,None,3.685000,,,,,2026-08-11T00:00:00,25200000000,10000000,25200000000,100,,100,100,100,0,25200000000,667521900,Yes,72000000000,,,,17-Week,A_20260804_1.pdf,R_20260805_1.pdf,NCR_20260805_1.pdf,,98.748847,20846310000,142915000000,No,119-Day,17-Week,,3354039000,13137000000,No,3354039000,,,,17-Week,,No,75354250700,232780975900,442842900,Yes,Bill,,,2026-08-05T11:33:17,A_20260804_1.xml,R_20260805_1.xml,,,,,
52,912797VR5,2026-08-06T00:00:00,Bill,52-Week,2027-08-05T00:00:00,,,,2026-07-30T00:00:00,2026-08-04,2026,,,,,,12.98,2,,Single-Price,3.855000,,,,,,,3.62,,,,No,11:30 AM,11:00 AM,50625155000,3,186930690000,Yes,,,,1155165000,7570000000,272157000000,Yes,0,0,,,No,,,3.880000,4.054000,96.076889,,,,35818190000,65158690000,None,3.300000,,,,,2026-08-06T00:00:00,18200000000,10000000,18200000000,100,,100,100,100,0,18200000000,1375043700,Yes,52000000000,,,,52-Week,A_20260730_1.pdf,R_20260804_2.pdf,NCR_20260804_2.pdf,,96.076889,13651800000,114202000000,No,364-Day,52-Week,,4122534200,25211000000,No,4122534200,,,,52-Week,,No,56122732900,192428267900,612283100,Yes,Bill,,,2026-08-04T11:33:21,A_20260730_1.xml,R_20260804_2.xml,,,,,
53,912797UM7,2026-08-06T00:00:00,Bill,13-Week,2026-11-05T00:00:00,,,,2026-07-30T00:00:00,2026-08-03,2026,,,,,,10.13,2,,Single-Price,3.700000,,,,,,,2.61,,,,No,11:30 AM,11:00 AM,89139612800,3,237224732800,Yes,,,81881000000.000000,5650000000,12225000000,272157000000,Yes,1000000000,1000000000,,,No,,,3.750000,3.838000,99.052083,,,,48254682800,51602732800,None,3.630000,,,,,2026-08-06T00:00:00,32200000000,10000000,32200000000,100,,100,100,100,27000000000,32200000000,1861109000,Yes,92000000000,,,2026-05-07T00:00:00,26-Week,A_20260730_2.pdf,R_20260803_2.pdf,NCR_20260803_2.pdf,,99.052083,35234930000,173397000000,Yes,91-Day,13-Week,,7293714500,25211000000,No,7293714500,,,,13-Week,,No,99294436300,247379556300,1048672100,Yes,Bill,,,2026-08-03T11:33:21,A_20260730_2.xml,R_20260803_2.xml,,,,,
54,912797VV6,2026-08-06T00:00:00,Bill,26-Week,2027-02-04T00:00:00,,,,2026-07-30T00:00:00,2026-08-03,2026,,,,,,65.4,2,,Single-Price,3.820000,,,,,,,2.98,,,,No,11:30 AM,11:00 AM,76737778000,3,233308178000,Yes,,,,7890000000,14640000000,272157000000,Yes,230000000,230000000,,,No,,,3.855000,3.986000,98.051083,,,,43731978000,57464178000,None,3.750000,,,,,2026-08-06T00:00:00,27650000000,10000000,27650000000,100,,100,100,100,0,27650000000,2032327200,Yes,79000000000,,,,26-Week,A_20260730_4.pdf,R_20260803_1.pdf,NCR_20260803_1.pdf,,98.051083,25115800000,161204000000,No,182-Day,26-Week,,6263080800,25211000000,No,6263080800,,,,26-Week,,No,85263186000,241833586000,997009900,Yes,Bill,,,2026-08-03T11:33:22,A_20260730_4.xml,R_20260803_1.xml,,,,,
55,912797VE4,2026-08-04T00:00:00,Bill,8-Week,2026-09-29T00:00:00,,,,2026-07-28T00:00:00,2026-07-30,2026,,,,,,19.59,2,,Single-Price,3.645000,,,,,,,2.74,,,,No,11:30 AM,11:00 AM,97521521300,3,271617511300,Yes,,,71706000000.000000,3869590000,13075000000,221185000000,Yes,1200000000,1200000000,,,No,,,3.675000,3.747000,99.428333,,,,61351031300,70787511300,None,3.560000,,,,,2026-08-04T00:00:00,35000000000,10000000,35000000000,100,,100,100,100,22900000000,35000000000,1278697100,Yes,100000000000,,,2026-06-02T00:00:00,17-Week,A_20260728_2.pdf,R_20260730_1.pdf,NCR_20260730_2.pdf,,99.428333,32300900000,187755000000,Yes,56-Day,8-Week,,5463598100,15407000000,No,5463598100,,,,8-Week,,No,105463816500,279559806500,872828100,Yes,Bill,,,2026-07-30T11:33:15,A_20260728_2.xml,R_20260730_1.xml,,,,,
56,912797VZ7,2026-08-04T00:00:00,Bill,17-Week,2026-12-01T00:00:00,,,,2026-07-28T00:00:00,2026-07-29,2026,,,,,,22.52,2,,Single-Price,3.850000,,,,,,,3.04,,,,No,11:30 AM,11:00 AM,71308202000,3,217848564000,Yes,,,,5995040000,11500000000,221185000000,Yes,0,0,,,No,,,3.875000,3.980000,98.719097,,,,41108782000,62303564000,None,3.400000,,,,,2026-08-04T00:00:00,25200000000,10000000,25200000000,100,,100,100,100,0,25200000000,692313900,Yes,72000000000,,,,17-Week,A_20260728_3.pdf,R_20260729_2.pdf,NCR_20260729_1.pdf,,98.719097,24204380000,144045000000,No,119-Day,17-Week,,3933790600,15407000000,No,3933790600,,,,17-Week,,No,75934306500,222474668500,459484000,Yes,Bill,,,2026-07-29T11:33:23,A_20260728_3.xml,R_20260729_2.xml,,,,,
57,91282CRD5,2026-07-31T00:00:00,Note,2-Year,2028-07-31T00:00:00,,,,2026-07-23T00:00:00,2026-07-29,2026,2026-07-31T00:00:00,,,,,81.82,2,,Single-Price,,,,0.034000,,No,,3.37,,No,,No,11:30 AM,11:00 AM,29962331400,3,100960950000,Yes,,,,818200,1301000000,222735000000,Yes,0,0,Normal,2026-10-31T00:00:00,Yes,2026-07-27T00:00:00,3.815000,,,100.0,0.050000,,,18943313200,33549800000,Quarterly,,,,0.010000,,2026-07-31T00:00:00,10500000000,10000000,10500000000,100,,100,100,100,0,10500000000,38061400,Yes,30000000000,,,,2-Year,A_20260723_3.pdf,R_20260729_1.pdf,NCR_20260729_2.pdf,,100.0,11018200000,66110150000,No,0-Month,2-Year,BF-2028,3316834000,25871000000,No,3316834000,0.0500,,No,2-Year,,No,33317226800,104315845400,6459400,Yes,FRN,,,2026-07-29T11:33:22,A_20260723_3.xml,R_20260729_1.xml,,,,,
58,91282CRC7,2026-07-31T00:00:00,Note,7-Year,2033-07-31T00:00:00,4.375000,,,2026-07-23T00:00:00,2026-07-28,2026,2026-07-31T00:00:00,,,,,95.17,2,,Single-Price,,,,,4.405000,No,,2.49,,No,,No,01:00 PM,12:00 PM,43909474000,3,109314764000,Yes,912821UX1,,,7413000000,11925500000,222735000000,Yes,0,0,Normal,2027-01-31T00:00:00,No,,,,,99.416549,,4.4730,,30801964000,35987264000,Semi-Annual,,,,,4.300000,2026-07-31T00:00:00,15400000000,10000000,15400000000,100,100,100,100,100,0,15400000000,90527200,Yes,44000000000,,,,7-Year,A_20260723_6.pdf,R_20260728_2.pdf,NCR_20260728_2.pdf,,99.416549,5694510000,61402000000,No,0-Month,7-Year,N-2033,4864689800,25871000000,No,4864689800,,21.8750,Yes,7-Year,,No,48864691000,114269981000,29036200,Yes,Note,,,2026-07-28T13:03:18,A_20260723_6.xml,R_20260728_2.xml,,912834L30,,,
59,91282CRB9,2026-07-31T00:00:00,Note,2-Year,2028-07-31T00:00:00,4.250000,,,2026-07-23T00:00:00,2026-07-27,2026,2026-07-31T00:00:00,,,,,69.04,2,,Single-Price,,,,,4.270000,No,,2.66,,No,,No,11:30 AM,11:00 AM,67776042400,3,182453432000,Yes,912821UV5,,,23080167200,31311800000,222735000000,Yes,305000000,305000000,Normal,2027-01-31T00:00:00,No,,,,,99.87672,,4.3150,,38355032000,52334632000,Semi-Annual,,,,,4.220000,2026-07-31T00:00:00,24150000000,10000000,24150000000,100,100,100,100,100,0,24150000000,919081500,Yes,69000000000,,,,2-Year,A_20260723_1.pdf,R_20260727_2.pdf,NCR_20260727_1.pdf,"SPL_20260723_1.pdf, SPL_20260723_2.pdf",99.87672,6340843200,98807000000,No,0-Month,2-Year,BE-2028,7628718200,25871000000,No,7628718200,,21.2500,Yes,2-Year,,No,76628842100,191306231700,395565100,Yes,Note,,,2026-07-27T11:33:18,A_20260723_1.xml,R_20260727_2.xml,,,,,
60,91282CRA1,2026-07-31T00:00:00,Note,5-Year,2031-07-31T00:00:00,4.375000,,,2026-07-23T00:00:00,2026-07-27,2026,2026-07-31T00:00:00,,,,,51.71,2,,Single-Price,,,,,4.343000,No,,2.28,,No,,No,01:00 PM,12:00 PM,69805215000,3,159557505000,Yes,912821UW3,,,19003000000,23413000000,222735000000,Yes,50000000,50000000,Normal,2027-01-31T00:00:00,No,,,,,99.853357,,4.4080,,41354505000,47204505000,Semi-Annual,,,,,4.290000,2026-07-31T00:00:00,24500000000,10000000,24500000000,100,100,100,100,100,0,24500000000,144786500,Yes,70000000000,,,,5-Year,A_20260723_7.pdf,R_20260727_3.pdf,NCR_20260727_3.pdf,"SPL_20260723_1.pdf, SPL_20260723_3.pdf",99.853357,9447710000,88940000000,No,0-Month,5-Year,AB-2031,7739279400,25871000000,No,7739279400,,21.8750,Yes,5-Year,,No,77739280900,167491570900,52590300,Yes,Note,,,2026-07-27T13:03:22,A_20260723_7.xml,R_20260727_3.xml,,,,,
61,912797SK4,2026-07-30T00:00:00,Bill,13-Week,2026-10-29T00:00:00,,,,2026-07-23T00:00:00,2026-07-27,2026,,,,,,83.44,2,,Single-Price,3.790000,,,,,,,3.06,,,,No,01:00 PM,12:00 PM,89790841100,3,279572250000,Yes,,,135146000000.000000,5272695000,13612695000,227483000000,Yes,350000000,350000000,,,No,,,3.815000,3.906000,99.035653,,,,60072626100,95897555000,None,3.710000,,,,,2026-07-30T00:00:00,32200000000,10000000,32200000000,100,,100,100,100,41900000000,32200000000,1859536400,Yes,92000000000,,,2025-10-30T00:00:00,52-Week,A_20260723_2.pdf,R_20260727_4.pdf,NCR_20260727_4.pdf,SPL_20260723_1.pdf,99.035653,24445520000,170062000000,Yes,91-Day,13-Week,,6464262900,18690000000,No,6464262900,,,,13-Week,,No,98464640400,288246049300,1015561700,Yes,Bill,,,2026-07-27T13:03:23,A_20260723_2.xml,R_20260727_4.xml,,,,,
62,912797VU8,2026-07-30T00:00:00,Bill,26-Week,2027-01-28T00:00:00,,,,2026-07-23T00:00:00,2026-07-27,2026,,,,,,36.13,2,,Single-Price,3.930000,,,,,,,3.12,,,,No,11:30 AM,11:00 AM,76706958000,3,244205766000,Yes,,,,8161130000,15075000000,227483000000,Yes,150000000,150000000,,,No,,,3.945000,4.081000,98.005583,,,,45828952000,86181766000,None,3.845000,,,,,2026-07-30T00:00:00,27650000000,10000000,27650000000,100,,100,100,100,0,27650000000,2143756400,Yes,79000000000,,,,26-Week,A_20260723_5.pdf,R_20260727_1.pdf,NCR_20260727_2.pdf,SPL_20260723_1.pdf,98.005583,22716876000,142949000000,No,182-Day,26-Week,,5550834400,18690000000,No,5550834400,,,,26-Week,,No,84551548800,252050356800,966088200,Yes,Bill,,,2026-07-27T11:33:19,A_20260723_5.xml,R_20260727_1.xml,,,,,
63,91282CRE3,2026-07-31T00:00:00,Note,10-Year,2036-07-15T00:00:00,2.375000,335.055160,333.969740,2026-07-16T00:00:00,2026-07-23,2026,2026-07-15T00:00:00,,,1.0359700000,99.7680910000,61.88,2,,Single-Price,,,,,2.370000,Yes,2026-07-15T00:00:00,2.3,,No,,No,01:00 PM,12:00 PM,20863290000,3,48194850000,Yes,912821UU7,1982-1984=100,,5212500000,6197500000,222735000000,Yes,0,0,Normal,2027-01-15T00:00:00,No,,,,,99.768091,,2.4380,1.003250,13593850000,15669350000,Semi-Annual,,,,,2.320000,2026-07-31T00:00:00,7350000000,10000000,7350000000,100,100,100,100,100,0,7350000000,136711000,Yes,21000000000,,,,10-Year,A_20260716_5.pdf,R_20260723_3.pdf,NCR_20260723_3.pdf,,99.768091,2056940000,26328000000,No,0-Month,10-Year,D-2036,2321783700,25871000000,No,2321783700,,,Yes,10-Year,3.5557113650,Yes,23321784700,50653344700,18099000,Yes,TIPS,1.032610,99.444895,2026-07-23T13:03:21,A_20260716_5.xml,R_20260723_3.xml,,912834L22,,,
64,912797VD6,2026-07-28T00:00:00,Bill,8-Week,2026-09-22T00:00:00,,,,2026-07-21T00:00:00,2026-07-23,2026,,,,,,87.33,2,,Single-Price,3.730000,,,,,,,2.31,,,,No,11:30 AM,11:00 AM,96903141000,3,227753266000,Yes,,,71692000000.000000,4486000000,6986000000,211444000000,Yes,1900000000,1900000000,,,No,,,3.795000,3.871000,99.409667,,,,38495266000,44545266000,None,3.620000,,,,,2026-07-28T00:00:00,35000000000,10000000,35000000000,100,,100,100,100,22400000000,35000000000,1196891200,Yes,100000000000,,,2026-05-26T00:00:00,17-Week,A_20260721_2.pdf,R_20260723_2.pdf,NCR_20260723_2.pdf,,99.409667,53921875000,176222000000,Yes,56-Day,8-Week,,5991721400,16897000000,No,5991721400,,,,8-Week,,No,105991753600,236841878600,820158300,Yes,Bill,,,2026-07-23T11:33:25,A_20260721_2.xml,R_20260723_2.xml,,,,,
65,912797VY0,2026-07-28T00:00:00,Bill,17-Week,2026-11-24T00:00:00,,,,2026-07-21T00:00:00,2026-07-22,2026,,,,,,63.29,2,,Single-Price,3.820000,,,,,,,2.76,,,,No,11:30 AM,11:00 AM,71408267800,3,197877749900,Yes,,,,3997645000,6716000000,211444000000,Yes,0,0,,,No,,,3.845000,3.949000,98.729014,,,,37914597800,48764749900,None,3.400000,,,,,2026-07-28T00:00:00,25200000000,10000000,25200000000,100,,100,100,100,0,25200000000,591830800,Yes,72000000000,,,,17-Week,A_20260721_1.pdf,R_20260722_1.pdf,NCR_20260722_1.pdf,,98.729014,29496025000,142397000000,No,119-Day,17-Week,,4314039300,16897000000,No,4314039300,,,,17-Week,,No,76314137900,202783620000,407227800,Yes,Bill,,,2026-07-22T11:33:15,A_20260721_1.xml,R_20260722_1.xml,,,,,
66,912810UV8,2026-07-24T00:00:00,Bond,19-Year 10-Month,2046-05-15T00:00:00,5.000000,,,2026-07-16T00:00:00,2026-07-22,2026,2026-05-15T00:00:00,9.5108700000,,,,15.13,2,,Single-Price,,,,,5.120000,Yes,2026-05-15T00:00:00,2.64,,No,,No,01:00 PM,12:00 PM,12881600000,3,34163870000,Yes,912803HW6,,31359000000.000000,2088500000,3337000000,0,Yes,0,0,Normal,2026-11-15T00:00:00,No,,,,,97.977958,,5.1630,,8903970000,11914870000,Semi-Annual,,,,,3.880000,2026-07-24T00:00:00,4550000000,10000000,4550000000,100,100,100,100,100,10200000000,4550000000,118408500,Yes,13000000000,,2026-05-15T00:00:00,2026-06-01T00:00:00,20-Year,A_20260716_1.pdf,R_20260722_2.pdf,NCR_20260722_2.pdf,,97.977958,1889130000,18912000000,Yes,10-Month,19-Year,Bonds of May 2046,0,0,No,0,,25.0000,Yes,20-Year,,No,13000008500,34282278500,45461500,Yes,Bond,,,2026-07-22T13:03:13,A_20260716_1.xml,R_20260722_2.xml,,,,,
67,912797UL9,2026-07-23T00:00:00,Bill,13-Week,2026-10-22T00:00:00,,,,2026-07-16T00:00:00,2026-07-20,2026,,,,,,73.01,2,,Single-Price,3.710000,,,,,,,3.0,,,,No,11:30 AM,11:00 AM,89020095300,3,272791994100,Yes,,,82530000000.000000,6039060000,9451000000,228747000000,Yes,1000000000,1000000000,,,No,,,3.730000,3.818000,99.057139,,,,49700390300,83068994100,None,3.620000,,,,,2026-07-23T00:00:00,32200000000,10000000,32200000000,100,,100,100,100,26200000000,32200000000,1981068400,Yes,92000000000,,,2026-04-23T00:00:00,26-Week,A_20260716_3.pdf,R_20260720_2.pdf,NCR_20260720_2.pdf,,99.057139,33280645000,180272000000,Yes,91-Day,13-Week,,5601213000,16195000000,No,5601213000,,,,13-Week,,No,97602376700,281374275500,1085089300,Yes,Bill,,,2026-07-20T11:33:20,A_20260716_3.xml,R_20260720_2.xml,,,,,
68,912797TM9,2026-07-23T00:00:00,Bill,26-Week,2027-01-21T00:00:00,,,,2026-07-16T00:00:00,2026-07-20,2026,,,,,,51.45,2,,Single-Price,3.810000,,,,,,,2.94,,,,No,11:30 AM,11:00 AM,76667409000,3,229926474000,Yes,,,52160000000.000000,8451000000,11651000000,228747000000,Yes,300000000,300000000,,,No,,,3.835000,3.965000,98.061194,,,,44778546500,61521474000,None,3.750000,,,,,2026-07-23T00:00:00,27650000000,10000000,27650000000,100,,100,100,100,17100000000,27650000000,2032616700,Yes,79000000000,,,2026-01-22T00:00:00,52-Week,A_20260716_4.pdf,R_20260720_1.pdf,NCR_20260720_1.pdf,,98.061194,23437862500,156754000000,Yes,182-Day,26-Week,,4809737200,16195000000,No,4809737200,,,,26-Week,,No,83809762900,237068827900,965725000,Yes,Bill,,,2026-07-20T11:33:19,A_20260716_4.xml,R_20260720_1.xml,,,,,
69,912797VX2,2026-07-21T00:00:00,Bill,17-Week,2026-11-17T00:00:00,,,,2026-07-14T00:00:00,2026-07-15,2026,,,,,,21.99,2,,Single-Price,3.730000,,,,,,,3.35,,,,No,11:30 AM,11:00 AM,70915059400,3,239955544000,Yes,,,,4346000000,6821000000,225993000000,Yes,500000000,500000000,,,No,,,3.745000,3.845000,98.762069,,,,42577134400,86544544000,None,3.640000,,,,,2026-07-21T00:00:00,25200000000,10000000,25200000000,100,,100,100,100,0,25200000000,585574500,Yes,72000000000,,,,17-Week,A_20260714_3.pdf,R_20260715_1.pdf,NCR_20260715_1.pdf,,98.762069,23991925000,146590000000,No,119-Day,17-Week,,4219330100,16526000000,No,4219330100,,,,17-Week,,No,76219964000,245260448600,417522500,Yes,Bill,,,2026-07-15T11:33:32,A_20260714_3.xml,R_20260715_1.xml,,,,,
70,912797UK1,2026-07-16T00:00:00,Bill,13-Week,2026-10-15T00:00:00,,,,2026-07-09T00:00:00,2026-07-13,2026,,,,,,8.47,2,,Single-Price,3.725000,,,,,,,2.84,,,,No,11:30 AM,11:00 AM,88660219800,3,257937197300,Yes,,,80040000000.000000,7309529500,11165062000,241007000000,Yes,1450000000,1450000000,,,No,,,3.760000,3.849000,99.049556,,,,50327295300,68390135300,None,3.550000,,,,,2026-07-16T00:00:00,32200000000,10000000,32200000000,100,,100,100,100,26900000000,32200000000,1889959300,Yes,92000000000,,,2026-04-16T00:00:00,26-Week,A_20260709_1.pdf,R_20260713_2.pdf,NCR_20260713_1.pdf,,99.049556,31023395000,178382000000,Yes,91-Day,13-Week,,3729986600,10785000000,No,3729986600,,,,13-Week,,No,95730165700,265007143200,1086598300,Yes,Bill,,,2026-07-13T11:33:27,A_20260709_1.xml,R_20260713_2.xml,,,,,
71,912797VT1,2026-07-16T00:00:00,Bill,26-Week,2027-01-14T00:00:00,,,,2026-07-09T00:00:00,2026-07-13,2026,,,,,,54.42,2,,Single-Price,3.840000,,,,,,,3.11,,,,No,11:30 AM,11:00 AM,76144132500,3,243099071000,Yes,,,,6159630000,10078000000,241007000000,Yes,600000000,600000000,,,No,,,3.860000,3.992000,98.048556,,,,50625802500,76447071000,None,3.770000,,,,,2026-07-16T00:00:00,27650000000,10000000,27650000000,100,,100,100,100,0,27650000000,2256417000,Yes,79000000000,,,,26-Week,A_20260709_2.pdf,R_20260713_1.pdf,NCR_20260713_2.pdf,,98.048556,19358700000,156574000000,No,182-Day,26-Week,,3202923300,10785000000,No,3202923300,,,,26-Week,,No,82203472800,249158411300,1084356800,Yes,Bill,,,2026-07-13T11:33:28,A_20260709_2.xml,R_20260713_1.xml,,,,,
72,912810UU0,2026-07-15T00:00:00,Bond,29-Year 10-Month,2056-05-15T00:00:00,5.000000,,,2026-07-02T00:00:00,2026-07-09,2026,2026-05-15T00:00:00,8.2880400000,,,,7.13,2,,Single-Price,,,,,5.007000,Yes,2026-05-15T00:00:00,2.44,,No,,No,01:00 PM,12:00 PM,21951364800,3,53717644000,Yes,912803HV8,,52935000000.000000,2679847800,4530300000,75144000000,Yes,0,0,Normal,2026-11-15T00:00:00,No,,,,,99.097875,,5.0580,,17065257000,20455344000,Semi-Annual,,,,,2.888000,2026-07-15T00:00:00,7700000000,10000000,7700000000,100,100,100,100,100,16500000000,7700000000,48667300,Yes,22000000000,,2026-05-15T00:00:00,2026-05-15T00:00:00,30-Year,A_20260702_2.pdf,R_20260709_3.pdf,NCR_20260709_3.pdf,,99.097875,2206260000,28732000000,Yes,10-Month,29-Year,Bonds of May 2056,2287861600,12375000000,No,2287861600,,25.0000,Yes,30-Year,,No,24287893700,56054172900,23617300,Yes,Bond,,,2026-07-09T13:03:21,A_20260702_2.xml,R_20260709_3.xml,,,,,
73,91282CQQ7,2026-07-15T00:00:00,Note,9-Year 10-Month,2036-05-15T00:00:00,4.375000,,,2026-07-02T00:00:00,2026-07-08,2026,2026-05-15T00:00:00,7.2520400000,,,,40.29,2,,Single-Price,,,,,4.530000,Yes,2026-05-15T00:00:00,2.59,,No,,No,01:00 PM,12:00 PM,38923847700,3,101048621000,Yes,912821UK9,,90972000000.000000,4175493900,7845700000,75144000000,Yes,0,0,Normal,2026-11-15T00:00:00,No,,,,,98.380297,,4.5800,,31720938500,37926921000,Semi-Annual,,,,,4.400000,2026-07-15T00:00:00,13650000000,10000000,13650000000,100,100,100,100,100,28400000000,13650000000,76272700,Yes,39000000000,,2026-05-15T00:00:00,2026-05-15T00:00:00,10-Year,A_20260702_4.pdf,R_20260708_2.pdf,NCR_20260708_2.pdf,,98.380297,3027415300,55276000000,Yes,10-Month,9-Year,C-2036,4055754800,12375000000,No,4055754800,,21.8750,Yes,10-Year,,No,43055875200,105180648500,34705700,Yes,Note,,,2026-07-08T13:03:19,A_20260702_4.xml,R_20260708_2.xml,,,,,
74,912797VW4,2026-07-14T00:00:00,Bill,17-Week,2026-11-10T00:00:00,,,,2026-07-07T00:00:00,2026-07-08,2026,,,,,,80.43,2,,Single-Price,3.780000,,,,,,,3.41,,,,No,11:30 AM,11:00 AM,70371446900,3,243646007000,Yes,,,,3158241000,6251736000,226652000000,Yes,1100000000,1100000000,,,No,,,3.790000,3.891000,98.747194,,,,48986188900,91024271000,None,3.705000,,,,,2026-07-14T00:00:00,25200000000,10000000,25200000000,100,,100,100,100,0,25200000000,529533300,Yes,72000000000,,,,17-Week,A_20260707_3.pdf,R_20260708_1.pdf,NCR_20260708_1.pdf,,98.747194,18227017000,146370000000,No,119-Day,17-Week,,4454172300,16518000000,No,4454172300,,,,17-Week,,No,76455152500,249729712600,332764300,Yes,Bill,,,2026-07-08T11:33:14,A_20260707_3.xml,R_20260708_1.xml,,,,,
75,91282CQZ7,2026-07-15T00:00:00,Note,3-Year,2029-07-15T00:00:00,4.125000,,,2026-07-02T00:00:00,2026-07-07,2026,2026-07-15T00:00:00,,,,,2.17,2,,Single-Price,,,,,4.134000,No,,2.6,,No,,No,01:00 PM,12:00 PM,57799547000,3,150608870000,Yes,912821UT0,,,14308250000,17665000000,75144000000,Yes,5000000,5000000,Normal,2027-01-15T00:00:00,No,,,,,99.849217,,4.1790,,39016667500,52403870000,Semi-Annual,,,,,3.965000,2026-07-15T00:00:00,20300000000,10000000,20300000000,100,100,100,100,100,0,20300000000,195461400,Yes,58000000000,,,,3-Year,A_20260702_3.pdf,R_20260707_3.pdf,NCR_20260707_3.pdf,,99.849217,4474629500,80540000000,No,0-Month,3-Year,AQ-2029,6031635400,12375000000,No,6031635400,,20.6250,Yes,3-Year,,No,64031643800,156840966800,77314800,Yes,Note,,,2026-07-07T13:03:18,A_20260702_3.xml,R_20260707_3.xml,,912834K98,,,
76,912797VQ7,2026-07-09T00:00:00,Bill,52-Week,2027-07-08T00:00:00,,,,2026-07-02T00:00:00,2026-07-07,2026,,,,,,17.61,2,,Single-Price,3.825000,,,,,,,3.14,,,,No,11:30 AM,11:00 AM,50885542000,3,162122400000,Yes,,,,2321572000,4690000000,300986000000,Yes,0,0,,,No,,,3.860000,4.032000,96.097111,,,,30597757500,49665400000,None,3.300000,,,,,2026-07-09T00:00:00,18200000000,10000000,18200000000,100,,100,100,100,0,18200000000,1114714400,Yes,52000000000,,,,52-Week,A_20260702_1.pdf,R_20260707_1.pdf,NCR_20260707_1.pdf,,96.097111,17966212500,107767000000,No,364-Day,52-Week,,2760791600,16618000000,No,2760791600,,,,52-Week,,No,54761048000,165997906000,550986900,Yes,Bill,,,2026-07-07T11:33:21,A_20260702_1.xml,R_20260707_1.xml,,,,,
77,912797UJ4,2026-07-09T00:00:00,Bill,13-Week,2026-10-08T00:00:00,,,,2026-07-02T00:00:00,2026-07-06,2026,,,,,,93.49,2,,Single-Price,3.700000,,,,,,,2.58,,,,No,11:30 AM,11:00 AM,88631007100,3,233813269600,Yes,,,82616000000.000000,6841132500,8942760000,300986000000,Yes,1700000000,1700000000,,,No,,,3.735000,3.823000,99.055875,,,,42988309600,54848509600,None,3.550000,,,,,2026-07-09T00:00:00,32200000000,10000000,32200000000,100,,100,100,100,27000000000,32200000000,1669134100,Yes,92000000000,,,2026-04-09T00:00:00,26-Week,A_20260702_5.pdf,R_20260706_2.pdf,NCR_20260706_2.pdf,,99.055875,38801565000,170022000000,Yes,91-Day,13-Week,,4884477600,16618000000,No,4884477600,,,,13-Week,,No,96884618800,242066881300,1009753600,Yes,Bill,,,2026-07-06T11:33:10,A_20260702_5.xml,R_20260706_2.xml,,,,,
78,912797VS3,2026-07-09T00:00:00,Bill,26-Week,2027-01-07T00:00:00,,,,2026-07-02T00:00:00,2026-07-06,2026,,,,,,0.86,2,,Single-Price,3.800000,,,,,,,3.05,,,,No,11:30 AM,11:00 AM,76454984400,3,238018975000,Yes,,,,7345564000,10794704000,300986000000,Yes,600000000,600000000,,,No,,,3.830000,3.960000,98.063722,,,,45753710400,75510271000,None,3.750000,,,,,2026-07-09T00:00:00,27650000000,10000000,27650000000,100,,100,100,100,0,27650000000,1945762000,Yes,79000000000,,,,26-Week,A_20260702_6.pdf,R_20260706_1.pdf,NCR_20260706_1.pdf,,98.063722,23355710000,151714000000,No,182-Day,26-Week,,4194279600,16618000000,No,4194279600,,,,26-Week,,No,83195026000,244759016600,923585800,Yes,Bill,,,2026-07-06T11:33:11,A_20260702_6.xml,R_20260706_1.xml,,,,,
79,912797VP9,2026-07-07T00:00:00,Bill,17-Week,2026-11-03T00:00:00,,,,2026-06-30T00:00:00,2026-07-01,2026,,,,,,57.66,2,,Single-Price,3.775000,,,,,,,2.66,,,,No,11:30 AM,11:00 AM,70379572000,3,190094745000,Yes,,,,4672608000,6631593000,224946000000,Yes,1100000000,1100000000,,,No,,,3.795000,3.897000,98.745542,,,,38837614000,50841152000,None,3.400000,,,,,2026-07-07T00:00:00,25200000000,10000000,25200000000,100,,100,100,100,0,25200000000,520614800,Yes,72000000000,,,,17-Week,A_20260630_1.pdf,R_20260701_1.pdf,NCR_20260701_1.pdf,,98.745542,26869350000,132622000000,No,119-Day,17-Week,,2702187100,9082000000,No,2702187100,,,,17-Week,,No,74702373900,194417546900,316557800,Yes,Bill,,,2026-07-01T11:33:18,A_20260630_1.xml,R_20260701_1.xml,,,,,
80,912797SA6,2026-07-02T00:00:00,Bill,13-Week,2026-10-01T00:00:00,,,,2026-06-25T00:00:00,2026-06-29,2026,,,,,,85.81,2,,Single-Price,3.690000,,,,,,,2.32,,,,No,11:30 AM,11:00 AM,88575550300,3,210178680300,Yes,,,134238000000.000000,6285000000,8785000000,249478000000,Yes,1800000000,1800000000,,,No,,,3.740000,3.828000,99.054611,,,,36293300300,39721680300,None,3.605000,,,,,2026-07-02T00:00:00,32200000000,10000000,32200000000,100,,100,100,100,42800000000,32200000000,1624548800,Yes,92000000000,,,2025-10-02T00:00:00,52-Week,A_20260625_2.pdf,R_20260629_1.pdf,NCR_20260629_1.pdf,,99.054611,45997250000,161672000000,Yes,91-Day,13-Week,,5961264700,16264000000,No,5961264700,,,,13-Week,,No,97961363800,219564493800,923444200,Yes,Bill,,,2026-06-29T12:27:34,A_20260625_2.xml,R_20260629_1.xml,,,,,
81,912797VJ3,2026-07-02T00:00:00,Bill,26-Week,2026-12-31T00:00:00,,,,2026-06-25T00:00:00,2026-06-29,2026,,,,,,96.12,2,,Single-Price,3.810000,,,,,,,2.58,,,,No,11:30 AM,11:00 AM,76541668000,3,201230922000,Yes,,,,5499030000,8500000000,249478000000,Yes,700000000,700000000,,,No,,,3.840000,3.970000,98.058667,,,,43179598000,50001922000,None,3.725000,,,,,2026-07-02T00:00:00,27650000000,10000000,27650000000,100,,100,100,100,0,27650000000,1758351800,Yes,79000000000,,,,26-Week,A_20260625_1.pdf,R_20260629_2.pdf,NCR_20260629_2.pdf,,98.058667,27863040000,142729000000,No,182-Day,26-Week,,5118912000,16264000000,No,5118912000,,,,26-Week,,No,84118931800,208808185800,815600900,Yes,Bill,,,2026-06-29T11:35:19,A_20260625_1.xml,R_20260629_2.xml,,,,,
82,91282CQW4,2026-06-30T00:00:00,Note,7-Year,2033-06-30T00:00:00,4.250000,,,2026-06-18T00:00:00,2026-06-25,2026,2026-06-30T00:00:00,,,,,36.22,2,,Single-Price,,,,,4.200000,No,,2.5,,No,,No,01:00 PM,12:00 PM,43927162000,3,109847684000,Yes,912821US2,,,13044711000,16829900000,142819000000,Yes,0,0,Normal,2026-12-31T00:00:00,No,,,,,99.940019,,4.2600,,25281614000,32190284000,Semi-Annual,,,,,4.140000,2026-06-30T00:00:00,15400000000,10000000,15400000000,100,100,100,100,100,0,15400000000,72861700,Yes,44000000000,,,,7-Year,A_20260618_6.pdf,R_20260625_3.pdf,NCR_20260625_3.pdf,,99.940019,5600837000,60827500000,No,0-Month,7-Year,M-2033,6586413700,30986000000,No,6586413700,,21.2500,Yes,7-Year,,No,50586437400,116506959400,18721700,Yes,Note,,,2026-06-25T13:04:09,A_20260618_6.xml,R_20260625_3.xml,,912834K80,,2033-06-30T00:00:00,
83,912797VN4,2026-06-30T00:00:00,Bill,17-Week,2026-10-27T00:00:00,,,,2026-06-23T00:00:00,2026-06-24,2026,,,,,,11.15,2,,Single-Price,3.750000,,,,,,,2.55,,,,No,11:30 AM,11:00 AM,68481750000,3,175754000000,Yes,,,,2572650000,5200000000,218878000000,Yes,0,0,,,No,,,3.770000,3.871000,98.753806,,,,37413950000,44009000000,None,3.400000,,,,,2026-06-30T00:00:00,24150000000,10000000,24150000000,100,,100,100,100,0,24150000000,518573400,Yes,69000000000,,,,17-Week,A_20260623_2.pdf,R_20260624_1.pdf,NCR_20260624_2.pdf,,98.753806,28495150000,126545000000,No,119-Day,17-Week,,5413181300,16789000000,No,5413181300,,,,17-Week,,No,74413504700,181685754700,318521200,Yes,Bill,,,2026-06-24T11:34:11,A_20260623_2.xml,R_20260624_1.xml,,,,,
84,91282CQX2,2026-06-30T00:00:00,Note,5-Year,2031-06-30T00:00:00,4.125000,,,2026-06-18T00:00:00,2026-06-24,2026,2026-06-30T00:00:00,,,,,86.81,2,,Single-Price,,,,,4.135000,No,,2.35,,No,,No,01:00 PM,12:00 PM,69854999700,3,164427300200,Yes,912821UR4,,,17820350000,21416600000,142819000000,Yes,4900000,4900000,Normal,2026-12-31T00:00:00,No,,,,,99.664909,,4.2000,,43028302200,51983700200,Semi-Annual,,,,,4.085000,2026-06-30T00:00:00,24500000000,10000000,24500000000,100,100,100,100,100,0,24500000000,140118100,Yes,70000000000,,,,5-Year,A_20260618_2.pdf,R_20260624_3.pdf,NCR_20260624_3.pdf,SPL_20260618_2.pdf,99.664909,9006347500,91027000000,No,0-Month,5-Year,AA-2031,10478385600,30986000000,No,10478385600,,20.6250,Yes,5-Year,,No,80478403400,175050703900,48019100,Yes,Note,,,2026-06-24T13:04:16,A_20260618_2.xml,R_20260624_3.xml,,,,,
85,91282CQM6,2026-06-26T00:00:00,Note,1-Year 10-Month,2028-04-30T00:00:00,,,,2026-06-18T00:00:00,2026-06-24,2026,2026-04-30T00:00:00,,0.5947967790,,,75.49,2,,Single-Price,,,,0.069000,,Yes,2026-04-30T00:00:00,2.99,,No,,No,11:30 AM,11:00 AM,27981075000,3,83595000000,Yes,,,61771000000.000000,0,0,0,Yes,0,0,Normal,2026-07-31T00:00:00,Yes,2026-06-22T00:00:00,3.695000,,,100.04098,0.079000,,,18649900000,22860000000,Quarterly,,,,0.039000,,2026-06-26T00:00:00,9800000000,10000000,9800000000,100,,100,100,100,20300000000,9800000000,19087200,Yes,28000000000,,2026-04-30T00:00:00,2026-04-30T00:00:00,2-Year,A_20260618_4.pdf,R_20260624_2.pdf,NCR_20260624_1.pdf,,100.04098,9331175000,60735000000,Yes,10-Month,1-Year,BB-2028,0,0,No,0,0.1030,,No,2-Year,,No,28000162200,83614087200,16084200,Yes,FRN,,,2026-06-24T11:34:12,A_20260618_4.xml,R_20260624_2.xml,,,,,
86,91282CQY0,2026-06-30T00:00:00,Note,2-Year,2028-06-30T00:00:00,4.125000,,,2026-06-18T00:00:00,2026-06-23,2026,2026-06-30T00:00:00,,,,,5.66,2,,Single-Price,,,,,4.138000,No,,2.64,,No,,No,01:00 PM,12:00 PM,68035905000,3,181436815000,Yes,912821UQ6,,,23343000000,28404000000,142819000000,Yes,205000000,205000000,Normal,2026-12-31T00:00:00,No,,,,,99.878432,,4.1890,,37726415000,54184815000,Semi-Annual,,,,,4.080000,2026-06-30T00:00:00,24150000000,10000000,24150000000,100,100,100,100,100,0,24150000000,759106400,Yes,69000000000,,,,2-Year,A_20260618_5.pdf,R_20260623_2.pdf,NCR_20260623_2.pdf,SPL_20260618_1.pdf,99.878432,6966490000,98848000000,No,0-Month,2-Year,BD-2028,10328694400,30986000000,No,10328694400,,20.6250,Yes,2-Year,,No,79328705800,192729615800,312015400,Yes,Note,,,2026-06-23T13:04:15,A_20260618_5.xml,R_20260623_2.xml,,,,,
87,912797UH8,2026-06-25T00:00:00,Bill,13-Week,2026-09-24T00:00:00,,,,2026-06-18T00:00:00,2026-06-22,2026,,,,,,87.55,2,,Single-Price,3.650000,,,,,,,2.68,,,,No,11:30 AM,11:00 AM,87167597200,3,236816047200,Yes,,,80810000000.000000,4237550000,8050000000,243102000000,Yes,100000000,100000000,,,No,,,3.695000,3.782000,99.065986,,,,52087422200,63042047200,None,3.595000,,,,,2026-06-25T00:00:00,31150000000,10000000,31150000000,100,,100,100,100,26700000000,31150000000,1732663700,Yes,89000000000,,,2026-03-26T00:00:00,26-Week,A_20260618_7.pdf,R_20260622_2.pdf,NCR_20260622_2.pdf,,99.065986,30842625000,165724000000,Yes,91-Day,13-Week,,6111619200,15863000000,No,6111619200,,,,13-Week,,No,95111880100,244760330100,1013461700,Yes,Bill,,,2026-06-22T11:33:07,A_20260618_7.xml,R_20260622_2.xml,,,,,
88,912797TC1,2026-06-25T00:00:00,Bill,26-Week,2026-12-24T00:00:00,,,,2026-06-18T00:00:00,2026-06-22,2026,,,,,,97.87,2,,Single-Price,3.805000,,,,,,,2.51,,,,No,11:30 AM,11:00 AM,75553221000,3,191769576000,Yes,,,52285000000.000000,3000000000,6175000000,243102000000,Yes,28400000,28400000,,,No,,,3.840000,3.970000,98.058667,,,,40072576000,43322576000,None,3.720000,,,,,2026-06-25T00:00:00,26950000000,10000000,26950000000,100,,100,100,100,16100000000,26950000000,1418582200,Yes,77000000000,,,2025-12-26T00:00:00,52-Week,A_20260618_3.pdf,R_20260622_1.pdf,NCR_20260622_1.pdf,,98.058667,32480645000,142272000000,Yes,182-Day,26-Week,,5287580700,15863000000,No,5287580700,,,,26-Week,,No,82287783900,198504138900,723284400,Yes,Bill,,,2026-06-22T11:33:06,A_20260618_3.xml,R_20260622_1.xml,,,,,
89,91282CQP9,2026-06-30T00:00:00,Note,4-Year 10-Month,2031-04-15T00:00:00,1.250000,332.926430,325.967400,2026-06-11T00:00:00,2026-06-18,2026,2026-04-15T00:00:00,,,2.6510500000,98.8543480000,36.1,2,,Single-Price,,,,,1.905000,Yes,2026-04-15T00:00:00,2.61,,No,,No,01:00 PM,12:00 PM,23914250000,3,62541675000,Yes,912821UE3,1982-1984=100,29272000000.000000,6693500000,8866000000,142819000000,Yes,0,0,Normal,2026-10-15T00:00:00,No,,,,,98.854348,,1.9550,1.021350,16401675000,22869675000,Semi-Annual,,,,,1.840000,2026-06-30T00:00:00,8400000000,10000000,8400000000,100,100,100,100,100,9100000000,8400000000,85752400,Yes,24000000000,,2026-04-15T00:00:00,2026-04-30T00:00:00,5-Year,A_20260611_3.pdf,R_20260618_3.pdf,NCR_20260618_3.pdf,,98.854348,819075000,30806000000,Yes,10-Month,4-Year,X-2031,3592589300,30986000000,No,3592589300,,,Yes,5-Year,1.9173696510,Yes,27592591700,66220016700,21320400,Yes,TIPS,2.595630,96.787926,2026-06-18T13:04:00,A_20260611_3.xml,R_20260618_3.xml,,,,,
90,912797VM6,2026-06-23T00:00:00,Bill,17-Week,2026-10-20T00:00:00,,,,2026-06-16T00:00:00,2026-06-17,2026,,,,,,11.86,2,,Single-Price,3.650000,,,,,,,2.87,,,,No,11:30 AM,11:00 AM,68458874600,3,197236615000,Yes,,,,3485930000,5980000000,235841000000,Yes,0,0,,,No,,,3.670000,3.767000,98.786861,,,,36282166600,55822615000,None,3.565000,,,,,2026-06-23T00:00:00,24150000000,10000000,24150000000,100,,100,100,100,0,24150000000,542548100,Yes,69000000000,,,,17-Week,A_20260616_1.pdf,R_20260617_1.pdf,NCR_20260617_1.pdf,,98.786861,28690778000,135434000000,No,119-Day,17-Week,,4270994100,13246000000,No,4270994100,,,,17-Week,,No,73272416800,202050157200,360887100,Yes,Bill,,,2026-06-17T11:34:15,A_20260616_1.xml,R_20260617_1.xml,,,,,
91,912810UV8,2026-06-22T00:00:00,Bond,19-Year 11-Month,2046-05-15T00:00:00,5.000000,,,2026-06-11T00:00:00,2026-06-16,2026,2026-05-15T00:00:00,5.1630400000,,,,56.57,2,,Single-Price,,,,,4.875000,Yes,2026-05-15T00:00:00,2.75,,No,,No,01:00 PM,12:00 PM,12932506400,3,35651830000,Yes,912803HW6,,18360000000.000000,2579248900,4511500000,0,Yes,0,0,Normal,2026-11-15T00:00:00,No,,,,,100.909218,,4.9270,,9256257500,12646830000,Semi-Annual,,,,,3.880000,2026-06-22T00:00:00,4550000000,10000000,4550000000,100,100,100,100,100,5600000000,4550000000,67525300,Yes,13000000000,,2026-05-15T00:00:00,2026-06-01T00:00:00,20-Year,A_20260611_1.pdf,R_20260616_2.pdf,NCR_20260616_2.pdf,,100.909218,1097000000,18493500000,Yes,11-Month,19-Year,Bonds of May 2046,0,0,No,0,,25.0000,Yes,20-Year,,No,13000031700,35719355300,34186300,Yes,Bond,,,2026-06-16T13:04:11,A_20260611_1.xml,R_20260616_2.xml,,,,,
92,912797VH7,2026-06-18T00:00:00,Bill,26-Week,2026-12-17T00:00:00,,,,2026-06-11T00:00:00,2026-06-15,2026,,,,,,14.0,2,,Single-Price,3.660000,,,,,,,2.76,,,,No,11:30 AM,11:00 AM,74980149000,3,210293149000,Yes,,,,4922500000,5305000000,261242000000,Yes,100000000,100000000,,,No,,,3.680000,3.802000,98.139556,,,,52567149000,65566149000,None,3.590000,,,,,2026-06-18T00:00:00,26950000000,10000000,26950000000,100,,100,100,100,0,26950000000,1920218600,Yes,77000000000,,,,26-Week,A_20260611_5.pdf,R_20260615_1.pdf,NCR_20260615_2.pdf,,98.139556,17490500000,139422000000,No,182-Day,26-Week,,6455051600,19365000000,No,6455051600,,,,26-Week,,No,83455419200,218768419200,940993300,Yes,Bill,,,2026-06-15T11:34:09,A_20260611_5.xml,R_20260615_1.xml,,,,,
93,912810UU0,2026-06-15T00:00:00,Bond,29-Year 11-Month,2056-05-15T00:00:00,5.000000,,,2026-06-04T00:00:00,2026-06-11,2026,2026-05-15T00:00:00,4.2119600000,,,,32.36,2,,Single-Price,,,,,4.960000,Yes,2026-05-15T00:00:00,2.33,,No,,No,01:00 PM,12:00 PM,21959443000,3,51179273000,Yes,912803HV8,,30936000000.000000,5557100000,6725100000,39999000000,Yes,0,0,Normal,2026-11-15T00:00:00,No,,,,,99.683378,,5.0200,,13164713000,16105173000,Semi-Annual,,,,,4.890000,2026-06-15T00:00:00,7700000000,10000000,7700000000,100,100,100,100,100,8800000000,7700000000,40579800,Yes,22000000000,,2026-05-15T00:00:00,2026-05-15T00:00:00,30-Year,A_20260604_3.pdf,R_20260611_3.pdf,NCR_20260611_3.pdf,,99.683378,3237630000,28349000000,Yes,11-Month,29-Year,Bonds of May 2056,0,0,No,0,,25.0000,Yes,30-Year,,No,22000022800,51219852800,15269800,Yes,Bond,,,2026-06-11T13:04:00,A_20260604_3.xml,R_20260611_3.xml,,,,,
94,912797VL8,2026-06-16T00:00:00,Bill,17-Week,2026-10-13T00:00:00,,,,2026-06-09T00:00:00,2026-06-10,2026,,,,,,16.25,2,,Single-Price,3.650000,,,,,,,2.88,,,,No,11:30 AM,11:00 AM,68499719000,3,198034094000,Yes,,,,3186250000,5525000000,234596000000,Yes,0,0,,,No,,,3.665000,3.761000,98.788514,,,,39744969000,53743094000,None,3.600000,,,,,2026-06-16T00:00:00,24150000000,10000000,24150000000,100,,100,100,100,0,24150000000,500448700,Yes,69000000000,,,,17-Week,A_20260609_2.pdf,R_20260610_1.pdf,NCR_20260610_1.pdf,,98.788514,25568500000,138766000000,No,119-Day,17-Week,,4614344800,14311000000,No,4614344800,,,,17-Week,,No,73614512500,203148887500,348321700,Yes,Bill,,,2026-06-10T11:33:53,A_20260609_2.xml,R_20260610_1.xml,,,,,
95,91282CQQ7,2026-06-15T00:00:00,Note,9-Year 11-Month,2036-05-15T00:00:00,4.375000,,,2026-06-04T00:00:00,2026-06-10,2026,2026-05-15T00:00:00,3.6854600000,,,,71.34,2,,Single-Price,,,,,4.480000,Yes,2026-05-15T00:00:00,2.57,,No,,No,01:00 PM,12:00 PM,38914680400,3,99959349000,Yes,912821UK9,,51972000000.000000,4796000000,7916500000,39999000000,Yes,0,0,Normal,2026-11-15T00:00:00,No,,,,,98.703094,,4.5380,,30435505400,37206849000,Semi-Annual,,,,,4.400000,2026-06-15T00:00:00,13650000000,10000000,13650000000,100,100,100,100,100,14700000000,13650000000,85320600,Yes,39000000000,,2026-05-15T00:00:00,2026-05-15T00:00:00,10-Year,A_20260604_2.pdf,R_20260610_2.pdf,NCR_20260610_2.pdf,,98.703094,3683175000,54836000000,Yes,11-Month,9-Year,C-2036,0,0,No,0,,21.8750,Yes,10-Year,,No,39000001000,100044669600,38560800,Yes,Note,,,2026-06-10T13:03:58,A_20260604_2.xml,R_20260610_2.xml,,,,,
96,91282CQV6,2026-06-15T00:00:00,Note,3-Year,2029-06-15T00:00:00,4.125000,,,2026-06-04T00:00:00,2026-06-09,2026,2026-06-15T00:00:00,,,,,42.92,2,,Single-Price,,,,,4.147000,No,,2.64,,No,,No,01:00 PM,12:00 PM,57733403100,3,153124410000,Yes,912821UP8,,,12131465100,16178000000,39999000000,Yes,5000000,5000000,Normal,2026-12-15T00:00:00,No,,,,,99.812958,,4.1920,,36781410000,48981410000,Semi-Annual,,,,,2.880000,2026-06-15T00:00:00,20300000000,10000000,20300000000,100,100,100,100,100,0,20300000000,261616100,Yes,58000000000,,,,3-Year,A_20260604_4.pdf,R_20260609_3.pdf,NCR_20260609_3.pdf,,99.812958,8820528000,87965000000,No,0-Month,3-Year,AP-2029,0,0,No,0,,20.6250,Yes,3-Year,,No,58000019200,153391026100,90506100,Yes,Note,,,2026-06-09T13:04:05,A_20260604_4.xml,R_20260609_3.xml,,912834ZZ4,,2029-06-15T00:00:00,
97,912797VF1,2026-06-11T00:00:00,Bill,52-Week,2027-06-10T00:00:00,,,,2026-06-04T00:00:00,2026-06-09,2026,,,,,,70.95,2,,Single-Price,3.715000,,,,,,,3.34,,,,No,11:30 AM,11:00 AM,48859275000,3,166008830000,Yes,,,,1068995000,4010000000,280728000000,Yes,1700000,1700000,,,No,,,3.750000,3.914000,96.208333,,,,33335192500,60578830000,None,3.300000,,,,,2026-06-11T00:00:00,17500000000,10000000,17500000000,100,,100,100,100,0,17500000000,1139407500,Yes,50000000000,,,,52-Week,A_20260604_1.pdf,R_20260609_2.pdf,NCR_20260609_2.pdf,,96.208333,14455087500,101420000000,No,364-Day,52-Week,,3215158000,18069000000,No,3215158000,,,,52-Week,,No,53215540500,170365095500,512763100,Yes,Bill,,,2026-06-09T11:34:08,A_20260604_1.xml,R_20260609_2.xml,,,,,
98,912797VG9,2026-06-11T00:00:00,Bill,26-Week,2026-12-10T00:00:00,,,,2026-06-04T00:00:00,2026-06-08,2026,,,,,,95.45,2,,Single-Price,3.670000,,,,,,,2.75,,,,No,11:30 AM,11:00 AM,75376263000,3,210198363000,Yes,,,,4170450000,7025000000,280728000000,Yes,78300000,78300000,,,No,,,3.690000,3.812000,98.1345,,,,40633088000,48626363000,None,3.585000,,,,,2026-06-11T00:00:00,26950000000,10000000,26950000000,100,,100,100,100,0,26950000000,1545700600,Yes,77000000000,,,,26-Week,A_20260604_5.pdf,R_20260608_1.pdf,NCR_20260608_2.pdf,,98.1345,30572725000,154547000000,No,182-Day,26-Week,,4951343300,18069000000,No,4951343300,,,,26-Week,,No,81951606900,216773706900,781056900,Yes,Bill,,,2026-06-08T11:34:01,A_20260604_5.xml,R_20260608_1.xml,,,,,
99,912797VK0,2026-06-09T00:00:00,Bill,17-Week,2026-10-06T00:00:00,,,,2026-06-02T00:00:00,2026-06-03,2026,,,,,,93.35,2,,Single-Price,3.625000,,,,,,,3.15,,,,No,11:30 AM,11:00 AM,68379689000,3,216416176000,Yes,,,,2830086000,5786736000,224097000000,Yes,100000000,100000000,,,No,,,3.635000,3.730000,98.798431,,,,41869943000,70359440000,None,3.400000,,,,,2026-06-09T00:00:00,24150000000,10000000,24150000000,100,,100,100,100,0,24150000000,521544500,Yes,69000000000,,,,17-Week,A_20260602_1.pdf,R_20260603_1.pdf,NCR_20260603_1.pdf,,98.798431,23679660000,140270000000,No,119-Day,17-Week,,3705109200,11760000000,No,3705109200,,,,17-Week,,No,72706342700,220742829700,351666500,Yes,Bill,,,2026-06-03T11:34:06,A_20260602_1.xml,R_20260603_1.xml,,,,,
100,912797VA2,2026-06-04T00:00:00,Bill,26-Week,2026-12-03T00:00:00,,,,2026-05-28T00:00:00,2026-06-01,2026,,,,,,3.3,2,,Single-Price,3.635000,,,,,,,2.84,,,,No,11:30 AM,11:00 AM,75278439000,3,216840189000,Yes,,,,7258000000,10375000000,230849000000,Yes,200000000,200000000,,,No,,,3.665000,3.786000,98.147139,,,,42454739000,55025189000,None,3.550000,,,,,2026-06-04T00:00:00,26950000000,10000000,26950000000,100,,100,100,100,0,26950000000,1521626000,Yes,77000000000,,,,26-Week,A_20260528_3.pdf,R_20260601_1.pdf,NCR_20260601_1.pdf,,98.147139,25565700000,151440000000,No,182-Day,26-Week,,4874634400,15257000000,No,4874634400,,,,26-Week,,No,81874699400,223436449400,682194800,Yes,Bill,,,2026-06-01T11:34:15,A_20260528_3.xml,R_20260601_1.xml,,,,,
101,91282CQT1,2026-06-01T00:00:00,Note,7-Year,2033-05-31T00:00:00,4.250000,,,2026-05-21T00:00:00,2026-05-28,2026,2026-05-31T00:00:00,0.1161200000,,,,71.23,2,,Single-Price,,,,,4.240000,Yes,2026-05-31T00:00:00,2.52,,No,,No,01:00 PM,12:00 PM,43917937100,3,110712243000,Yes,912821UN3,,,4916350000,8093100000,130939000000,Yes,0,0,Normal,2026-11-30T00:00:00,No,,,,,99.760165,,4.2900,,34425897100,41618143000,Semi-Annual,,,,,2.880000,2026-05-31T00:00:00,15400000000,10000000,15400000000,100,100,100,100,100,0,15400000000,82069100,Yes,44000000000,,,,7-Year,A_20260521_4.pdf,R_20260528_3.pdf,NCR_20260528_3.pdf,,99.760165,4575690000,61001000000,No,0-Month,7-Year,L-2033,6491882600,29361000000,No,6491882600,,21.2500,Yes,7-Year,,No,50491888800,117286194700,30164100,Yes,Note,,,2026-05-28T13:04:03,A_20260521_4.xml,R_20260528_3.xml,,912834ZY7,,2033-05-31T00:00:00,
102,912797VE4,2026-06-02T00:00:00,Bill,17-Week,2026-09-29T00:00:00,,,,2026-05-26T00:00:00,2026-05-27,2026,,,,,,25.59,2,,Single-Price,3.610000,,,,,,,3.01,,,,No,11:30 AM,11:00 AM,68533193700,3,207082000000,Yes,,,,3196552500,6325000000,217745000000,Yes,0,0,,,No,,,3.630000,3.725000,98.800083,,,,38570371200,51827000000,None,3.400000,,,,,2026-06-02T00:00:00,24150000000,10000000,24150000000,100,,100,100,100,0,24150000000,467306300,Yes,69000000000,,,,17-Week,A_20260526_1.pdf,R_20260527_2.pdf,NCR_20260527_1.pdf,,98.800083,26766270000,148930000000,No,119-Day,17-Week,,2707551800,9182000000,No,2707551800,,,,17-Week,,No,71708051800,210256858100,300672300,Yes,Bill,,,2026-05-27T11:34:09,A_20260526_1.xml,R_20260527_2.xml,,,,,
103,91282CQU8,2026-06-01T00:00:00,Note,5-Year,2031-05-31T00:00:00,4.125000,,,2026-05-21T00:00:00,2026-05-27,2026,2026-05-31T00:00:00,0.1127000000,,,,75.22,2,,Single-Price,,,,,4.125000,Yes,2026-05-31T00:00:00,2.34,,No,,No,01:00 PM,12:00 PM,69746462500,3,163570965500,Yes,912821UM5,,,8609059400,12897000000,130939000000,Yes,100000000,100000000,Normal,2026-11-30T00:00:00,No,,,,,99.745106,,4.1820,,52207838100,61390965500,Semi-Annual,,,,,4.070000,2026-05-31T00:00:00,24500000000,10000000,24500000000,100,100,100,100,100,0,24500000000,153591500,Yes,70000000000,,,,5-Year,A_20260521_7.pdf,R_20260527_3.pdf,NCR_20260527_3.pdf,SPL_20260521_3.pdf,99.745106,8929565000,89283000000,No,0-Month,5-Year,Z-2031,10327995000,29361000000,No,10327995000,,20.6250,Yes,5-Year,,No,80328049000,174152552000,54310500,Yes,Note,,,2026-05-27T13:04:04,A_20260521_7.xml,R_20260527_3.xml,,,,,
104,91282CQM6,2026-05-29T00:00:00,Note,1-Year 11-Month,2028-04-30T00:00:00,,,,2026-05-21T00:00:00,2026-05-27,2026,2026-04-30T00:00:00,,0.3012716680,,,53.61,2,,Single-Price,,,,0.080000,,Yes,2026-04-30T00:00:00,3.49,,No,,No,11:30 AM,11:00 AM,27979569300,3,97764000000,Yes,,,33776000000.000000,200000000,200000000,0,Yes,0,0,Normal,2026-07-31T00:00:00,Yes,2026-05-18T00:00:00,3.600000,,,100.024268,0.089000,,,20269569300,33284000000,Quarterly,,,,0.050000,,2026-05-29T00:00:00,9800000000,10000000,9800000000,100,,100,100,100,10500000000,9800000000,20883700,Yes,28000000000,,2026-04-30T00:00:00,2026-04-30T00:00:00,2-Year,A_20260521_3.pdf,R_20260527_1.pdf,NCR_20260527_2.pdf,,100.024268,7510000000,64280000000,Yes,11-Month,1-Year,BB-2028,0,0,No,0,0.1030,,No,2-Year,,No,28000453000,97784883700,8170700,Yes,FRN,,,2026-05-27T11:34:10,A_20260521_3.xml,R_20260527_1.xml,,,,,
105,91282CQS3,2026-06-01T00:00:00,Note,2-Year,2028-05-31T00:00:00,4.000000,,,2026-05-21T00:00:00,2026-05-26,2026,2026-05-31T00:00:00,0.1092900000,,,,42.14,2,,Single-Price,,,,,4.015000,Yes,2026-05-31T00:00:00,2.64,,No,,No,01:00 PM,12:00 PM,68274791000,3,181345923000,Yes,912821UL7,,,20557500000,25366000000,130939000000,Yes,0,0,Normal,2026-11-30T00:00:00,No,,,,,99.864901,,4.0710,,39294023000,58227923000,Semi-Annual,,,,,3.900000,2026-05-31T00:00:00,24150000000,10000000,24150000000,100,100,100,100,100,0,24150000000,725260500,Yes,69000000000,,,,2-Year,A_20260521_6.pdf,R_20260526_4.pdf,NCR_20260526_4.pdf,"SPL_20260521_1.pdf, SPL_20260521_2.pdf",99.864901,8423268000,97752000000,No,0-Month,2-Year,BC-2028,10180452200,29361000000,No,10180452200,,20.0000,Yes,2-Year,,No,79180503700,192251635700,293067500,Yes,Note,,,2026-05-26T13:04:09,A_20260521_6.xml,R_20260526_4.xml,,,,,
106,912797SU2,2026-05-28T00:00:00,Bill,26-Week,2026-11-27T00:00:00,,,,2026-05-21T00:00:00,2026-05-26,2026,,,,,,37.55,2,,Single-Price,3.620000,,,,,,,2.77,,,,No,11:30 AM,11:00 AM,75396058000,3,212020733000,Yes,,,52302000000.000000,6356825000,9075000000,235972000000,Yes,0,0,,,No,,,3.650000,3.771000,98.144583,,,,43268783000,50170733000,None,3.500000,,,,,2026-05-28T00:00:00,26950000000,10000000,26950000000,100,,100,100,100,14400000000,26950000000,1604054200,Yes,77000000000,,,2025-11-28T00:00:00,52-Week,A_20260521_2.pdf,R_20260526_1.pdf,NCR_20260526_1.pdf,SPL_20260521_1.pdf,98.144583,25770450000,152775000000,Yes,183-Day,26-Week,,2968197100,9676000000,No,2968197100,,,,26-Week,,No,79968309300,216592984300,728598300,Yes,Bill,,,2026-05-26T11:34:02,A_20260521_2.xml,R_20260526_1.xml,,,,,
107,91282CPU9,2026-05-29T00:00:00,Note,9-Year 8-Month,2036-01-15T00:00:00,1.875000,329.881260,324.934710,2026-05-14T00:00:00,2026-05-21,2026,2026-01-15T00:00:00,,,7.0462500000,98.9385210000,35.14,2,,Single-Price,,,,,2.100000,Yes,2026-01-15T00:00:00,2.52,,No,,No,01:00 PM,12:00 PM,18935762000,3,47884510000,Yes,912821TQ8,1982-1984=100,41962000000.000000,5209700000,6364700000,0,Yes,0,0,Normal,2026-07-15T00:00:00,No,,,,,98.938521,,2.1690,1.015220,11619062000,14062810000,Semi-Annual,,,,,2.040000,2026-05-29T00:00:00,6650000000,10000000,6650000000,100,100,100,100,100,14000000000,6650000000,64245500,Yes,19000000000,,2026-01-15T00:00:00,2026-01-30T00:00:00,10-Year,A_20260514_5.pdf,R_20260521_4.pdf,NCR_20260521_4.pdf,SPL_20260520_1.pdf,98.938521,2107000000,27457000000,Yes,8-Month,9-Year,A-2036,0,0,No,0,,,Yes,10-Year,2.8851949980,Yes,19000007500,47948755500,12558500,Yes,TIPS,6.940610,97.455252,2026-05-21T13:04:02,A_20260514_5.xml,R_20260521_4.xml,,,,,
108,912810UV8,2026-06-01T00:00:00,Bond,20-Year,2046-05-15T00:00:00,5.000000,,,2026-05-14T00:00:00,2026-05-20,2026,2026-05-15T00:00:00,2.3097800000,,,,1.67,2,,Single-Price,,,,,5.068000,Yes,2026-05-15T00:00:00,2.55,,No,,No,01:00 PM,12:00 PM,15829823000,3,40665950000,Yes,912803HW6,,,3631500000,4812500000,130939000000,Yes,0,0,Normal,2026-11-15T00:00:00,No,,,,,98.481099,,5.1220,,10712317000,14564450000,Semi-Annual,,,,,3.880000,2026-05-31T00:00:00,5600000000,10000000,5600000000,100,100,100,100,100,0,5600000000,170180700,Yes,16000000000,,,,20-Year,A_20260514_3.pdf,R_20260520_2.pdf,NCR_20260520_2.pdf,,98.481099,1486006000,21289000000,No,0-Month,20-Year,Bonds of May 2046,2360684500,29361000000,No,2360684500,,25.0000,Yes,20-Year,,No,18360688200,43196815200,48456700,Yes,Bond,,,2026-05-20T13:03:55,A_20260514_3.xml,R_20260520_2.xml,,,,,
109,912797VD6,2026-05-26T00:00:00,Bill,17-Week,2026-09-22T00:00:00,,,,2026-05-19T00:00:00,2026-05-20,2026,,,,,,99.6,2,,Single-Price,3.570000,,,,,,,3.34,,,,No,11:30 AM,11:00 AM,68500778000,3,229751470000,Yes,,,,4867600000,7510000000,220785000000,Yes,0,0,,,No,,,3.590000,3.684000,98.813306,,,,40470778000,69599470000,None,3.400000,,,,,2026-05-26T00:00:00,24150000000,10000000,24150000000,100,,100,100,100,0,24150000000,500064000,Yes,69000000000,,,,17-Week,A_20260519_3.pdf,R_20260520_1.pdf,NCR_20260520_1.pdf,,98.813306,23162400000,152642000000,No,119-Day,17-Week,,2691251600,10297000000,No,2691251600,,,,17-Week,,No,71692093600,232942785600,364022000,Yes,Bill,,,2026-05-20T11:33:49,A_20260519_3.xml,R_20260520_1.xml,,,,,
110,912797UZ8,2026-05-21T00:00:00,Bill,26-Week,2026-11-19T00:00:00,,,,2026-05-14T00:00:00,2026-05-18,2026,,,,,,37.69,2,,Single-Price,3.600000,,,,,,,3.07,,,,No,11:30 AM,11:00 AM,74471220900,3,233970056600,Yes,,,,6854750000,9754750000,233754000000,Yes,900000000,900000000,,,No,,,3.615000,3.733000,98.172417,,,,47088050900,67475306600,None,3.300000,,,,,2026-05-21T00:00:00,26950000000,10000000,26950000000,100,,100,100,100,0,26950000000,1629389900,Yes,77000000000,,,,26-Week,A_20260514_2.pdf,R_20260518_1.pdf,NCR_20260518_1.pdf,,98.172417,20528420000,156740000000,No,182-Day,26-Week,,4646462800,15146000000,No,4646462800,,,,26-Week,,No,81647073600,241145909300,788019600,Yes,Bill,,,2026-05-18T11:33:50,A_20260514_2.xml,R_20260518_1.xml,,,,,
111,912810UU0,2026-05-15T00:00:00,Bond,30-Year,2056-05-15T00:00:00,5.000000,,,2026-05-06T00:00:00,2026-05-13,2026,2026-05-15T00:00:00,,,,,72.06,2,,Single-Price,,,,,4.990000,No,,2.3,,No,,No,01:00 PM,12:00 PM,24937681600,3,57504603000,Yes,912803HV8,,,5420900000,6770900000,83284000000,Yes,0,0,Normal,2026-11-15T00:00:00,No,,,,,99.292811,,5.0460,,16609721600,19839203000,Semi-Annual,,,,,3.880000,2026-05-15T00:00:00,8750000000,10000000,8750000000,100,100,100,100,100,0,8750000000,62324000,Yes,25000000000,,,,30-Year,A_20260506_3.pdf,R_20260513_2.pdf,NCR_20260513_2.pdf,,99.292811,2907060000,30894500000,No,0-Month,30-Year,Bonds of May 2056,5936159900,29681000000,No,5936159900,,25.0000,Yes,30-Year,,No,30936165500,63503086900,24474000,Yes,Bond,,,2026-05-13T13:04:05,A_20260506_3.xml,R_20260513_2.xml,,912834ZX9,,2056-05-15T00:00:00,
112,91282CQQ7,2026-05-15T00:00:00,Note,10-Year,2036-05-15T00:00:00,4.375000,,,2026-05-06T00:00:00,2026-05-12,2026,2026-05-15T00:00:00,,,,,22.0,2,,Single-Price,,,,,4.413000,No,,2.4,,No,,No,01:00 PM,12:00 PM,41869018000,3,100759818000,Yes,912821UK9,,,10078500000,12418500000,83284000000,Yes,0,0,Normal,2026-11-15T00:00:00,No,,,,,99.256552,,4.4680,,26775518000,32367318000,Semi-Annual,,,,,4.340000,2026-05-15T00:00:00,14700000000,10000000,14700000000,100,100,100,100,100,0,14700000000,131024400,Yes,42000000000,,,,10-Year,A_20260506_1.pdf,R_20260512_3.pdf,NCR_20260512_3.pdf,,99.256552,5015000000,55974000000,No,0-Month,10-Year,C-2036,9972748700,29681000000,No,9972748700,,21.8750,Yes,10-Year,,No,51972791100,110863591100,58319400,Yes,Note,,,2026-05-12T13:03:57,A_20260506_1.xml,R_20260512_3.xml,,,,,
113,912797UX3,2026-05-14T00:00:00,Bill,52-Week,2027-05-13T00:00:00,,,,2026-05-07T00:00:00,2026-05-12,2026,,,,,,4.56,2,,Single-Price,3.620000,,,,,,,3.41,,,,No,11:30 AM,11:00 AM,48699890300,3,169070558300,Yes,,,,1700000000,4505000000,288996000000,Yes,200000000,200000000,,,No,,,3.650000,3.806000,96.309444,,,,33630218300,59630558300,None,3.300000,,,,,2026-05-14T00:00:00,17500000000,10000000,17500000000,100,,100,100,100,0,17500000000,1100279700,Yes,50000000000,,,,52-Week,A_20260507_3.pdf,R_20260512_1.pdf,NCR_20260512_1.pdf,,96.309444,13369672000,104935000000,No,364-Day,52-Week,,3137435600,18574000000,No,3137435600,,,,52-Week,,No,53137605600,173508273600,468976600,Yes,Bill,,,2026-05-12T11:33:48,A_20260507_3.xml,R_20260512_1.xml,,,,,
114,91282CQR5,2026-05-15T00:00:00,Note,3-Year,2029-05-15T00:00:00,3.875000,,,2026-05-06T00:00:00,2026-05-11,2026,2026-05-15T00:00:00,,,,,37.53,2,,Single-Price,,,,,3.917000,No,,2.54,,No,,No,01:00 PM,12:00 PM,57599404500,3,146914420000,Yes,912821UJ2,,,11600454500,14626000000,83284000000,Yes,200000000,200000000,Normal,2026-11-15T00:00:00,No,,,,,99.747787,,3.9650,,36261950000,46832420000,Semi-Annual,,,,,3.800000,2026-05-15T00:00:00,20300000000,10000000,20300000000,100,100,100,100,100,0,20300000000,200595700,Yes,58000000000,,,,3-Year,A_20260506_2.pdf,R_20260511_3.pdf,NCR_20260511_3.pdf,,99.747787,9737000000,85456000000,No,0-Month,3-Year,AN-2029,13771891200,29681000000,No,13771891200,,19.3750,Yes,3-Year,,No,71771891400,161086906900,70022700,Yes,Note,,,2026-05-11T13:03:57,A_20260506_2.xml,R_20260511_3.xml,,,,,
115,912797UY1,2026-05-14T00:00:00,Bill,26-Week,2026-11-12T00:00:00,,,,2026-05-07T00:00:00,2026-05-11,2026,,,,,,72.54,2,,Single-Price,3.590000,,,,,,,2.91,,,,No,11:30 AM,11:00 AM,74925391000,3,222096977000,Yes,,,,6576270000,9740000000,288996000000,Yes,675000000,675000000,,,No,,,3.615000,3.733000,98.172417,,,,41927442000,57571977000,None,3.300000,,,,,2026-05-14T00:00:00,26950000000,10000000,26950000000,100,,100,100,100,0,26950000000,1399780000,Yes,77000000000,,,,26-Week,A_20260507_4.pdf,R_20260511_2.pdf,NCR_20260511_1.pdf,,98.172417,26421679000,154785000000,No,182-Day,26-Week,,4831650800,18574000000,No,4831650800,,,,26-Week,,No,81831821800,229003407800,722883700,Yes,Bill,,,2026-05-11T11:34:47,A_20260507_4.xml,R_20260511_2.xml,,,,,
116,912797UM7,2026-05-07T00:00:00,Bill,26-Week,2026-11-05T00:00:00,,,,2026-04-30T00:00:00,2026-05-04,2026,,,,,,2.03,2,,Single-Price,3.570000,,,,,,,2.79,,,,No,11:30 AM,11:00 AM,75314905300,3,212887748000,Yes,,,,7736015000,10635000000,242357000000,Yes,100000000,100000000,,,No,,,3.610000,3.728000,98.174944,,,,40584530300,53337748000,None,3.500000,,,,,2026-05-07T00:00:00,26950000000,10000000,26950000000,100,,100,100,100,0,26950000000,1585693000,Yes,77000000000,,,,26-Week,A_20260430_1.pdf,R_20260504_2.pdf,NCR_20260504_2.pdf,,98.174944,26994360000,148915000000,No,182-Day,26-Week,,4881350500,15278000000,No,4881350500,,,,26-Week,,No,81881948800,219454791500,771614200,Yes,Bill,,,2026-05-04T11:33:59,A_20260430_1.xml,R_20260504_2.xml,,,,,
117,91282CQM6,2026-04-30T00:00:00,Note,2-Year,2028-04-30T00:00:00,,,,2026-04-23T00:00:00,2026-04-28,2026,2026-04-30T00:00:00,,,,,10.51,2,,Single-Price,,,,0.094000,,No,,3.52,,No,,No,11:30 AM,11:00 AM,29968630000,3,105646800000,Yes,,,,0,0,229920000000,Yes,0,0,Normal,2026-07-31T00:00:00,Yes,2026-04-20T00:00:00,3.610000,,,100.0,0.103000,,,19693020000,34626800000,Quarterly,,,,0.040000,,2026-04-30T00:00:00,10500000000,10000000,10500000000,100,,100,100,100,0,10500000000,31520200,Yes,30000000000,,,,2-Year,A_20260423_2.pdf,R_20260428_1.pdf,NCR_20260428_1.pdf,,100.0,10275610000,71020000000,No,0-Month,2-Year,BB-2028,3775715600,31716000000,No,3775715600,0.1030,,No,2-Year,,No,33775865800,109454035800,12739200,Yes,FRN,,,2026-04-28T11:33:07,A_20260423_2.xml,R_20260428_1.xml,,,,,
118,91282CQN4,2026-04-30T00:00:00,Note,7-Year,2033-04-30T00:00:00,4.125000,,,2026-04-23T00:00:00,2026-04-28,2026,2026-04-30T00:00:00,,,,,1.89,2,,Single-Price,,,,,4.120000,No,,2.51,,No,,No,01:00 PM,12:00 PM,43911881800,3,110488273000,Yes,912821UH6,,,13177650000,15867900000,229920000000,Yes,0,0,Normal,2026-10-31T00:00:00,No,,,,,99.699199,,4.1750,,25623768000,33926373000,Semi-Annual,,,,,2.880000,2026-04-30T00:00:00,15400000000,10000000,15400000000,100,100,100,100,100,0,15400000000,88173900,Yes,44000000000,,,,7-Year,A_20260423_6.pdf,R_20260428_3.pdf,NCR_20260428_3.pdf,,99.699199,5110463800,60694000000,No,0-Month,7-Year,K-2033,5537716000,31716000000,No,5537716000,,20.6250,Yes,7-Year,,No,49537771700,116114162900,44137900,Yes,Note,,,2026-04-28T13:03:59,A_20260423_6.xml,R_20260428_3.xml,,912834ZW1,,2033-04-30T00:00:00,
119,912797SK4,2026-04-30T00:00:00,Bill,26-Week,2026-10-29T00:00:00,,,,2026-04-23T00:00:00,2026-04-27,2026,,,,,,75.92,2,,Single-Price,3.560000,,,,,,,2.95,,,,No,11:30 AM,11:00 AM,75517382000,3,225667822000,Yes,,,52802000000.000000,7374960000,10562000000,249865000000,Yes,100000000,100000000,,,No,,,3.590000,3.707000,98.185056,,,,48756062000,64590822000,None,3.490000,,,,,2026-04-30T00:00:00,26950000000,10000000,26950000000,100,,100,100,100,15100000000,26950000000,1383446900,Yes,77000000000,,,2025-10-30T00:00:00,52-Week,A_20260423_5.pdf,R_20260427_2.pdf,NCR_20260427_1.pdf,SPL_20260423_1.pdf,98.185056,19386360000,150515000000,Yes,182-Day,26-Week,,5341827100,16372000000,No,5341827100,,,,26-Week,,No,82342656000,232493096000,673606500,Yes,Bill,,,2026-04-27T11:33:59,A_20260423_5.xml,R_20260427_2.xml,,,,,
120,91282CQL8,2026-04-30T00:00:00,Note,2-Year,2028-04-30T00:00:00,3.750000,,,2026-04-23T00:00:00,2026-04-27,2026,2026-04-30T00:00:00,,,,,4.28,2,,Single-Price,,,,,3.750000,No,,2.65,,No,,No,11:30 AM,11:00 AM,68334730100,3,182422740000,Yes,912821UF0,,,21626470100,26499000000,229920000000,Yes,200000000,200000000,Normal,2026-10-31T00:00:00,No,,,,,99.881691,,3.8120,,38597840000,54422740000,Semi-Annual,,,,,2.880000,2026-04-30T00:00:00,24150000000,10000000,24150000000,100,100,100,100,100,0,24150000000,465345300,Yes,69000000000,,,,2-Year,A_20260423_1.pdf,R_20260427_1.pdf,NCR_20260427_2.pdf,"SPL_20260423_1.pdf, SPL_20260423_2.pdf",99.881691,8110420000,101501000000,No,0-Month,2-Year,BA-2028,8684145700,31716000000,No,8684145700,,18.7500,Yes,2-Year,,No,77684221100,191772231000,247171300,Yes,Note,,,2026-04-27T11:34:00,A_20260423_1.xml,R_20260427_1.xml,,,,,
121,91282CQK0,2026-04-30T00:00:00,Note,5-Year,2031-04-30T00:00:00,3.875000,,,2026-04-23T00:00:00,2026-04-27,2026,2026-04-30T00:00:00,,,,,61.04,2,,Single-Price,,,,,3.902000,No,,2.33,,No,,No,01:00 PM,12:00 PM,69875552600,3,162951063000,Yes,912821UG8,,,10499000000,12854000000,229920000000,Yes,0,0,Normal,2026-10-31T00:00:00,No,,,,,99.640273,,3.9550,,50513063000,59861063000,Semi-Annual,,,,,3.840000,2026-04-30T00:00:00,24500000000,10000000,24500000000,100,100,100,100,100,0,24500000000,124455100,Yes,70000000000,,,,5-Year,A_20260423_4.pdf,R_20260427_4.pdf,NCR_20260427_4.pdf,SPL_20260423_1.pdf,99.640273,8863489600,90236000000,No,0-Month,5-Year,Y-2031,8810002900,31716000000,No,8810002900,,19.3750,Yes,5-Year,,No,78810010600,171885521000,35046100,Yes,Note,,,2026-04-27T13:04:02,A_20260423_4.xml,R_20260427_4.xml,,,,,
122,91282CQP9,2026-04-30T00:00:00,Note,5-Year,2031-04-15T00:00:00,1.250000,326.733900,325.967400,2026-04-16T00:00:00,2026-04-23,2026,2026-04-15T00:00:00,,,0.5135000000,99.6742200000,32.09,2,,Single-Price,,,,,1.305000,Yes,2026-04-15T00:00:00,2.57,,No,,No,01:00 PM,12:00 PM,25815479000,3,66625124000,Yes,912821UE3,1982-1984=100,,6948000000,8601000000,229920000000,Yes,0,0,Normal,2026-10-15T00:00:00,No,,,,,99.67422,,1.3670,1.002350,16678889000,24127624000,Semi-Annual,,,,,1.265000,2026-04-30T00:00:00,9100000000,10000000,9100000000,100,100,100,100,100,0,9100000000,184527300,Yes,26000000000,,,,5-Year,A_20260416_1.pdf,R_20260423_3.pdf,NCR_20260423_3.pdf,,99.67422,2188590000,33896500000,No,0-Month,5-Year,X-2031,3272286700,31716000000,No,3272286700,,,Yes,5-Year,1.9173696510,Yes,29272293000,70081938000,34568300,Yes,TIPS,0.512300,99.440535,2026-04-23T13:04:16,A_20260416_1.xml,R_20260423_3.xml,,,,,
123,912810UT3,2026-04-30T00:00:00,Bond,19-Year 10-Month,2046-02-15T00:00:00,4.625000,,,2026-04-16T00:00:00,2026-04-22,2026,2026-02-15T00:00:00,9.4544200000,,,,56.28,2,,Single-Price,,,,,4.841000,Yes,2026-02-15T00:00:00,2.68,,No,,No,01:00 PM,12:00 PM,12944148000,3,34832868000,Yes,912803HT3,,32258000000.000000,2961500000,4635000000,229920000000,Yes,0,0,Normal,2026-08-15T00:00:00,No,,,,,96.735962,,4.8830,,8723508000,11893368000,Semi-Annual,,,,,3.880000,2026-04-30T00:00:00,4550000000,10000000,4550000000,100,100,100,100,100,10200000000,4550000000,55853000,Yes,13000000000,,2026-02-15T00:00:00,2026-03-02T00:00:00,20-Year,A_20260416_5.pdf,R_20260422_2.pdf,NCR_20260422_2.pdf,,96.735962,1259140000,18304500000,Yes,10-Month,19-Year,Bonds of February 2046,1636143300,31716000000,No,1636143300,,23.1250,Yes,20-Year,,No,14636144300,36524864300,21253000,Yes,Bond,,,2026-04-22T13:04:11,A_20260416_5.xml,R_20260422_2.xml,,,,,
124,912797UL9,2026-04-23T00:00:00,Bill,26-Week,2026-10-22T00:00:00,,,,2026-04-16T00:00:00,2026-04-20,2026,,,,,,91.11,2,,Single-Price,3.560000,,,,,,,2.89,,,,No,11:30 AM,11:00 AM,74607694000,3,219773526000,Yes,,,,8063777500,10616000000,250689000000,Yes,800000000,800000000,,,No,,,3.590000,3.707000,98.185056,,,,42181156500,54302526000,None,3.300000,,,,,2026-04-23T00:00:00,26950000000,10000000,26950000000,100,,100,100,100,0,26950000000,1592591800,Yes,77000000000,,,,26-Week,A_20260416_2.pdf,R_20260420_2.pdf,NCR_20260420_1.pdf,,98.185056,24362760000,154855000000,No,182-Day,26-Week,,5536308300,16968000000,No,5536308300,,,,26-Week,,No,82536594100,227702426100,819261500,Yes,Bill,,,2026-04-20T11:34:04,A_20260416_2.xml,R_20260420_2.xml,,,,,
125,912797UE5,2026-04-16T00:00:00,Bill,52-Week,2027-04-15T00:00:00,,,,2026-04-09T00:00:00,2026-04-14,2026,,,,,,62.43,2,,Single-Price,3.510000,,,,,,,3.21,,,,No,11:30 AM,11:00 AM,48981167000,3,159468039000,Yes,,,,2541850500,3895000000,300370000000,Yes,0,0,,,No,,,3.560000,3.710000,96.400444,,,,27314689000,49393039000,None,3.300000,,,,,2026-04-16T00:00:00,17500000000,10000000,17500000000,100,,100,100,100,0,17500000000,1018950300,Yes,50000000000,,,,52-Week,A_20260409_3.pdf,R_20260414_1.pdf,NCR_20260414_1.pdf,,96.400444,19124627500,106180000000,No,364-Day,52-Week,,1974459100,11294000000,No,1974459100,,,,52-Week,,No,51974576400,162461448400,477675300,Yes,Bill,,,2026-04-14T11:34:13,A_20260409_3.xml,R_20260414_1.xml,,,,,
126,912797UK1,2026-04-16T00:00:00,Bill,26-Week,2026-10-15T00:00:00,,,,2026-04-09T00:00:00,2026-04-13,2026,,,,,,18.61,2,,Single-Price,3.580000,,,,,,,2.84,,,,No,11:30 AM,11:00 AM,73970145000,3,215600722000,Yes,,,,6828135000,9938000000,300370000000,Yes,1400000000,1400000000,,,No,,,3.610000,3.728000,98.174944,,,,45172590000,55832722000,None,3.500000,,,,,2026-04-16T00:00:00,26950000000,10000000,26950000000,100,,100,100,100,0,26950000000,1630115900,Yes,77000000000,,,,26-Week,A_20260409_2.pdf,R_20260413_2.pdf,NCR_20260413_2.pdf,,98.174944,21969420000,149830000000,No,182-Day,26-Week,,3040667000,11294000000,No,3040667000,,,,26-Week,,No,80040927900,221671504900,749812100,Yes,Bill,,,2026-04-13T11:34:07,A_20260409_2.xml,R_20260413_2.xml,,,,,
127,912810UR7,2026-04-15T00:00:00,Bond,29-Year 10-Month,2056-02-15T00:00:00,4.750000,,,2026-04-02T00:00:00,2026-04-09,2026,2026-02-15T00:00:00,7.7417100000,,,,15.44,2,,Single-Price,,,,,4.823000,Yes,2026-02-15T00:00:00,2.39,,No,,No,01:00 PM,12:00 PM,21973237800,3,52452190600,Yes,912803HS5,,54087000000.000000,5324955200,6752400000,70962000000,Yes,0,0,Normal,2026-08-15T00:00:00,No,,,,,98.017194,,4.8760,,14094190600,17194190600,Semi-Annual,,,,,1.888000,2026-04-15T00:00:00,7700000000,10000000,7700000000,100,100,100,100,100,16500000000,7700000000,26789700,Yes,22000000000,,2026-02-15T00:00:00,2026-02-17T00:00:00,30-Year,A_20260402_4.pdf,R_20260409_3.pdf,NCR_20260409_3.pdf,,98.017194,2554092000,28505600000,Yes,10-Month,29-Year,Bonds of February 2056,3901358700,21103000000,No,3901358700,,23.7500,Yes,30-Year,,No,25901386200,56380339000,10190700,Yes,Bond,,,2026-04-09T13:04:16,A_20260402_4.xml,R_20260409_3.xml,,,,,
128,91282CPZ8,2026-04-15T00:00:00,Note,9-Year 10-Month,2036-02-15T00:00:00,4.125000,,,2026-04-02T00:00:00,2026-04-08,2026,2026-02-15T00:00:00,6.7230700000,,,,38.89,2,,Single-Price,,,,,4.230000,Yes,2026-02-15T00:00:00,2.43,,No,,No,01:00 PM,12:00 PM,38921968500,3,94637801000,Yes,912821TV7,,92910000000.000000,9295000000,11291000000,70962000000,Yes,0,0,Normal,2026-08-15T00:00:00,No,,,,,98.740656,,4.2820,,25424801000,32080801000,Semi-Annual,,,,,4.120000,2026-04-15T00:00:00,13650000000,10000000,13650000000,100,100,100,100,100,28400000000,13650000000,78033800,Yes,39000000000,,2026-02-15T00:00:00,2026-02-17T00:00:00,10-Year,A_20260402_2.pdf,R_20260408_2.pdf,NCR_20260408_2.pdf,,98.740656,4202167500,51266000000,Yes,10-Month,9-Year,B-2036,6916045100,21103000000,No,6916045100,,20.6250,Yes,10-Year,,No,45916047400,101631879900,35027600,Yes,Note,,,2026-04-08T13:04:08,A_20260402_2.xml,R_20260408_2.xml,,,,,
129,91282CQJ3,2026-04-15T00:00:00,Note,3-Year,2029-04-15T00:00:00,3.875000,,,2026-04-02T00:00:00,2026-04-07,2026,2026-04-15T00:00:00,,,,,64.47,2,,Single-Price,,,,,3.847000,No,,2.68,,No,,No,01:00 PM,12:00 PM,57813627900,3,155073380000,Yes,912821UD5,,,6886496900,13037000000,70962000000,Yes,0,0,Normal,2026-10-15T00:00:00,No,,,,,99.938277,,3.8970,,43249380000,55968380000,Semi-Annual,,,,,3.780000,2026-04-15T00:00:00,20300000000,10000000,20300000000,100,100,100,100,100,0,20300000000,186471200,Yes,58000000000,,,,3-Year,A_20260402_3.pdf,R_20260407_2.pdf,NCR_20260407_2.pdf,,99.938277,7677751000,86068000000,No,0-Month,3-Year,AM-2029,10285400400,21103000000,No,10285400400,,19.3750,Yes,3-Year,,No,68285499500,165545251600,69639200,Yes,Note,,,2026-04-07T13:04:18,A_20260402_3.xml,R_20260407_2.xml,,912834ZV3,,2029-04-15T00:00:00,
130,912797UJ4,2026-04-09T00:00:00,Bill,26-Week,2026-10-08T00:00:00,,,,2026-04-02T00:00:00,2026-04-06,2026,,,,,,4.46,2,,Single-Price,3.580000,,,,,,,3.06,,,,No,11:30 AM,11:00 AM,73585013800,3,231933858000,Yes,,,,7324600000,9880000000,245253000000,Yes,2000000000,2000000000,,,No,,,3.615000,3.733000,98.172417,,,,43877293800,69633858000,None,3.505000,,,,,2026-04-09T00:00:00,26950000000,10000000,26950000000,100,,100,100,100,0,26950000000,1415788500,Yes,77000000000,,,,26-Week,A_20260402_5.pdf,R_20260406_1.pdf,NCR_20260406_2.pdf,,98.172417,22383120000,152420000000,No,182-Day,26-Week,,5619449500,17223000000,No,5619449500,,,,26-Week,,No,82620251800,240969096000,714895000,Yes,Bill,,,2026-04-06T11:34:19,A_20260402_5.xml,R_20260406_1.xml,,,,,
131,912797SA6,2026-04-02T00:00:00,Bill,26-Week,2026-10-01T00:00:00,,,,2026-03-26T00:00:00,2026-03-30,2026,,,,,,20.82,2,,Single-Price,3.560000,,,,,,,2.83,,,,No,11:30 AM,11:00 AM,75342785500,3,216323995500,Yes,,,52869000000.000000,6615000000,7890000000,248711000000,Yes,100000000,100000000,,,No,,,3.605000,3.723000,98.177472,,,,45709175500,57013995500,None,3.300000,,,,,2026-04-02T00:00:00,26950000000,10000000,26950000000,100,,100,100,100,16000000000,26950000000,1557244200,Yes,77000000000,,,2025-10-02T00:00:00,52-Week,A_20260326_3.pdf,R_20260330_2.pdf,NCR_20260330_2.pdf,,98.177472,23018610000,151420000000,Yes,182-Day,26-Week,,4375788900,13696000000,No,4375788900,,,,26-Week,,No,81375818600,222357028600,734534000,Yes,Bill,,,2026-03-30T11:34:01,A_20260326_3.xml,R_20260330_2.xml,,,,,
132,91282CQF1,2026-03-31T00:00:00,Note,7-Year,2033-03-31T00:00:00,4.250000,,,2026-03-19T00:00:00,2026-03-26,2026,2026-03-31T00:00:00,,,,,24.47,2,,Single-Price,,,,,4.190000,No,,2.43,,No,,No,01:00 PM,12:00 PM,43892441000,3,106898704000,Yes,912821UC7,,,10988400000,12603400000,135446000000,Yes,0,0,Normal,2026-09-30T00:00:00,No,,,,,99.970004,,4.2550,,27458889000,34628304000,Semi-Annual,,,,,2.880000,2026-03-31T00:00:00,15400000000,10000000,15400000000,100,100,100,100,100,0,15400000000,107559000,Yes,44000000000,,,,7-Year,A_20260319_4.pdf,R_20260326_3.pdf,NCR_20260326_3.pdf,,99.970004,5445152000,59667000000,No,0-Month,7-Year,J-2033,4546497200,22216000000,No,4546497200,,21.2500,Yes,7-Year,,No,48546497200,111552760200,38303000,Yes,Note,,,2026-03-26T13:04:07,A_20260319_4.xml,R_20260326_3.xml,,912834ZU5,,2033-03-31T00:00:00,
133,91282CQG9,2026-03-31T00:00:00,Note,5-Year,2031-03-31T00:00:00,3.875000,,,2026-03-19T00:00:00,2026-03-25,2026,2026-03-31T00:00:00,,,,,89.88,2,,Single-Price,,,,,3.923000,No,,2.29,,No,,No,01:00 PM,12:00 PM,69845769000,3,159960369000,Yes,912821UB9,,,15703000000,17903000000,135446000000,Yes,0,0,Normal,2026-09-30T00:00:00,No,,,,,99.528167,,3.9800,,43236369000,51845369000,Semi-Annual,,,,,3.860000,2026-03-31T00:00:00,24500000000,10000000,24500000000,100,100,100,100,100,0,24500000000,154264800,Yes,70000000000,,,,5-Year,A_20260319_6.pdf,R_20260325_3.pdf,NCR_20260325_3.pdf,SPL_20260319_2.pdf,99.528167,10906400000,90212000000,No,0-Month,5-Year,W-2031,7233063700,22216000000,No,7233063700,,19.3750,Yes,5-Year,,No,77233097500,167347697500,44820800,Yes,Note,,,2026-03-25T13:04:10,A_20260319_6.xml,R_20260325_3.xml,,,,,
134,91282CPX3,2026-03-27T00:00:00,Note,1-Year 10-Month,2028-01-31T00:00:00,,,,2026-03-19T00:00:00,2026-03-25,2026,2026-01-31T00:00:00,,0.5706003800,,,55.48,2,,Single-Price,,,,0.086000,,Yes,2026-01-31T00:00:00,2.78,,No,,No,11:30 AM,11:00 AM,27982798000,3,77832000000,Yes,,,60113000000.000000,0,0,0,Yes,0,0,Normal,2026-04-30T00:00:00,Yes,2026-03-23T00:00:00,3.635000,,,99.969137,0.115000,,,14245058000,15632000000,Quarterly,,,,0.030000,,2026-03-27T00:00:00,9800000000,10000000,9800000000,100,,100,100,100,20300000000,9800000000,17204700,Yes,28000000000,,2026-01-31T00:00:00,2026-02-02T00:00:00,2-Year,A_20260319_3.pdf,R_20260325_2.pdf,NCR_20260325_2.pdf,,99.969137,13737740000,62200000000,Yes,10-Month,1-Year,AX-2028,0,0,No,0,0.0990,,No,2-Year,,No,28000002700,77849204700,6969700,Yes,FRN,,,2026-03-25T11:34:09,A_20260319_3.xml,R_20260325_2.xml,,,,,
135,91282CQH7,2026-03-31T00:00:00,Note,2-Year,2028-03-31T00:00:00,3.875000,,,2026-03-19T00:00:00,2026-03-24,2026,2026-03-31T00:00:00,,,,,20.78,2,,Single-Price,,,,,3.865000,No,,2.44,,No,,No,01:00 PM,12:00 PM,68414607500,3,167803707500,Yes,912821UA1,,,11286000000,14136000000,135446000000,Yes,100000000,100000000,Normal,2026-09-30T00:00:00,No,,,,,99.883774,,3.9360,,40624707500,53507707500,Semi-Annual,,,,,3.700000,2026-03-31T00:00:00,24150000000,10000000,24150000000,100,100,100,100,100,0,24150000000,485402000,Yes,69000000000,,,,2-Year,A_20260319_7.pdf,R_20260324_2.pdf,NCR_20260324_2.pdf,SPL_20260319_1.pdf,99.883774,16503900000,100160000000,No,0-Month,2-Year,AZ-2028,7129734200,22216000000,No,7129734200,,19.3750,Yes,2-Year,,No,76129743700,175518843700,179270000,Yes,Note,,,2026-03-24T13:04:07,A_20260319_7.xml,R_20260324_2.xml,,,,,
136,912797UH8,2026-03-26T00:00:00,Bill,26-Week,2026-09-24T00:00:00,,,,2026-03-19T00:00:00,2026-03-23,2026,,,,,,1.37,2,,Single-Price,3.600000,,,,,,,3.03,,,,No,11:30 AM,11:00 AM,75461962000,3,231520071700,Yes,,,,8078685000,10978000000,249001000000,Yes,0,0,,,No,,,3.630000,3.749000,98.164833,,,,48695604500,72097071700,None,3.520000,,,,,2026-03-26T00:00:00,26950000000,10000000,26950000000,100,,100,100,100,0,26950000000,1538206200,Yes,77000000000,,,,26-Week,A_20260319_5.pdf,R_20260323_2.pdf,NCR_20260323_1.pdf,,98.164833,18687672500,148445000000,No,182-Day,26-Week,,3814638700,12187000000,No,3814638700,,,,26-Week,,No,80814806900,236872916600,752307500,Yes,Bill,,,2026-03-23T11:34:06,A_20260319_5.xml,R_20260323_2.xml,,,,,
137,91282CPU9,2026-03-31T00:00:00,Note,9-Year 10-Month,2036-01-15T00:00:00,1.875000,325.213350,324.934710,2026-03-12T00:00:00,2026-03-19,2026,2026-01-15T00:00:00,,,3.8880100000,99.8968010000,93.45,2,,Single-Price,,,,,1.825000,Yes,2026-01-15T00:00:00,2.47,,No,,No,01:00 PM,12:00 PM,18955092500,3,46885480000,Yes,912821TQ8,1982-1984=100,21000000000.000000,4547000000,5575000000,135446000000,Yes,0,0,Normal,2026-07-15T00:00:00,No,,,,,99.896801,,1.8960,1.000860,12986280000,16564480000,Semi-Annual,,,,,1.775000,2026-03-31T00:00:00,6650000000,10000000,6650000000,100,100,100,100,100,7400000000,6650000000,44910700,Yes,19000000000,,2026-01-15T00:00:00,2026-01-30T00:00:00,10-Year,A_20260312_5.pdf,R_20260319_3.pdf,NCR_20260319_3.pdf,,99.896801,1421812500,24746000000,Yes,10-Month,9-Year,A-2036,1963260100,22216000000,No,1963260100,,,Yes,10-Year,2.8851949980,Yes,20963263300,48893650800,8320700,Yes,TIPS,3.884670,99.810964,2026-03-19T13:04:10,A_20260312_5.xml,R_20260319_3.xml,,,,,
138,912810UT3,2026-03-31T00:00:00,Bond,19-Year 11-Month,2046-02-15T00:00:00,4.625000,,,2026-03-12T00:00:00,2026-03-17,2026,2026-02-15T00:00:00,5.6215500000,,,,33.71,2,,Single-Price,,,,,4.770000,Yes,2026-02-15T00:00:00,2.76,,No,,No,01:00 PM,12:00 PM,12959817600,3,35829195000,Yes,912803HT3,,17916000000.000000,2796816000,4257000000,135446000000,Yes,0,0,Normal,2026-08-15T00:00:00,No,,,,,97.551352,,4.8170,,8965001600,12632495000,Semi-Annual,,,,,3.880000,2026-03-31T00:00:00,4550000000,10000000,4550000000,100,100,100,100,100,5600000000,4550000000,40200700,Yes,13000000000,,2026-02-15T00:00:00,2026-03-02T00:00:00,20-Year,A_20260312_4.pdf,R_20260317_3.pdf,NCR_20260317_3.pdf,,97.551352,1198000000,18939700000,Yes,11-Month,19-Year,Bonds of February 2046,1343283200,22216000000,No,1343283200,,23.1250,Yes,20-Year,,No,14343301500,37212678900,16608700,Yes,Bond,,,2026-03-17T13:04:04,A_20260312_4.xml,R_20260317_3.xml,,,,,
139,912797UD7,2026-03-19T00:00:00,Bill,52-Week,2027-03-18T00:00:00,,,,2026-03-12T00:00:00,2026-03-17,2026,,,,,,21.76,2,,Single-Price,3.440000,,,,,,,3.43,,,,No,11:30 AM,11:00 AM,48846751000,3,170415095000,Yes,,,,1710976000,3657000000,282129000000,Yes,18200000,18200000,,,No,,,3.485000,3.630000,96.476278,,,,31679935000,60308095000,None,3.300000,,,,,2026-03-19T00:00:00,17500000000,10000000,17500000000,100,,100,100,100,0,17500000000,1135083500,Yes,50000000000,,,,52-Week,A_20260312_6.pdf,R_20260317_2.pdf,NCR_20260317_1.pdf,,96.476278,15455840000,106450000000,No,364-Day,52-Week,,4008741800,24133000000,No,4008741800,,,,52-Week,,No,54008776300,175577120300,515706800,Yes,Bill,,,2026-03-17T11:34:05,A_20260312_6.xml,R_20260317_2.xml,,,,,
140,912810UR7,2026-03-16T00:00:00,Bond,29-Year 11-Month,2056-02-15T00:00:00,4.750000,,,2026-03-05T00:00:00,2026-03-12,2026,2026-02-15T00:00:00,3.8052500000,,,,59.56,2,,Single-Price,,,,,4.825000,Yes,2026-02-15T00:00:00,2.45,,No,,No,01:00 PM,12:00 PM,21969517000,3,53914007000,Yes,912803HS5,,32082000000.000000,5981890000,8710400000,37727000000,Yes,0,0,Normal,2026-08-15T00:00:00,No,,,,,98.09685,,4.8710,,13931627000,17599607000,Semi-Annual,,,,,2.880000,2026-03-15T00:00:00,7700000000,10000000,7700000000,100,100,100,100,100,8800000000,7700000000,30604300,Yes,22000000000,,2026-02-15T00:00:00,2026-02-17T00:00:00,30-Year,A_20260305_1.pdf,R_20260312_3.pdf,NCR_20260312_3.pdf,,98.09685,2056000000,27604000000,Yes,11-Month,29-Year,Bonds of February 2056,5546200,30000000,No,5546200,,23.7500,Yes,30-Year,,No,22005667500,53950157500,13126300,Yes,Bond,,,2026-03-12T13:03:57,A_20260305_1.xml,R_20260312_3.xml,,,,,
141,91282CPZ8,2026-03-16T00:00:00,Note,9-Year 11-Month,2036-02-15T00:00:00,4.125000,,,2026-03-05T00:00:00,2026-03-11,2026,2026-02-15T00:00:00,3.3045600000,,,,24.68,2,,Single-Price,,,,,4.160000,Yes,2026-02-15T00:00:00,2.45,,No,,No,01:00 PM,12:00 PM,38926836500,3,95454803000,Yes,912821TV7,,53900000000.000000,4994894800,7985000000,37727000000,Yes,0,0,Normal,2026-08-15T00:00:00,No,,,,,99.254672,,4.2170,,28981761700,34154803000,Semi-Annual,,,,,4.100000,2026-03-15T00:00:00,13650000000,10000000,13650000000,100,100,100,100,100,14700000000,13650000000,73187800,Yes,39000000000,,2026-02-15T00:00:00,2026-02-17T00:00:00,10-Year,A_20260305_4.pdf,R_20260311_2.pdf,NCR_20260311_2.pdf,,99.254672,4950180000,53315000000,Yes,11-Month,9-Year,B-2036,9831900,30000000,No,9831900,,20.6250,Yes,10-Year,,No,39009856200,95537822700,30107800,Yes,Note,,,2026-03-11T13:04:04,A_20260305_4.xml,R_20260311_2.xml,,,,,
142,91282CQE4,2026-03-16T00:00:00,Note,3-Year,2029-03-15T00:00:00,3.500000,,,2026-03-05T00:00:00,2026-03-10,2026,2026-03-15T00:00:00,0.0951100000,,,,17.59,2,,Single-Price,,,,,3.527000,Yes,2026-03-15T00:00:00,2.55,,No,,No,01:00 PM,12:00 PM,57770165000,3,147418840000,Yes,912821TZ8,,,11934000000,14334000000,37727000000,Yes,100000000,100000000,Normal,2026-09-15T00:00:00,No,,,,,99.777186,,3.5790,,34570625000,43966840000,Semi-Annual,,,,,3.400000,2026-03-15T00:00:00,20300000000,10000000,20300000000,100,100,100,100,100,0,20300000000,129850600,Yes,58000000000,,,,3-Year,A_20260305_6.pdf,R_20260310_2.pdf,NCR_20260310_2.pdf,,99.777186,11265540000,89118000000,No,0-Month,3-Year,AL-2029,14621900,30000000,No,14621900,,17.5000,Yes,3-Year,,No,58014637500,147663312500,50143600,Yes,Note,,,2026-03-10T13:04:09,A_20260305_6.xml,R_20260310_2.xml,,912834ZT8,,2029-03-15T00:00:00,
143,91282CQC8,2026-03-02T00:00:00,Note,7-Year,2033-02-28T00:00:00,3.750000,,,2026-02-19T00:00:00,2026-02-26,2026,2026-02-28T00:00:00,0.2038000000,,,,62.04,2,,Single-Price,,,,,3.740000,Yes,2026-02-28T00:00:00,2.5,,No,,No,01:00 PM,12:00 PM,43954752400,3,109874376000,Yes,912821TY1,,,11431800000,15039300000,140112000000,Yes,0,0,Normal,2026-08-31T00:00:00,No,,,,,99.755866,,3.7900,,27943712400,34026076000,Semi-Annual,,,,,3.630000,2026-02-28T00:00:00,15400000000,10000000,15400000000,100,100,100,100,100,0,15400000000,45268600,Yes,44000000000,,,,7-Year,A_20260219_1.pdf,R_20260226_3.pdf,NCR_20260226_3.pdf,,99.755866,4579240000,60809000000,No,0-Month,7-Year,H-2033,5270961800,23839000000,No,5270961800,,18.7500,Yes,7-Year,,No,49270982800,115190606400,19157600,Yes,Note,,,2026-02-26T13:04:05,A_20260219_1.xml,R_20260226_3.xml,,912834ZS0,,2033-02-28T00:00:00,
144,91282CQD6,2026-03-02T00:00:00,Note,5-Year,2031-02-28T00:00:00,3.500000,,,2026-02-19T00:00:00,2026-02-25,2026,2026-02-28T00:00:00,0.1902200000,,,,67.45,2,,Single-Price,,,,,3.555000,Yes,2026-02-28T00:00:00,2.32,,No,,No,01:00 PM,12:00 PM,69910663000,3,162241003000,Yes,912821TX3,,,17266000000,20406000000,140112000000,Yes,3100000,3100000,Normal,2026-08-31T00:00:00,No,,,,,99.478439,,3.6150,,43690590500,51701003000,Semi-Annual,,,,,3.500000,2026-02-28T00:00:00,24500000000,10000000,24500000000,100,100,100,100,100,0,24500000000,86250700,Yes,70000000000,,,,5-Year,A_20260219_7.pdf,R_20260225_3.pdf,NCR_20260225_3.pdf,,99.478439,8954072500,90134000000,No,0-Month,5-Year,V-2031,8385621200,23839000000,No,8385621200,,17.5000,Yes,5-Year,,No,78385634900,170715974900,26715500,Yes,Note,,,2026-02-25T13:04:18,A_20260219_7.xml,R_20260225_3.xml,,,,,
145,91282CPX3,2026-02-27T00:00:00,Note,1-Year 11-Month,2028-01-31T00:00:00,,,,2026-02-19T00:00:00,2026-02-25,2026,2026-01-31T00:00:00,,0.2796499680,,,71.39,2,,Single-Price,,,,0.080000,,Yes,2026-01-31T00:00:00,3.01,,No,,No,11:30 AM,11:00 AM,27982697500,3,84136000000,Yes,,,32114000000.000000,200000000,200000000,0,Yes,0,0,Normal,2026-04-30T00:00:00,Yes,2026-02-23T00:00:00,3.590000,,,99.998219,0.099000,,,16161847500,19241000000,Quarterly,,,,0.050000,,2026-02-27T00:00:00,9800000000,10000000,9800000000,100,,100,100,100,10500000000,9800000000,17426600,Yes,28000000000,,2026-01-31T00:00:00,2026-02-02T00:00:00,2-Year,A_20260219_4.pdf,R_20260225_1.pdf,NCR_20260225_2.pdf,,99.998219,11620850000,64695000000,Yes,11-Month,1-Year,AX-2028,0,0,No,0,0.0990,,No,2-Year,,No,28000124100,84153426600,3224600,Yes,FRN,,,2026-02-25T11:34:10,A_20260219_4.xml,R_20260225_1.xml,,,,,
146,91282CQB0,2026-03-02T00:00:00,Note,2-Year,2028-02-29T00:00:00,3.375000,,,2026-02-19T00:00:00,2026-02-24,2026,2026-02-28T00:00:00,0.1834200000,,,,51.32,2,,Single-Price,,,,,3.403000,Yes,2026-02-28T00:00:00,2.63,,No,,No,01:00 PM,12:00 PM,68667373900,3,181098022000,Yes,912821TW5,,,23538687900,27494000000,140112000000,Yes,0,0,Normal,2026-08-31T00:00:00,No,,,,,99.84677,,3.4550,,38392172000,57938022000,Semi-Annual,,,,,2.880000,2026-02-28T00:00:00,24150000000,10000000,24150000000,100,100,100,100,100,0,24150000000,332794900,Yes,69000000000,,,,2-Year,A_20260219_3.pdf,R_20260224_2.pdf,NCR_20260224_2.pdf,,99.84677,6736514000,95666000000,No,0-Month,2-Year,AY-2028,8265826600,23839000000,No,8265826600,,16.8750,Yes,2-Year,,No,77265995400,189696643500,145226900,Yes,Note,,,2026-02-24T13:04:15,A_20260219_3.xml,R_20260224_2.xml,,,,,
147,912810US5,2026-02-27T00:00:00,Bond,30-Year,2056-02-15T00:00:00,2.375000,324.058860,324.088000,2026-02-12T00:00:00,2026-02-19,2026,2026-02-15T00:00:00,,,0.7872200000,97.9247480000,71.62,2,,Single-Price,,,,,2.430000,Yes,2026-02-15T00:00:00,2.75,,No,,No,01:00 PM,12:00 PM,8963875700,3,24705670000,Yes,912803HU0,1982-1984=100,,1722000000,3093500000,0,Yes,0,0,Normal,2026-08-15T00:00:00,No,,,,,97.924748,,2.4730,0.999910,7018875700,8893170000,Semi-Annual,,,,,0.888000,2026-02-27T00:00:00,3150000000,10000000,3150000000,100,100,100,100,100,0,3150000000,36132900,Yes,9000000000,,,,30-Year,A_20260212_2.pdf,R_20260219_3.pdf,NCR_20260219_3.pdf,,97.924748,223000000,12719000000,No,0-Month,30-Year,TIPS of February 2056,0,0,No,0,,,Yes,30-Year,3.6641282610,Yes,9000008600,24741802900,4089900,Yes,TIPS,0.787290,97.933562,2026-02-19T13:04:16,A_20260212_2.xml,R_20260219_3.xml,,912834ZQ4,912834ZR2,2055-08-15T00:00:00,2056-02-15T00:00:00
148,912810UT3,2026-03-02T00:00:00,Bond,20-Year,2046-02-15T00:00:00,4.625000,,,2026-02-12T00:00:00,2026-02-18,2026,2026-02-15T00:00:00,1.9164400000,,,,15.91,2,,Single-Price,,,,,4.595000,Yes,2026-02-15T00:00:00,2.36,,No,,No,01:00 PM,12:00 PM,15948334400,3,37727240000,Yes,912803HT3,,,4344500000,5069500000,140112000000,Yes,0,0,Normal,2026-08-15T00:00:00,No,,,,,99.492967,,4.6640,,8798149800,11115740000,Semi-Annual,,,,,2.888000,2026-02-28T00:00:00,5600000000,10000000,5600000000,100,100,100,100,100,0,5600000000,51680400,Yes,16000000000,,,,20-Year,A_20260212_4.pdf,R_20260218_2.pdf,NCR_20260218_2.pdf,,99.492967,2805684600,21542000000,No,0-Month,20-Year,Bonds of February 2046,1916713400,23839000000,No,1916713400,,23.1250,Yes,20-Year,,No,17916728200,39695633800,26130400,Yes,Bond,,,2026-02-18T13:04:02,A_20260212_4.xml,R_20260218_2.xml,,,,,
149,912797TV9,2026-02-19T00:00:00,Bill,52-Week,2027-02-18T00:00:00,,,,2026-02-12T00:00:00,2026-02-17,2026,,,,,,32.64,2,,Single-Price,3.300000,,,,,,,2.96,,,,No,01:00 PM,12:00 PM,48883470000,3,146737790000,Yes,,,,1513200000,3050000000,281971000000,Yes,5000000,5000000,,,No,,,3.345000,3.480000,96.617833,,,,33149150000,41702790000,None,3.250000,,,,,2026-02-19T00:00:00,17500000000,10000000,17500000000,100,,100,100,100,0,17500000000,1111597700,Yes,50000000000,,,,52-Week,A_20260212_1.pdf,R_20260217_3.pdf,NCR_20260217_4.pdf,SPL_20260212_1.pdf,96.617833,14221120000,101985000000,No,364-Day,52-Week,,2284255300,13980000000,No,2284255300,,,,52-Week,,No,52284323000,150138643000,514069600,Yes,Bill,,,2026-02-17T13:04:22,A_20260212_1.xml,R_20260217_3.xml,,,,,
150,912810UR7,2026-02-17T00:00:00,Bond,30-Year,2056-02-15T00:00:00,4.750000,,,2026-02-04T00:00:00,2026-02-12,2026,2026-02-15T00:00:00,0.2624300000,,,,1.2,2,,Single-Price,,,,,4.718000,Yes,2026-02-15T00:00:00,2.66,,No,,No,01:00 PM,12:00 PM,24961985000,3,66513037000,Yes,912803HS5,,,6035250000,10187100000,90204000000,Yes,0,0,Normal,2026-08-15T00:00:00,No,,,,,99.999398,,4.7500,,17458295000,24777837000,Semi-Annual,,,,,3.880000,2026-02-15T00:00:00,8750000000,10000000,8750000000,100,100,100,100,100,0,8750000000,38086800,Yes,25000000000,,,,30-Year,A_20260204_3.pdf,R_20260212_3.pdf,NCR_20260212_3.pdf,,99.999398,1468440000,31548100000,No,0-Month,30-Year,Bonds of February 2056,7083848300,35419000000,No,7083848300,,23.7500,Yes,30-Year,,No,32083920100,73634972100,15463800,Yes,Bond,,,2026-02-12T13:04:18,A_20260204_3.xml,R_20260212_3.xml,,912834ZP6,,2056-02-15T00:00:00,
151,91282CPZ8,2026-02-17T00:00:00,Note,10-Year,2036-02-15T00:00:00,4.125000,,,2026-02-04T00:00:00,2026-02-11,2026,2026-02-15T00:00:00,0.2279000000,,,,6.2,2,,Single-Price,,,,,4.110000,Yes,2026-02-15T00:00:00,2.39,,No,,No,01:00 PM,12:00 PM,41834683000,3,100115133000,Yes,912821TV7,,,9236850000,11451000000,90204000000,Yes,0,0,Normal,2026-08-15T00:00:00,No,,,,,99.578196,,4.1770,,27002133000,31544133000,Semi-Annual,,,,,4.060000,2026-02-15T00:00:00,14700000000,10000000,14700000000,100,100,100,100,100,0,14700000000,165357500,Yes,42000000000,,,,10-Year,A_20260204_1.pdf,R_20260211_2.pdf,NCR_20260211_2.pdf,SPL_20260204_1.pdf,99.578196,5595700000,57120000000,No,0-Month,10-Year,B-2036,11900865300,35419000000,No,11900865300,,20.6250,Yes,10-Year,,No,53900905800,112181355800,62471500,Yes,Note,,,2026-02-11T13:04:17,A_20260204_1.xml,R_20260211_2.xml,,,,,
152,91282CQA2,2026-02-17T00:00:00,Note,3-Year,2029-02-15T00:00:00,3.500000,,,2026-02-04T00:00:00,2026-02-10,2026,2026-02-15T00:00:00,0.1933700000,,,,45.28,2,,Single-Price,,,,,3.468000,Yes,2026-02-15T00:00:00,2.62,,No,,No,01:00 PM,12:00 PM,57729734400,3,151909720000,Yes,912821TU9,,,18425590400,21633000000,90204000000,Yes,105000000,105000000,Normal,2026-08-15T00:00:00,No,,,,,99.948932,,3.5180,,32990720000,44588720000,Semi-Annual,,,,,2.600000,2026-02-15T00:00:00,20300000000,10000000,20300000000,100,100,100,100,100,0,20300000000,165278500,Yes,58000000000,,,,3-Year,A_20260204_2.pdf,R_20260210_2.pdf,NCR_20260210_2.pdf,,99.948932,6313424000,85688000000,No,0-Month,3-Year,AK-2029,16434528300,35419000000,No,16434528300,,17.5000,Yes,3-Year,,No,74434541200,168614526800,49962800,Yes,Note,,,2026-02-10T13:04:10,A_20260204_2.xml,R_20260210_2.xml,,,,,
153,91282CPY1,2026-02-02T00:00:00,Note,7-Year,2033-01-31T00:00:00,4.000000,,,2026-01-22T00:00:00,2026-01-29,2026,2026-01-31T00:00:00,0.2209900000,,,,37.5,2,,Single-Price,,,,,3.960000,Yes,2026-01-31T00:00:00,2.45,,No,,No,01:00 PM,12:00 PM,43888735000,3,107879310000,Yes,912821TT2,,,9742900000,11651900000,225914000000,Yes,0,0,Normal,2026-07-31T00:00:00,No,,,,,99.890756,,4.0180,,29349585000,34544410000,Semi-Annual,,,,,3.850000,2026-01-31T00:00:00,15400000000,10000000,15400000000,100,100,100,100,100,0,15400000000,111308400,Yes,44000000000,,,,7-Year,A_20260122_1.pdf,R_20260129_3.pdf,NCR_20260129_3.pdf,,99.890756,4796250000,61683000000,No,0-Month,7-Year,G-2033,3100567400,15926000000,No,3100567400,,20.0000,Yes,7-Year,,No,47100610800,111091185800,34805400,Yes,Note,,,2026-01-29T13:04:08,A_20260122_1.xml,R_20260129_3.xml,,912834ZN1,,2033-01-31T00:00:00,
154,91282CPX3,2026-02-02T00:00:00,Note,2-Year,2028-01-31T00:00:00,,,,2026-01-22T00:00:00,2026-01-28,2026,2026-01-31T00:00:00,,0.0206205160,,,15.48,2,,Single-Price,,,,0.085000,,Yes,2026-01-31T00:00:00,3.16,,No,,No,11:30 AM,11:00 AM,29974534000,3,94866000000,Yes,,,,0,0,225914000000,Yes,0,0,Normal,2026-04-30T00:00:00,Yes,2026-01-26T00:00:00,3.580000,,,99.999817,0.099000,,,19706004000,28331000000,Quarterly,,,,0.050000,,2026-01-31T00:00:00,10500000000,10000000,10500000000,100,,100,100,100,0,10500000000,25473600,Yes,30000000000,,,,2-Year,A_20260122_6.pdf,R_20260128_1.pdf,NCR_20260128_2.pdf,,99.999817,10268530000,66535000000,No,0-Month,2-Year,AX-2028,2114023300,15926000000,No,2114023300,0.0990,,No,2-Year,,No,32114030900,97005496900,6671700,Yes,FRN,,,2026-01-28T11:34:49,A_20260122_6.xml,R_20260128_1.xml,,,,,
155,91282CPW5,2026-02-02T00:00:00,Note,5-Year,2031-01-31T00:00:00,3.750000,,,2026-01-22T00:00:00,2026-01-27,2026,2026-01-31T00:00:00,0.2071800000,,,,27.68,2,,Single-Price,,,,,3.770000,Yes,2026-01-31T00:00:00,2.34,,No,,No,01:00 PM,12:00 PM,69853052000,3,163455436000,Yes,912821TS4,,,19887000000,23163000000,225914000000,Yes,5000000,5000000,Normal,2026-07-31T00:00:00,No,,,,,99.670556,,3.8230,,42388836000,50140436000,Semi-Annual,,,,,3.710000,2026-01-31T00:00:00,24500000000,10000000,24500000000,100,100,100,100,100,0,24500000000,141998600,Yes,70000000000,,,,5-Year,A_20260122_7.pdf,R_20260127_2.pdf,NCR_20260127_2.pdf,SPL_20260122_2.pdf,99.670556,7577216000,90152000000,No,0-Month,5-Year,U-2031,4932721000,15926000000,No,4932721000,,18.7500,Yes,5-Year,,No,74932771600,168535155600,44105600,Yes,Note,,,2026-01-27T13:04:11,A_20260122_7.xml,R_20260127_2.xml,,,,,
156,91282CGH8,2026-02-02T00:00:00,Note,2-Year,2028-01-31T00:00:00,3.500000,,,2026-01-22T00:00:00,2026-01-26,2026,2026-01-31T00:00:00,0.1933700000,,,,52.25,2,91282CPV7,Single-Price,,,,,3.540000,Yes,2026-01-31T00:00:00,2.75,,No,,No,01:00 PM,12:00 PM,68645358000,3,189362333000,Yes,912821KP9,,,19407500000,26783000000,225914000000,Yes,5000000,5000000,Normal,2026-07-31T00:00:00,No,,,,,99.84698,,3.5800,,44206733000,61273333000,Semi-Annual,,,,,3.490000,2026-01-31T00:00:00,24150000000,10000000,24150000000,100,100,100,100,100,0,24150000000,349661200,Yes,69000000000,91282CPV7,2023-01-31T00:00:00,2023-01-31T00:00:00,5-Year,A_20260122_2.pdf,R_20260126_3.pdf,NCR_20260126_3.pdf,"SPL_20260122_1.pdf, SPL_20260126_1.pdf",99.84698,5031125000,101306000000,Yes,0-Month,2-Year,U-2028,4862253600,15926000000,No,4862253600,,17.5000,Yes,2-Year,,No,73862272800,194579247800,168910200,Yes,Note,,,2026-01-26T13:15:30,A_20260122_2.xml,R_20260126_3.xml,,,,,
157,91282CPU9,2026-01-30T00:00:00,Note,10-Year,2036-01-15T00:00:00,1.875000,324.217610,324.934710,2026-01-15T00:00:00,2026-01-22,2026,2026-01-15T00:00:00,,,0.7752100000,99.1935570000,28.67,2,,Single-Price,,,,,1.880000,Yes,2026-01-15T00:00:00,2.38,,No,,No,01:00 PM,12:00 PM,20866952500,3,49765535000,Yes,912821TQ8,1982-1984=100,,4251000000,5586000000,0,Yes,0,0,Normal,2026-07-15T00:00:00,No,,,,,99.193557,,1.9400,0.997790,14068612500,17339535000,Semi-Annual,,,,,1.800000,2026-01-30T00:00:00,7350000000,10000000,7350000000,100,100,100,100,100,0,7350000000,133060800,Yes,21000000000,,,,10-Year,A_20260115_5.pdf,R_20260122_3.pdf,NCR_20260122_3.pdf,,99.193557,2547340000,26840000000,No,0-Month,10-Year,A-2036,0,0,No,0,,,Yes,10-Year,2.8851949980,Yes,21000013300,49898595800,18049800,Yes,TIPS,0.776930,99.413260,2026-01-22T13:04:15,A_20260115_5.xml,R_20260122_3.xml,,912834ZM3,,2036-01-15T00:00:00,
158,912810UQ9,2026-02-02T00:00:00,Bond,19-Year 10-Month,2045-11-15T00:00:00,4.625000,,,2026-01-15T00:00:00,2026-01-21,2026,2025-11-15T00:00:00,10.0932300000,,,,3.89,2,,Single-Price,,,,,4.806000,Yes,2025-11-15T00:00:00,2.86,,No,,No,01:00 PM,12:00 PM,12953038500,3,37162940000,Yes,912803HR7,,32215000000.000000,3766176500,6154300000,225914000000,Yes,0,0,Normal,2026-05-15T00:00:00,No,,,,,97.194489,,4.8460,,8382550800,11990640000,Semi-Annual,,,,,2.880000,2026-01-31T00:00:00,4550000000,10000000,4550000000,100,100,100,100,100,10200000000,4550000000,47075000,Yes,13000000000,,2025-11-15T00:00:00,2025-12-01T00:00:00,20-Year,A_20260115_3.pdf,R_20260121_2.pdf,NCR_20260121_2.pdf,,97.194489,804311200,19018000000,Yes,10-Month,19-Year,Bonds of November 2045,916076700,15926000000,No,916076700,,23.1250,Yes,20-Year,,No,13916190200,38126091700,21518000,Yes,Bond,,,2026-01-21T13:04:32,A_20260115_3.xml,R_20260121_2.xml,,,,,
159,912797TM9,2026-01-22T00:00:00,Bill,52-Week,2027-01-21T00:00:00,,,,2026-01-15T00:00:00,2026-01-20,2026,,,,,,29.55,2,,Single-Price,3.380000,,,,,,,3.42,,,,No,01:00 PM,12:00 PM,48274090000,3,169218515000,Yes,,,,1118650000,3727000000,280566000000,Yes,220000000,220000000,,,No,,,3.390000,3.528000,96.572333,,,,34898140000,59286515000,None,3.300000,,,,,2026-01-22T00:00:00,17500000000,10000000,17500000000,100,,100,100,100,0,17500000000,1505931500,Yes,50000000000,,,,52-Week,A_20260115_4.pdf,R_20260120_4.pdf,NCR_20260120_3.pdf,SPL_20260115_1.pdf,96.572333,12257300000,106205000000,No,364-Day,52-Week,,2172724900,13080000000,No,2172724900,,,,52-Week,,No,52172746400,173117171400,577601500,Yes,Bill,,,2026-01-20T13:04:00,A_20260115_4.xml,R_20260120_4.xml,,,,,
160,912810UP1,2026-01-15T00:00:00,Bond,29-Year 10-Month,2055-11-15T00:00:00,4.625000,,,2026-01-08T00:00:00,2026-01-13,2026,2025-11-15T00:00:00,7.7935100000,,,,32.35,2,,Single-Price,,,,,4.780000,Yes,2025-11-15T00:00:00,2.42,,No,,No,01:00 PM,12:00 PM,21968003900,3,53174367900,Yes,912803HQ9,,50874000000.000000,4674100000,7184100000,95595000000,Yes,0,0,Normal,2026-05-15T00:00:00,No,,,,,96.84223,,4.8250,,14668433900,17826267900,Semi-Annual,,,,,2.880000,2026-01-15T00:00:00,7700000000,10000000,7700000000,100,100,100,100,100,16500000000,7700000000,32032500,Yes,22000000000,,2025-11-15T00:00:00,2025-11-17T00:00:00,30-Year,A_20260108_4.pdf,R_20260113_2.pdf,NCR_20260113_2.pdf,,96.84223,2625470000,28164000000,Yes,10-Month,29-Year,Bonds of November 2055,6403653400,34638000000,No,6403653400,,23.1250,Yes,30-Year,,No,28403689800,59610053800,10651500,Yes,Bond,,,2026-01-13T13:04:11,A_20260108_4.xml,R_20260113_2.xml,,,,,
161,91282CPT2,2026-01-15T00:00:00,Note,3-Year,2029-01-15T00:00:00,3.500000,,,2026-01-08T00:00:00,2026-01-12,2026,2026-01-15T00:00:00,,,,,77.54,2,,Single-Price,,,,,3.560000,No,,2.65,,No,,No,11:30 AM,11:00 AM,57540560800,3,153252940000,Yes,912821TP0,,,16971685800,23366000000,95595000000,Yes,255000000,255000000,Normal,2026-07-15T00:00:00,No,,,,,99.692698,,3.6090,,32510795000,42530940000,Semi-Annual,,,,,3.500000,2026-01-15T00:00:00,20300000000,10000000,20300000000,100,100,100,100,100,0,20300000000,204503800,Yes,58000000000,,,,3-Year,A_20260108_1.pdf,R_20260112_2.pdf,NCR_20260112_1.pdf,SPL_20260108_1.pdf,99.692698,8058080000,87356000000,No,0-Month,3-Year,AJ-2029,16882359100,34638000000,No,16882359100,,17.5000,Yes,3-Year,,No,74882423700,170594802900,79221800,Yes,Note,,,2026-01-12T11:34:14,A_20260108_1.xml,R_20260112_2.xml,,912834ZL5,,2029-01-15T00:00:00,
162,91282CPJ4,2026-01-15T00:00:00,Note,9-Year 10-Month,2035-11-15T00:00:00,4.000000,,,2026-01-08T00:00:00,2026-01-12,2026,2025-11-15T00:00:00,6.7403300000,,,,93.91,2,,Single-Price,,,,,4.125000,Yes,2025-11-15T00:00:00,2.55,,No,,No,01:00 PM,12:00 PM,38924042800,3,99515907000,Yes,912821TF2,,87540000000.000000,9538500000,14656000000,95595000000,Yes,0,0,Normal,2026-05-15T00:00:00,No,,,,,98.607166,,4.1730,,27109470300,31874907000,Semi-Annual,,,,,4.000000,2026-01-15T00:00:00,13650000000,10000000,13650000000,100,100,100,100,100,28400000000,13650000000,75966200,Yes,39000000000,,2025-11-15T00:00:00,2025-11-17T00:00:00,10-Year,A_20260108_6.pdf,R_20260112_4.pdf,NCR_20260112_3.pdf,SPL_20260108_1.pdf,98.607166,2276072500,52985000000,Yes,10-Month,9-Year,F-2035,11351931000,34638000000,No,11351931000,,20.0000,Yes,10-Year,,No,50351940000,110943804200,29647200,Yes,Note,,,2026-01-12T13:04:06,A_20260108_6.xml,R_20260112_4.xml,,,,,
163,91282CPQ8,2025-12-31T00:00:00,Note,7-Year,2032-12-31T00:00:00,3.875000,,,2025-12-18T00:00:00,2025-12-24,2025,2025-12-31T00:00:00,,,,,30.73,2,,Single-Price,,,,,3.881000,No,,2.51,,No,,No,11:30 AM,11:00 AM,43910962700,3,110323408000,Yes,912821TN5,,,13886300000,19241300000,131690000000,Yes,0,0,Normal,2026-06-30T00:00:00,No,,,,,99.666257,,3.9300,,25925060200,33306108000,Semi-Annual,,,,,3.780000,2025-12-31T00:00:00,15400000000,10000000,15400000000,100,100,100,100,100,0,15400000000,89049700,Yes,44000000000,,,,7-Year,A_20251218_7.pdf,R_20251224_4.pdf,NCR_20251224_3.pdf,SPL_20251218_2.pdf,99.666257,4099602500,57776000000,No,0-Month,7-Year,T-2032,4689301400,23447000000,No,4689301400,,19.3750,Yes,7-Year,,No,48689313800,115101759100,21313700,Yes,Note,,,2025-12-24T11:34:17,A_20251218_7.xml,R_20251224_4.xml,,912834ZK7,,2032-12-31T00:00:00,
164,91282CPR6,2025-12-31T00:00:00,Note,5-Year,2030-12-31T00:00:00,3.625000,,,2025-12-18T00:00:00,2025-12-23,2025,2025-12-31T00:00:00,,,,,68.45,2,,Single-Price,,,,,3.692000,No,,2.35,,No,,No,01:00 PM,12:00 PM,69883070500,3,164324468000,Yes,912821TM7,,,22119000000,27729000000,131690000000,Yes,5000000,5000000,Normal,2026-06-30T00:00:00,No,,,,,99.448418,,3.7470,,41588608000,47887468000,Semi-Annual,,,,,3.600000,2025-12-31T00:00:00,24500000000,10000000,24500000000,100,100,100,100,100,0,24500000000,111970200,Yes,70000000000,,,,5-Year,A_20251218_8.pdf,R_20251223_3.pdf,NCR_20251223_4.pdf,"SPL_20251218_1.pdf, SPL_20251218_4.pdf",99.448418,6175462500,88708000000,No,0-Month,5-Year,AH-2030,7460252300,23447000000,No,7460252300,,18.1250,Yes,5-Year,,No,77460293000,171901690500,39782200,Yes,Note,,,2025-12-23T13:04:10,A_20251218_8.xml,R_20251223_3.xml,,,,,
165,912797TC1,2025-12-26T00:00:00,Bill,52-Week,2026-12-24T00:00:00,,,,2025-12-18T00:00:00,2025-12-23,2025,,,,,,70.25,2,,Single-Price,3.350000,,,,,,,3.74,,,,No,11:30 AM,11:00 AM,49070871000,3,185979946000,Yes,,,,1480250000,7587000000,292984000000,Yes,50000000,50000000,,,No,,,3.380000,3.517000,96.591833,,,,31477996000,66552946000,None,3.300000,,,,,2025-12-26T00:00:00,17500000000,10000000,17500000000,100,,100,100,100,0,17500000000,879367400,Yes,50000000000,,,,52-Week,A_20251218_4.pdf,R_20251223_2.pdf,NCR_20251223_2.pdf,SPL_20251218_1.pdf,96.591833,16112625000,111840000000,No,363-Day,52-Week,,2298517600,13239000000,No,2298517600,,,,52-Week,,No,52298756000,189207831000,431427700,Yes,Bill,,,2025-12-23T11:34:04,A_20251218_4.xml,R_20251223_2.xml,,,,,
166,91282CPG0,2025-12-26T00:00:00,Note,1-Year 10-Month,2027-10-31T00:00:00,,,,2025-12-18T00:00:00,2025-12-23,2025,2025-10-31T00:00:00,,0.6136302350,,,13.58,2,,Single-Price,,,,0.124000,,Yes,2025-10-31T00:00:00,3.75,,No,,No,01:00 PM,12:00 PM,27987110000,3,105090000000,Yes,,,59722000000.000000,200000000,1400000000,0,Yes,0,0,Normal,2026-01-31T00:00:00,Yes,2025-12-15T00:00:00,3.560000,,,100.089539,0.139000,,,19381740000,29415000000,Quarterly,,,,0.090000,,2025-12-26T00:00:00,9800000000,10000000,9800000000,100,,100,100,100,20300000000,9800000000,12894500,Yes,28000000000,,2025-10-31T00:00:00,2025-10-31T00:00:00,2-Year,A_20251218_6.pdf,R_20251223_4.pdf,NCR_20251223_3.pdf,SPL_20251218_1.pdf,100.089539,8405370000,74275000000,Yes,10-Month,1-Year,BK-2027,0,0,No,0,0.1900,,No,2-Year,,No,28000004500,105102894500,2407500,Yes,FRN,,,2025-12-23T13:04:11,A_20251218_6.xml,R_20251223_4.xml,,,,,
167,91282CPS4,2025-12-31T00:00:00,Note,2-Year,2027-12-31T00:00:00,3.375000,,,2025-12-18T00:00:00,2025-12-22,2025,2025-12-31T00:00:00,,,,,6.2,2,,Single-Price,,,,,3.445000,No,,2.54,,No,,No,01:00 PM,12:00 PM,68696877000,3,175175977000,Yes,912821TL9,,,23393000000,29763000000,131690000000,Yes,5000000,5000000,Normal,2026-06-30T00:00:00,No,,,,,99.762479,,3.4990,,36552477000,51467977000,Semi-Annual,,,,,3.380000,2025-12-31T00:00:00,24150000000,10000000,24150000000,100,100,100,100,100,0,24150000000,298192900,Yes,69000000000,,,,2-Year,A_20251218_2.pdf,R_20251222_3.pdf,NCR_20251222_3.pdf,SPL_20251218_3.pdf,99.762479,8751400000,93945000000,No,0-Month,2-Year,BM-2027,7353677200,23447000000,No,7353677200,,16.8750,Yes,2-Year,,No,76353747100,182832847100,131454400,Yes,Note,,,2025-12-22T13:04:07,A_20251218_2.xml,R_20251222_3.xml,,,,,
168,91282CPH8,2025-12-31T00:00:00,Note,4-Year 10-Month,2030-10-15T00:00:00,1.125000,325.578060,323.467100,2025-12-11T00:00:00,2025-12-18,2025,2025-10-15T00:00:00,,,2.3953500000,99.2221400000,95.96,2,,Single-Price,,,,,1.379000,Yes,2025-10-15T00:00:00,2.62,,No,,No,01:00 PM,12:00 PM,23934930000,3,62821200000,Yes,912821TA3,1982-1984=100,27482000000.000000,5252750000,8314000000,131690000000,Yes,0,0,Normal,2026-04-15T00:00:00,No,,,,,99.22214,,1.4330,1.006530,17383190000,25608200000,Semi-Annual,,,,,1.325000,2025-12-31T00:00:00,8400000000,10000000,8400000000,100,100,100,100,100,9100000000,8400000000,65071700,Yes,24000000000,,2025-10-15T00:00:00,2025-10-31T00:00:00,5-Year,A_20251211_1.pdf,R_20251218_3.pdf,NCR_20251218_3.pdf,,99.22214,1298990000,28899000000,Yes,10-Month,4-Year,AE-2030,2557800700,23447000000,No,2557800700,,,Yes,5-Year,1.7389712900,Yes,26557802400,65444072400,13873700,Yes,TIPS,2.379810,98.578423,2025-12-18T13:04:16,A_20251211_1.xml,R_20251218_3.xml,,,,,
169,912810UQ9,2025-12-31T00:00:00,Bond,19-Year 11-Month,2045-11-15T00:00:00,4.625000,,,2025-12-11T00:00:00,2025-12-17,2025,2025-11-15T00:00:00,5.8770700000,,,,3.16,2,,Single-Price,,,,,4.746000,Yes,2025-11-15T00:00:00,2.67,,No,,No,01:00 PM,12:00 PM,12942131100,3,34621460000,Yes,912803HR7,,17829000000.000000,2878091100,4543000000,131690000000,Yes,0,0,Normal,2026-05-15T00:00:00,No,,,,,97.789241,,4.7980,,8437250000,10932460000,Semi-Annual,,,,,3.880000,2025-12-31T00:00:00,4550000000,10000000,4550000000,100,100,100,100,100,5600000000,4550000000,57895000,Yes,13000000000,,2025-11-15T00:00:00,2025-12-01T00:00:00,20-Year,A_20251211_2.pdf,R_20251217_2.pdf,NCR_20251217_2.pdf,,97.789241,1626790000,19146000000,Yes,11-Month,19-Year,Bonds of November 2045,1385475400,23447000000,No,1385475400,,23.1250,Yes,20-Year,,No,14385501500,36064830400,24764000,Yes,Bond,,,2025-12-17T13:04:04,A_20251211_2.xml,R_20251217_2.xml,,,,,
170,912810UP1,2025-12-15T00:00:00,Bond,29-Year 11-Month,2055-11-15T00:00:00,4.625000,,,2025-12-04T00:00:00,2025-12-11,2025,2025-11-15T00:00:00,3.8328700000,,,,97.76,2,,Single-Price,,,,,4.720000,Yes,2025-11-15T00:00:00,2.36,,No,,No,01:00 PM,12:00 PM,21946790000,3,51974158000,Yes,912803HQ9,,28885000000.000000,5148080000,7640200000,39999000000,Yes,0,0,Normal,2026-05-15T00:00:00,No,,,,,97.647861,,4.7730,,14349158000,16314958000,Semi-Annual,,,,,3.880000,2025-12-15T00:00:00,7700000000,10000000,7700000000,100,100,100,100,100,8800000000,7700000000,53215100,Yes,22000000000,,2025-11-15T00:00:00,2025-11-17T00:00:00,30-Year,A_20251204_2.pdf,R_20251211_3.pdf,NCR_20251211_3.pdf,,97.647861,2449552000,28019000000,Yes,11-Month,29-Year,Bonds of November 2055,0,0,No,0,,23.1250,Yes,30-Year,,No,22000005100,52027373100,17212100,Yes,Bond,,,2025-12-11T13:04:17,A_20251204_2.xml,R_20251211_3.xml,,,,,
171,91282CPJ4,2025-12-15T00:00:00,Note,9-Year 11-Month,2035-11-15T00:00:00,4.000000,,,2025-12-04T00:00:00,2025-12-09,2025,2025-11-15T00:00:00,3.3149200000,,,,70.5,2,,Single-Price,,,,,4.120000,Yes,2025-11-15T00:00:00,2.55,,No,,No,01:00 PM,12:00 PM,38904926000,3,99355816000,Yes,912821TF2,,48541000000.000000,8153500000,12729000000,39999000000,Yes,0,0,Normal,2026-05-15T00:00:00,No,,,,,98.585013,,4.1750,,27325201000,31770316000,Semi-Annual,,,,,4.070000,2025-12-15T00:00:00,13650000000,10000000,13650000000,100,100,100,100,100,14700000000,13650000000,95122600,Yes,39000000000,,2025-11-15T00:00:00,2025-11-17T00:00:00,10-Year,A_20251204_3.pdf,R_20251209_2.pdf,NCR_20251209_2.pdf,,98.585013,3426225000,54856500000,Yes,11-Month,9-Year,F-2035,0,0,No,0,,20.0000,Yes,10-Year,,No,39000048600,99450938600,34189600,Yes,Note,,,2025-12-09T13:04:02,A_20251204_3.xml,R_20251209_2.xml,,,,,
172,91282CPP0,2025-12-15T00:00:00,Note,3-Year,2028-12-15T00:00:00,3.500000,,,2025-12-04T00:00:00,2025-12-08,2025,2025-12-15T00:00:00,,,,,89.65,2,,Single-Price,,,,,3.570000,No,,2.64,,No,,No,01:00 PM,12:00 PM,57719315000,3,152872480000,Yes,912821TK1,,,10967232500,17572000000,39999000000,Yes,105000000,105000000,Normal,2026-06-15T00:00:00,No,,,,,99.678628,,3.6140,,41540607500,52377480000,Semi-Annual,,,,,1.888000,2025-12-15T00:00:00,20300000000,10000000,20300000000,100,100,100,100,100,0,20300000000,175752800,Yes,58000000000,,,,3-Year,A_20251204_4.pdf,R_20251208_3.pdf,NCR_20251208_3.pdf,,99.678628,5211475000,82923000000,No,0-Month,3-Year,AV-2028,0,0,No,0,,17.5000,Yes,3-Year,,No,58000067800,153153232800,78645300,Yes,Note,,,2025-12-08T13:04:14,A_20251204_4.xml,R_20251208_3.xml,,912834ZJ0,,2028-12-15T00:00:00,
173,91282CPM7,2025-12-01T00:00:00,Note,7-Year,2032-11-30T00:00:00,3.750000,,,2025-11-20T00:00:00,2025-11-26,2025,2025-11-30T00:00:00,0.1030200000,,,,19.48,2,,Single-Price,,,,,3.715000,Yes,2025-11-30T00:00:00,2.46,,No,,No,11:30 AM,11:00 AM,43940026900,3,108114572000,Yes,912821TJ4,,,13302179000,18297300000,115105000000,Yes,0,0,Normal,2026-05-31T00:00:00,No,,,,,99.810773,,3.7810,,24893367900,28968272000,Semi-Annual,,,,,2.880000,2025-11-30T00:00:00,15400000000,10000000,15400000000,100,100,100,100,100,0,15400000000,60006900,Yes,44000000000,,,,7-Year,A_20251120_6.pdf,R_20251126_3.pdf,NCR_20251126_4.pdf,SPL_20251120_2.pdf,99.810773,5744480000,60849000000,No,0-Month,7-Year,S-2032,5031487500,25451000000,No,5031487500,,18.7500,Yes,7-Year,,No,49031521300,113206066400,23566900,Yes,Note,,,2025-11-26T11:34:24,A_20251120_6.xml,R_20251126_3.xml,,912834ZH4,,2032-11-30T00:00:00,
174,91282CPN5,2025-12-01T00:00:00,Note,5-Year,2030-11-30T00:00:00,3.500000,,,2025-11-20T00:00:00,2025-11-25,2025,2025-11-30T00:00:00,0.0961500000,,,,9.22,2,,Single-Price,,,,,3.515000,Yes,2025-11-30T00:00:00,2.41,,No,,No,01:00 PM,12:00 PM,69800167000,3,168769022000,Yes,912821TH8,,,19272500000,26234000000,115105000000,Yes,105000000,105000000,Normal,2026-05-31T00:00:00,No,,,,,99.718295,,3.5620,,42822922000,52686022000,Semi-Annual,,,,,3.460000,2025-11-30T00:00:00,24500000000,10000000,24500000000,100,100,100,100,100,0,24500000000,94877200,Yes,70000000000,,,,5-Year,A_20251120_8.pdf,R_20251125_4.pdf,NCR_20251125_3.pdf,SPL_20251120_1.pdf,99.718295,7704745000,89849000000,No,0-Month,5-Year,AG-2030,8004639400,25451000000,No,8004639400,,17.5000,Yes,5-Year,,No,78004683600,176973538600,28754200,Yes,Note,,,2025-11-25T13:04:02,A_20251120_8.xml,R_20251125_4.xml,,,,,
175,912797SU2,2025-11-28T00:00:00,Bill,52-Week,2026-11-27T00:00:00,,,,2025-11-20T00:00:00,2025-11-25,2025,,,,,,74.8,2,,Single-Price,3.440000,,,,,,,3.08,,,,No,11:30 AM,11:00 AM,49135670000,3,153204280000,Yes,,,,1719800000,6630000000,292999000000,Yes,0,0,,,No,,,3.460000,3.603000,96.501556,,,,33820870000,46099280000,None,3.300000,,,,,2025-11-28T00:00:00,17500000000,10000000,17500000000,100,,100,100,100,0,17500000000,864401500,Yes,50000000000,,,,52-Week,A_20251120_3.pdf,R_20251125_2.pdf,NCR_20251125_1.pdf,SPL_20251120_1.pdf,96.501556,13595000000,100475000000,No,364-Day,52-Week,,2313663000,13789000000,No,2313663000,,,,52-Week,,No,52313734500,156382344500,403713500,Yes,Bill,,,2025-11-25T11:34:05,A_20251120_3.xml,R_20251125_2.xml,,,,,
176,91282CPG0,2025-11-28T00:00:00,Note,1-Year 11-Month,2027-10-31T00:00:00,,,,2025-11-20T00:00:00,2025-11-25,2025,2025-10-31T00:00:00,,0.3121663640,,,96.56,2,,Single-Price,,,,0.155000,,Yes,2025-10-31T00:00:00,3.03,,No,,No,01:00 PM,12:00 PM,27980440000,3,84937500000,Yes,,,31722000000.000000,200000000,1700000000,0,Yes,0,0,Normal,2026-01-31T00:00:00,Yes,2025-11-17T00:00:00,3.795000,,,100.038871,0.168000,,,18337640000,21492500000,Quarterly,,,,0.105000,,2025-11-28T00:00:00,9800000000,10000000,9800000000,100,,100,100,100,10500000000,9800000000,19577700,Yes,28000000000,,2025-10-31T00:00:00,2025-10-31T00:00:00,2-Year,A_20251120_5.pdf,R_20251125_3.pdf,NCR_20251125_4.pdf,SPL_20251120_1.pdf,100.038871,9442800000,61745000000,Yes,11-Month,1-Year,BK-2027,0,0,No,0,0.1900,,No,2-Year,,No,28000017700,84957077700,12909000,Yes,FRN,,,2025-11-25T13:04:01,A_20251120_5.xml,R_20251125_3.xml,,,,,
177,91282CPL9,2025-12-01T00:00:00,Note,2-Year,2027-11-30T00:00:00,3.375000,,,2025-11-20T00:00:00,2025-11-24,2025,2025-11-30T00:00:00,0.0927200000,,,,27.7,2,,Single-Price,,,,,3.434000,Yes,2025-11-30T00:00:00,2.68,,No,,No,01:00 PM,12:00 PM,68711131300,3,184922656000,Yes,912821TG0,,,21123896800,28289000000,115105000000,Yes,5000000,5000000,Normal,2026-05-31T00:00:00,No,,,,,99.781736,,3.4890,,39903234500,56817656000,Semi-Annual,,,,,3.380000,2025-11-30T00:00:00,24150000000,10000000,24150000000,100,100,100,100,100,0,24150000000,284004200,Yes,69000000000,,,,2-Year,A_20251120_2.pdf,R_20251124_3.pdf,NCR_20251124_3.pdf,SPL_20251120_3.pdf,99.781736,7684000000,99816000000,No,0-Month,2-Year,BL-2027,7890287400,25451000000,No,7890287400,,16.8750,Yes,2-Year,,No,76890422900,193101947600,155307100,Yes,Note,,,2025-11-24T13:03:15,A_20251120_2.xml,R_20251124_3.xml,,,,,
178,91282CNS6,2025-11-28T00:00:00,Note,9-Year 8-Month,2035-07-15T00:00:00,1.875000,324.717600,321.097580,2025-11-13T00:00:00,2025-11-20,2025,2025-07-15T00:00:00,,,7.0074400000,101.4096920000,93.46,2,,Single-Price,,,,,1.765000,Yes,2025-07-15T00:00:00,2.41,,No,,No,01:00 PM,12:00 PM,18964646000,3,45790996000,Yes,912821SL0,1982-1984=100,42479000000.000000,4500000000,6032000000,0,Yes,0,0,Normal,2026-01-15T00:00:00,No,,,,,101.409692,,1.8430,1.011270,11660916000,14871996000,Semi-Annual,,,,,1.710000,2025-11-28T00:00:00,6650000000,10000000,6650000000,100,100,100,100,100,14000000000,6650000000,35357700,Yes,19000000000,,2025-07-15T00:00:00,2025-07-31T00:00:00,10-Year,A_20251113_2.pdf,R_20251120_3.pdf,NCR_20251120_3.pdf,,101.409692,2803730000,24887000000,Yes,8-Month,9-Year,D-2035,0,0,No,0,,,Yes,10-Year,2.9196732030,Yes,19000003700,45826353700,11336700,Yes,TIPS,6.929350,100.279542,2025-11-20T13:04:10,A_20251113_2.xml,R_20251120_3.xml,,,,,
179,912810UQ9,2025-12-01T00:00:00,Bond,20-Year,2045-11-15T00:00:00,4.625000,,,2025-11-13T00:00:00,2025-11-19,2025,2025-11-15T00:00:00,2.0442000000,,,,62.39,2,,Single-Price,,,,,4.650000,Yes,2025-11-15T00:00:00,2.41,,No,,No,01:00 PM,12:00 PM,15901105500,3,38397118000,Yes,912803HR7,,,4634500000,6224500000,115105000000,Yes,0,0,Normal,2026-05-15T00:00:00,No,,,,,98.954789,,4.7060,,9456618000,11466618000,Semi-Annual,,,,,2.880000,2025-11-30T00:00:00,5600000000,10000000,5600000000,100,100,100,100,100,0,5600000000,98896700,Yes,16000000000,,,,20-Year,A_20251113_3.pdf,R_20251119_2.pdf,NCR_20251119_2.pdf,,98.954789,1809987500,20706000000,No,0-Month,20-Year,Bonds of November 2045,1829631800,25451000000,No,1829631800,,23.1250,Yes,20-Year,,No,17829634000,40325646500,40230700,Yes,Bond,,,2025-11-19T13:04:00,A_20251113_3.xml,R_20251119_2.xml,,,,,
180,912810UP1,2025-11-17T00:00:00,Bond,30-Year,2055-11-15T00:00:00,4.625000,,,2025-11-05T00:00:00,2025-11-13,2025,2025-11-15T00:00:00,0.2555200000,,,,23.04,2,,Single-Price,,,,,4.630000,Yes,2025-11-15T00:00:00,2.29,,No,,No,01:00 PM,12:00 PM,24946422000,3,57316798000,Yes,912803HQ9,,,3617560000,5952800000,98239000000,Yes,0,0,Normal,2026-05-15T00:00:00,No,,,,,98.894977,,4.6940,,17709038000,19572998000,Semi-Annual,,,,,4.570000,2025-11-15T00:00:00,8750000000,10000000,8750000000,100,100,100,100,100,0,8750000000,53588500,Yes,25000000000,,,,30-Year,A_20251105_1.pdf,R_20251113_3.pdf,NCR_20251113_3.pdf,,98.894977,3619824000,31791000000,No,0-Month,30-Year,Bonds of November 2055,3893790400,21774000000,No,3893790400,,23.1250,Yes,30-Year,,No,28893800900,61264176900,20676500,Yes,Bond,,,2025-11-13T13:08:10,A_20251105_1.xml,R_20251113_3.xml,,912834ZG6,,2055-11-15T00:00:00,
181,91282CPJ4,2025-11-17T00:00:00,Note,10-Year,2035-11-15T00:00:00,4.000000,,,2025-11-05T00:00:00,2025-11-12,2025,2025-11-15T00:00:00,0.2209900000,,,,97.52,2,,Single-Price,,,,,4.028000,Yes,2025-11-15T00:00:00,2.43,,No,,No,01:00 PM,12:00 PM,41857012200,3,102025085000,Yes,912821TF2,,,9439000000,13485000000,98239000000,Yes,0,0,Normal,2026-05-15T00:00:00,No,,,,,99.396983,,4.0740,,28043344200,32273085000,Semi-Annual,,,,,3.960000,2025-11-15T00:00:00,14700000000,10000000,14700000000,100,100,100,100,100,0,14700000000,143047000,Yes,42000000000,,,,10-Year,A_20251105_3.pdf,R_20251112_2.pdf,NCR_20251112_2.pdf,,99.396983,4374668000,56267000000,No,0-Month,10-Year,F-2035,6541567900,21774000000,No,6541567900,,20.0000,Yes,10-Year,,No,48541627100,108709699900,55917000,Yes,Note,,,2025-11-12T13:04:13,A_20251105_3.xml,R_20251112_2.xml,,,,,
182,91282CPK1,2025-11-17T00:00:00,Note,3-Year,2028-11-15T00:00:00,3.500000,,,2025-11-05T00:00:00,2025-11-10,2025,2025-11-15T00:00:00,0.1933700000,,,,86.43,2,,Single-Price,,,,,3.540000,Yes,2025-11-15T00:00:00,2.85,,No,,No,01:00 PM,12:00 PM,57743491600,3,165015820000,Yes,912821TE5,,,15775500000,23870000000,98239000000,Yes,100000000,100000000,Normal,2026-05-15T00:00:00,No,,,,,99.777212,,3.5790,,36356991600,49962820000,Semi-Annual,,,,,3.480000,2025-11-15T00:00:00,20300000000,10000000,20300000000,100,100,100,100,100,0,20300000000,156624000,Yes,58000000000,,,,3-Year,A_20251105_2.pdf,R_20251110_4.pdf,NCR_20251110_4.pdf,"SPL_20251105_1.pdf, SPL_20251106_1.pdf",99.777212,5611000000,91183000000,No,0-Month,3-Year,AU-2028,9033593800,21774000000,No,9033593800,,17.5000,Yes,3-Year,,No,67033709400,174306037800,67284900,Yes,Note,,,2025-11-10T13:03:58,A_20251105_2.xml,R_20251110_4.xml,,,,,
183,91282CPG0,2025-10-31T00:00:00,Note,2-Year,2027-10-31T00:00:00,,,,2025-10-23T00:00:00,2025-10-29,2025,2025-10-31T00:00:00,,,,,21.8,2,,Single-Price,,,,0.180000,,No,,3.63,,No,,No,11:30 AM,11:00 AM,29989880000,3,108837100000,Yes,,,,450000000,1700000000,193659000000,Yes,0,0,Normal,2026-01-31T00:00:00,Yes,2025-10-27T00:00:00,3.730000,,,100.0,0.190000,,,19085380000,38392100000,Quarterly,,,,0.100000,,2025-10-31T00:00:00,10500000000,10000000,10500000000,100,,100,100,100,0,10500000000,10163300,Yes,30000000000,,,,2-Year,A_20251023_4.pdf,R_20251029_1.pdf,NCR_20251029_1.pdf,,100.0,10454500000,68745000000,No,0-Month,2-Year,BK-2027,1722661400,18808000000,No,1722661400,0.1900,,No,2-Year,,No,31722704700,110569924700,4691300,Yes,FRN,,,2025-10-29T11:34:15,A_20251023_4.xml,R_20251029_1.xml,,,,,
184,91282CPF2,2025-10-31T00:00:00,Note,7-Year,2032-10-31T00:00:00,3.750000,,,2025-10-23T00:00:00,2025-10-28,2025,2025-10-31T00:00:00,,,,,71.9,2,,Single-Price,,,,,3.735000,No,,2.46,,No,,No,01:00 PM,12:00 PM,43954857700,3,108060857000,Yes,912821TD7,,,12239397000,17324100000,193659000000,Yes,0,0,Normal,2026-04-30T00:00:00,No,,,,,99.756076,,3.7900,,25937729700,30671757000,Semi-Annual,,,,,3.630000,2025-10-31T00:00:00,15400000000,10000000,15400000000,100,100,100,100,100,0,15400000000,45181300,Yes,44000000000,,,,7-Year,A_20251023_7.pdf,R_20251028_3.pdf,NCR_20251028_3.pdf,,99.756076,5777731000,60065000000,No,0-Month,7-Year,R-2032,2526570100,18808000000,No,2526570100,,18.7500,Yes,7-Year,,No,46526609100,110632608400,16236300,Yes,Note,,,2025-10-28T13:04:19,A_20251023_7.xml,R_20251028_3.xml,,912834ZF8,,2032-10-31T00:00:00,
185,912797SK4,2025-10-30T00:00:00,Bill,52-Week,2026-10-29T00:00:00,,,,2025-10-23T00:00:00,2025-10-28,2025,,,,,,42.51,2,,Single-Price,3.400000,,,,,,,3.21,,,,No,11:30 AM,11:00 AM,49135252000,3,159476500000,Yes,,,,2160000000,5970000000,282908000000,Yes,40000000,40000000,,,No,,,3.445000,3.587000,96.516722,,,,26271427000,47421500000,None,3.300000,,,,,2025-10-30T00:00:00,17500000000,10000000,17500000000,100,,100,100,100,0,17500000000,825473800,Yes,50000000000,,,,52-Week,A_20251023_6.pdf,R_20251028_2.pdf,NCR_20251028_2.pdf,,96.516722,20703825000,106085000000,No,364-Day,52-Week,,2801476300,17257000000,No,2801476300,,,,52-Week,,No,52802202100,163143450100,418146500,Yes,Bill,,,2025-10-28T11:34:16,A_20251023_6.xml,R_20251028_2.xml,,,,,
186,91282CPE5,2025-10-31T00:00:00,Note,2-Year,2027-10-31T00:00:00,3.500000,,,2025-10-23T00:00:00,2025-10-27,2025,2025-10-31T00:00:00,,,,,22.26,2,,Single-Price,,,,,3.453000,No,,2.59,,No,,No,11:30 AM,11:00 AM,68473624000,3,178176194000,Yes,912821TB1,,,23809000000,31681000000,193659000000,Yes,205000000,205000000,Normal,2026-04-30T00:00:00,No,,,,,99.992338,,3.5040,,36736364000,50626194000,Semi-Annual,,,,,3.400000,2025-10-31T00:00:00,24150000000,10000000,24150000000,100,100,100,100,100,0,24150000000,321391600,Yes,69000000000,,,,2-Year,A_20251023_2.pdf,R_20251027_1.pdf,NCR_20251027_2.pdf,SPL_20251023_1.pdf,99.992338,7928260000,95869000000,No,0-Month,2-Year,BJ-2027,3962121200,18808000000,No,3962121200,,17.5000,Yes,2-Year,,No,72962136800,182664706800,147691100,Yes,Note,,,2025-10-27T11:34:17,A_20251023_2.xml,R_20251027_1.xml,,,,,
187,91282CPD7,2025-10-31T00:00:00,Note,5-Year,2030-10-31T00:00:00,3.625000,,,2025-10-23T00:00:00,2025-10-27,2025,2025-10-31T00:00:00,,,,,40.3,2,,Single-Price,,,,,3.575000,No,,2.38,,No,,No,01:00 PM,12:00 PM,69902036000,3,166511617000,Yes,912821TC9,,,16701250000,23166000000,193659000000,Yes,7900000,7900000,Normal,2026-04-30T00:00:00,No,,,,,100.0,,3.6250,,46720036000,54010617000,Semi-Annual,,,,,3.520000,2025-10-31T00:00:00,24500000000,10000000,24500000000,100,100,100,100,100,0,24500000000,90171500,Yes,70000000000,,,,5-Year,A_20251023_5.pdf,R_20251027_4.pdf,NCR_20251027_4.pdf,SPL_20251023_1.pdf,100.0,6480750000,89335000000,No,0-Month,5-Year,AF-2030,4019543200,18808000000,No,4019543200,,18.1250,Yes,5-Year,,No,74019650700,170629231700,26172500,Yes,Note,,,2025-10-27T13:04:16,A_20251023_5.xml,R_20251027_4.xml,,,,,
188,91282CPH8,2025-10-31T00:00:00,Note,5-Year,2030-10-15T00:00:00,1.125000,323.946060,323.467100,2025-10-16T00:00:00,2025-10-23,2025,2025-10-15T00:00:00,,,0.4952400000,99.8737280000,53.51,2,,Single-Price,,,,,1.122000,Yes,2025-10-15T00:00:00,2.51,,No,,No,01:00 PM,12:00 PM,25857015600,3,65003996000,Yes,912821TA3,1982-1984=100,,6306755000,8932000000,193659000000,Yes,0,0,Normal,2026-04-15T00:00:00,No,,,,,99.873728,,1.1820,1.001480,16064949100,23403996000,Semi-Annual,,,,,1.050000,2025-10-31T00:00:00,9100000000,10000000,9100000000,100,100,100,100,100,0,9100000000,142992700,Yes,26000000000,,,,5-Year,A_20251016_1.pdf,R_20251023_3.pdf,NCR_20251023_3.pdf,SPL_20251023_2.pdf,99.873728,3485311500,32668000000,No,0-Month,5-Year,AE-2030,1492973100,18808000000,No,1492973100,,,Yes,5-Year,1.7389712900,Yes,27492981400,66639961800,32938700,Yes,TIPS,0.494510,99.726133,2025-10-23T13:05:43,A_20251016_1.xml,R_20251023_3.xml,,,,,
189,912810UN6,2025-10-31T00:00:00,Bond,19-Year 10-Month,2045-08-15T00:00:00,4.875000,,,2025-10-16T00:00:00,2025-10-22,2025,2025-08-15T00:00:00,10.2004100000,,,,56.07,2,,Single-Price,,,,,4.464000,Yes,2025-08-15T00:00:00,2.73,,No,,No,01:00 PM,12:00 PM,12934036100,3,35477274000,Yes,912803HP1,,31630000000.000000,3405962100,5082000000,193659000000,Yes,0,0,Normal,2026-02-15T00:00:00,No,,,,,104.785763,,4.5060,,8230074000,11691274000,Semi-Annual,,,,,3.880000,2025-10-31T00:00:00,4550000000,10000000,4550000000,100,100,100,100,100,10200000000,4550000000,65975000,Yes,13000000000,,2025-08-15T00:00:00,2025-09-02T00:00:00,20-Year,A_20251016_5.pdf,R_20251022_2.pdf,NCR_20251022_2.pdf,,104.785763,1298000000,18704000000,Yes,10-Month,19-Year,Bonds of August 2045,746486500,18808000000,No,746486500,,24.3750,Yes,20-Year,,No,13746497600,36289735500,28764000,Yes,Bond,,,2025-10-22T13:04:34,A_20251016_5.xml,R_20251022_2.xml,,,,,
190,912810UM8,2025-10-15T00:00:00,Bond,29-Year 10-Month,2055-08-15T00:00:00,4.750000,,,2025-10-02T00:00:00,2025-10-09,2025,2025-08-15T00:00:00,7.8736400000,,,,17.37,2,,Single-Price,,,,,4.670000,Yes,2025-08-15T00:00:00,2.38,,No,,No,01:00 PM,12:00 PM,21956457500,3,52369953000,Yes,912803HN6,,55481000000.000000,5898400000,8085400000,79509000000,Yes,0,0,Normal,2026-02-15T00:00:00,No,,,,,100.242034,,4.7340,,14156320500,16416553000,Semi-Annual,,,,,3.880000,2025-10-15T00:00:00,7700000000,10000000,7700000000,100,100,100,100,100,16500000000,7700000000,43558500,Yes,22000000000,,2025-08-15T00:00:00,2025-08-15T00:00:00,30-Year,A_20251002_4.pdf,R_20251009_3.pdf,NCR_20251009_3.pdf,,100.242034,1901737000,27868000000,Yes,10-Month,29-Year,Bonds of August 2055,408392700,2871000000,No,408392700,,23.7500,Yes,30-Year,,No,22408408700,52821904200,20642500,Yes,Bond,,,2025-10-09T13:05:03,A_20251002_4.xml,R_20251009_3.xml,,,,,
191,91282CNT4,2025-10-15T00:00:00,Note,9-Year 10-Month,2035-08-15T00:00:00,4.250000,,,2025-10-02T00:00:00,2025-10-08,2025,2025-08-15T00:00:00,7.0448400000,,,,78.38,2,,Single-Price,,,,,4.060000,Yes,2025-08-15T00:00:00,2.48,,No,,No,01:00 PM,12:00 PM,38921677000,3,96557481000,Yes,912821SR7,,95252000000.000000,9381000000,13340000000,79509000000,Yes,0,0,Normal,2026-02-15T00:00:00,No,,,,,101.057226,,4.1170,,26001456000,30898481000,Semi-Annual,,,,,4.010000,2025-10-15T00:00:00,13650000000,10000000,13650000000,100,100,100,100,100,28400000000,13650000000,78344500,Yes,39000000000,,2025-08-15T00:00:00,2025-08-15T00:00:00,10-Year,A_20251002_2.pdf,R_20251008_2.pdf,NCR_20251008_2.pdf,,101.057226,3539221000,52319000000,Yes,10-Month,9-Year,E-2035,723968800,2871000000,No,723968800,,21.2500,Yes,10-Year,,No,39723990300,97359794300,31312500,Yes,Note,,,2025-10-08T13:04:43,A_20251002_2.xml,R_20251008_2.xml,,,,,
192,91282CPC9,2025-10-15T00:00:00,Note,3-Year,2028-10-15T00:00:00,3.500000,,,2025-10-02T00:00:00,2025-10-07,2025,2025-10-15T00:00:00,,,,,60.65,2,,Single-Price,,,,,3.534000,No,,2.66,,No,,No,01:00 PM,12:00 PM,57841524400,3,154281860000,Yes,912821SZ9,,,15372614400,22778000000,79509000000,Yes,5000000,5000000,Normal,2026-04-15T00:00:00,No,,,,,99.785614,,3.5760,,36265910000,48526860000,Semi-Annual,,,,,3.418000,2025-10-15T00:00:00,20300000000,10000000,20300000000,100,100,100,100,100,0,20300000000,153610300,Yes,58000000000,,,,3-Year,A_20251002_1.pdf,R_20251007_2.pdf,NCR_20251007_2.pdf,,99.785614,6203000000,82977000000,No,0-Month,3-Year,AT-2028,1076671700,2871000000,No,1076671700,,17.5000,Yes,3-Year,,No,59076806400,155517142000,51584400,Yes,Note,,,2025-10-07T13:04:45,A_20251002_1.xml,R_20251007_2.xml,,912834ZE1,,2028-10-15T00:00:00,
193,912797SA6,2025-10-02T00:00:00,Bill,52-Week,2026-10-01T00:00:00,,,,2025-09-25T00:00:00,2025-09-30,2025,,,,,,70.11,2,,Single-Price,3.470000,,,,,,,2.92,,,,No,11:30 AM,11:00 AM,49181415000,3,145167450000,Yes,,,,2097000000,5597000000,279973000000,Yes,0,0,,,No,,,3.540000,3.688000,96.420667,,,,27141500000,39285450000,None,3.400000,,,,,2025-10-02T00:00:00,17500000000,10000000,17500000000,100,,100,100,100,0,17500000000,819141300,Yes,50000000000,,,,52-Week,A_20250925_1.pdf,R_20250930_2.pdf,NCR_20250930_1.pdf,,96.420667,19942915000,100285000000,No,364-Day,52-Week,,2872168700,16659000000,No,2872168700,,,,52-Week,,No,52872725000,148858760000,413833800,Yes,Bill,,,2025-09-30T11:35:12,A_20250925_1.xml,R_20250930_2.xml,,,,,
194,91282CNZ0,2025-09-30T00:00:00,Note,7-Year,2032-09-30T00:00:00,3.875000,,,2025-09-18T00:00:00,2025-09-25,2025,2025-09-30T00:00:00,,,,,64.63,2,,Single-Price,,,,,3.895000,No,,2.4,,No,,No,01:00 PM,12:00 PM,43943699400,3,105335796000,Yes,912821SY2,,,13877103400,17828200000,121651000000,Yes,0,0,Normal,2026-03-31T00:00:00,No,,,,,99.527074,,3.9530,,24791596000,29209596000,Semi-Annual,,,,,3.800000,2025-09-30T00:00:00,15400000000,10000000,15400000000,100,100,100,100,100,0,15400000000,56306300,Yes,44000000000,,,,7-Year,A_20250918_1.pdf,R_20250925_3.pdf,NCR_20250925_3.pdf,,99.527074,5275000000,58298000000,No,0-Month,7-Year,Q-2032,2429608900,16872000000,No,2429608900,,19.3750,Yes,7-Year,,No,46429614600,107821711200,16707300,Yes,Note,,,2025-09-25T13:04:46,A_20250918_1.xml,R_20250925_3.xml,,912834ZD3,,2032-09-30T00:00:00,
195,91282CPA3,2025-09-30T00:00:00,Note,5-Year,2030-09-30T00:00:00,3.625000,,,2025-09-18T00:00:00,2025-09-24,2025,2025-09-30T00:00:00,,,,,41.92,2,,Single-Price,,,,,3.654000,No,,2.34,,No,,No,01:00 PM,12:00 PM,69898797200,3,164000354000,Yes,912821SX4,,,20016676800,26120000000,121651000000,Yes,5000000,5000000,Normal,2026-03-31T00:00:00,No,,,,,99.615328,,3.7100,,41534274000,48035354000,Semi-Annual,,,,,3.600000,2025-09-30T00:00:00,24500000000,10000000,24500000000,100,100,100,100,100,0,24500000000,96206000,Yes,70000000000,,,,5-Year,A_20250918_5.pdf,R_20250924_3.pdf,NCR_20250924_3.pdf,,99.615328,8347846400,89845000000,No,0-Month,5-Year,AD-2030,3865286900,16872000000,No,3865286900,,18.1250,Yes,5-Year,,No,73865290100,167966846900,33088000,Yes,Note,,,2025-09-24T13:05:02,A_20250918_5.xml,R_20250924_3.xml,,,,,
196,91282CNQ0,2025-09-26T00:00:00,Note,1-Year 10-Month,2027-07-31T00:00:00,,,,2025-09-18T00:00:00,2025-09-24,2025,2025-07-31T00:00:00,,0.6759410640,,,44.42,2,,Single-Price,,,,0.190000,,Yes,2025-07-31T00:00:00,3.15,,No,,No,11:30 AM,11:00 AM,27969350000,3,88242000000,Yes,,,60043000000.000000,250000000,1750000000,0,Yes,0,0,Normal,2025-10-31T00:00:00,Yes,2025-09-22T00:00:00,3.860000,,,99.923887,0.200000,,,19643465000,25502000000,Quarterly,,,,0.150000,,2025-09-26T00:00:00,9800000000,10000000,9800000000,100,,100,100,100,20300000000,9800000000,30743600,Yes,28000000000,,2025-07-31T00:00:00,2025-07-31T00:00:00,2-Year,A_20250918_3.pdf,R_20250924_1.pdf,NCR_20250924_1.pdf,,99.923887,8075885000,60990000000,Yes,10-Month,1-Year,BF-2027,0,0,No,0,0.1590,,No,2-Year,,No,28000093600,88272743600,2930600,Yes,FRN,,,2025-09-24T11:35:19,A_20250918_3.xml,R_20250924_1.xml,,,,,
197,91282CPB1,2025-09-30T00:00:00,Note,2-Year,2027-09-30T00:00:00,3.500000,,,2025-09-18T00:00:00,2025-09-23,2025,2025-09-30T00:00:00,,,,,85.19,2,,Single-Price,,,,,3.520000,No,,2.51,,No,,No,01:00 PM,12:00 PM,68681817300,3,173060255000,Yes,912821SW6,,,21131182300,28009000000,121651000000,Yes,5000000,5000000,Normal,2026-03-31T00:00:00,No,,,,,99.864119,,3.5710,,39661255000,52834255000,Semi-Annual,,,,,3.400000,2025-09-30T00:00:00,24150000000,10000000,24150000000,100,100,100,100,100,0,24150000000,313227000,Yes,69000000000,,,,2-Year,A_20250918_4.pdf,R_20250923_2.pdf,NCR_20250923_2.pdf,,99.864119,7889380000,92217000000,No,0-Month,2-Year,BH-2027,3810068500,16872000000,No,3810068500,,17.5000,Yes,2-Year,,No,72810112800,177188550500,129647000,Yes,Note,,,2025-09-23T13:04:51,A_20250918_4.xml,R_20250923_2.xml,,,,,
198,91282CNS6,2025-09-30T00:00:00,Note,9-Year 10-Month,2035-07-15T00:00:00,1.875000,323.031770,321.097580,2025-09-11T00:00:00,2025-09-18,2025,2025-07-15T00:00:00,,,3.9468500000,101.8723460000,56.21,2,,Single-Price,,,,,1.648000,Yes,2025-07-15T00:00:00,2.2,,No,,No,01:00 PM,12:00 PM,18956812500,3,41690550000,Yes,912821SL0,1982-1984=100,22430000000.000000,4952000000,6452000000,121651000000,Yes,0,0,Normal,2026-01-15T00:00:00,No,,,,,101.872346,,1.7340,1.006020,10631707500,11358550000,Semi-Annual,,,,,1.600000,2025-09-30T00:00:00,6650000000,10000000,6650000000,100,100,100,100,100,7400000000,6650000000,43188100,Yes,19000000000,,2025-07-15T00:00:00,2025-07-31T00:00:00,10-Year,A_20250911_3.pdf,R_20250918_3.pdf,NCR_20250918_3.pdf,,101.872346,3373105000,23880000000,Yes,10-Month,9-Year,D-2035,1049149200,16872000000,No,1049149200,,,Yes,10-Year,2.9196732030,Yes,20049149800,42782887300,13617100,Yes,TIPS,3.923230,101.262744,2025-09-18T13:04:52,A_20250911_3.xml,R_20250918_3.xml,,,,,
199,912810UN6,2025-09-30T00:00:00,Bond,19-Year 11-Month,2045-08-15T00:00:00,4.875000,,,2025-09-11T00:00:00,2025-09-16,2025,2025-08-15T00:00:00,6.0937500000,,,,14.96,2,,Single-Price,,,,,4.564000,Yes,2025-08-15T00:00:00,2.74,,No,,No,01:00 PM,12:00 PM,12891939200,3,35576344000,Yes,912803HP1,,17929000000.000000,3592431200,5281000000,121651000000,Yes,0,0,Normal,2026-02-15T00:00:00,No,,,,,103.374975,,4.6130,,8323068000,11112344000,Semi-Annual,,,,,2.880000,2025-09-30T00:00:00,4550000000,10000000,4550000000,100,100,100,100,100,5600000000,4550000000,108094900,Yes,13000000000,,2025-08-15T00:00:00,2025-09-02T00:00:00,20-Year,A_20250911_5.pdf,R_20250916_2.pdf,NCR_20250916_2.pdf,,103.374975,976440000,19183000000,Yes,11-Month,19-Year,Bonds of August 2045,717838900,16872000000,No,717838900,,24.3750,Yes,20-Year,,No,13717873000,36402277800,54474900,Yes,Bond,,,2025-09-16T13:04:49,A_20250911_5.xml,R_20250916_2.xml,,,,,
200,912810UM8,2025-09-15T00:00:00,Bond,29-Year 11-Month,2055-08-15T00:00:00,4.750000,,,2025-09-04T00:00:00,2025-09-11,2025,2025-08-15T00:00:00,4.0013600000,,,,44.54,2,,Single-Price,,,,,4.585000,Yes,2025-08-15T00:00:00,2.38,,No,,No,01:00 PM,12:00 PM,21956149000,3,52238198000,Yes,912803HN6,,33484000000.000000,6150500000,8410500000,41000000000,Yes,0,0,Normal,2026-02-15T00:00:00,No,,,,,101.583058,,4.6510,,13619698000,15489698000,Semi-Annual,,,,,2.880000,2025-09-15T00:00:00,7700000000,10000000,7700000000,100,100,100,100,100,8800000000,7700000000,43851200,Yes,22000000000,,2025-08-15T00:00:00,2025-08-15T00:00:00,30-Year,A_20250904_4.pdf,R_20250911_3.pdf,NCR_20250911_3.pdf,,101.583058,2185951000,28338000000,Yes,11-Month,29-Year,Bonds of August 2055,0,0,No,0,,23.7500,Yes,30-Year,,No,22000000200,52282049200,15414200,Yes,Bond,,,2025-09-11T13:04:42,A_20250904_4.xml,R_20250911_3.xml,,,,,
201,91282CNT4,2025-09-15T00:00:00,Note,9-Year 11-Month,2035-08-15T00:00:00,4.250000,,,2025-09-04T00:00:00,2025-09-10,2025,2025-08-15T00:00:00,3.5801600000,,,,81.53,2,,Single-Price,,,,,3.986000,Yes,2025-08-15T00:00:00,2.65,,No,,No,01:00 PM,12:00 PM,38881412000,3,103227910000,Yes,912821SR7,,56254000000.000000,4920500000,10467000000,41000000000,Yes,0,0,Normal,2026-02-15T00:00:00,No,,,,,101.753345,,4.0330,,32322912000,38952910000,Semi-Annual,,,,,3.900000,2025-09-15T00:00:00,13650000000,10000000,13650000000,100,100,100,100,100,14700000000,13650000000,118612500,Yes,39000000000,,2025-08-15T00:00:00,2025-08-15T00:00:00,10-Year,A_20250904_3.pdf,R_20250910_2.pdf,NCR_20250910_2.pdf,,101.753345,1638000000,53808000000,Yes,11-Month,9-Year,E-2035,0,0,No,0,,21.2500,Yes,10-Year,,No,39000024500,103346522500,44224500,Yes,Note,,,2025-09-10T13:04:55,A_20250904_3.xml,R_20250910_2.xml,,,,,
202,91282CNY3,2025-09-15T00:00:00,Note,3-Year,2028-09-15T00:00:00,3.375000,,,2025-09-04T00:00:00,2025-09-09,2025,2025-09-15T00:00:00,,,,,24.56,2,,Single-Price,,,,,3.445000,No,,2.73,,No,,No,01:00 PM,12:00 PM,57778780200,3,157913245000,Yes,912821SV8,,,10047772800,17365000000,41000000000,Yes,8000000,8000000,Normal,2026-03-15T00:00:00,No,,,,,99.689226,,3.4850,,42895327400,55264245000,Semi-Annual,,,,,2.880000,2025-09-15T00:00:00,20300000000,10000000,20300000000,100,100,100,100,100,0,20300000000,213366000,Yes,58000000000,,,,3-Year,A_20250904_1.pdf,R_20250909_2.pdf,NCR_20250909_2.pdf,,99.689226,4835680000,85284000000,No,0-Month,3-Year,AS-2028,0,0,No,0,,16.8750,Yes,3-Year,,No,58000146200,158134611000,87783400,Yes,Note,,,2025-09-09T13:04:56,A_20250904_1.xml,R_20250909_2.xml,,912834ZC5,,2028-09-15T00:00:00,
203,91282CNW7,2025-09-02T00:00:00,Note,7-Year,2032-08-31T00:00:00,3.875000,,,2025-08-21T00:00:00,2025-08-28,2025,2025-08-31T00:00:00,0.2140900000,,,,19.0,2,,Single-Price,,,,,3.870000,Yes,2025-08-31T00:00:00,2.49,,No,,No,01:00 PM,12:00 PM,43904285000,3,109408835000,Yes,912821SU0,,,5604550000,10164300000,108662000000,Yes,0,0,Normal,2026-02-28T00:00:00,No,,,,,99.696342,,3.9250,,34002535000,39123535000,Semi-Annual,,,,,2.880000,2025-08-31T00:00:00,15400000000,10000000,15400000000,100,100,100,100,100,0,15400000000,95734600,Yes,44000000000,,,,7-Year,A_20250821_3.pdf,R_20250828_3.pdf,NCR_20250828_3.pdf,,99.696342,4297200000,60121000000,No,0-Month,7-Year,P-2032,5310353300,25825000000,No,5310353300,,19.3750,Yes,7-Year,,No,49310372900,114814922900,25387600,Yes,Note,,,2025-08-28T13:04:10,A_20250821_3.xml,R_20250828_3.xml,,912834ZB7,,2032-08-31T00:00:00,
204,91282CNX5,2025-09-02T00:00:00,Note,5-Year,2030-08-31T00:00:00,3.625000,,,2025-08-21T00:00:00,2025-08-27,2025,2025-08-31T00:00:00,0.2002800000,,,,84.43,2,,Single-Price,,,,,3.667000,Yes,2025-08-31T00:00:00,2.36,,No,,No,01:00 PM,12:00 PM,69883850000,3,165269954000,Yes,912821ST3,,,21480101000,26963000000,108662000000,Yes,9200000,9200000,Normal,2026-02-28T00:00:00,No,,,,,99.552219,,3.7240,,42264749000,50435954000,Semi-Annual,,,,,3.600000,2025-08-31T00:00:00,24500000000,10000000,24500000000,100,100,100,100,100,0,24500000000,107007500,Yes,70000000000,,,,5-Year,A_20250821_1.pdf,R_20250827_3.pdf,NCR_20250827_3.pdf,SPL_20250821_2.pdf,99.552219,6139000000,87871000000,No,0-Month,5-Year,AC-2030,8448289400,25825000000,No,8448289400,,18.1250,Yes,5-Year,,No,78448346900,173834450900,32271500,Yes,Note,,,2025-08-27T13:04:17,A_20250821_1.xml,R_20250827_3.xml,,,,,
205,91282CNQ0,2025-08-29T00:00:00,Note,1-Year 11-Month,2027-07-31T00:00:00,,,,2025-08-21T00:00:00,2025-08-27,2025,2025-07-31T00:00:00,,0.3513574150,,,77.45,2,,Single-Price,,,,0.190000,,Yes,2025-07-31T00:00:00,3.22,,No,,No,11:30 AM,11:00 AM,27981312500,3,90025000000,Yes,,,32043000000.000000,200000000,1700000000,0,Yes,0,0,Normal,2025-10-31T00:00:00,Yes,2025-08-25T00:00:00,4.100000,,,99.930473,0.195000,,,21783862500,31310000000,Quarterly,,,,0.150000,,2025-08-29T00:00:00,9800000000,10000000,9800000000,100,,100,100,100,10500000000,9800000000,18759500,Yes,28000000000,,2025-07-31T00:00:00,2025-07-31T00:00:00,2-Year,A_20250821_4.pdf,R_20250827_2.pdf,NCR_20250827_2.pdf,,99.930473,5997450000,57015000000,Yes,11-Month,1-Year,BF-2027,0,0,No,0,0.1590,,No,2-Year,,No,28000072000,90043759500,2212500,Yes,FRN,,,2025-08-27T11:34:16,A_20250821_4.xml,R_20250827_2.xml,,,,,
206,91282CNV9,2025-09-02T00:00:00,Note,2-Year,2027-08-31T00:00:00,3.625000,,,2025-08-21T00:00:00,2025-08-26,2025,2025-08-31T00:00:00,0.2002800000,,,,57.4,2,,Single-Price,,,,,3.600000,Yes,2025-08-31T00:00:00,2.69,,No,,No,01:00 PM,12:00 PM,68364904200,3,185064243000,Yes,912821SS5,,,22673100000,32884000000,108662000000,Yes,305000000,305000000,Normal,2026-02-28T00:00:00,No,,,,,99.969131,,3.6410,,39032454200,55364243000,Semi-Annual,,,,,3.500000,2025-08-31T00:00:00,24150000000,10000000,24150000000,100,100,100,100,100,0,24150000000,330121100,Yes,69000000000,,,,2-Year,A_20250821_6.pdf,R_20250826_2.pdf,NCR_20250826_2.pdf,SPL_20250821_1.pdf,99.969131,6659350000,96816000000,No,0-Month,2-Year,BG-2027,8327599600,25825000000,No,8327599600,,18.1250,Yes,2-Year,,No,77327624900,194026963700,152426100,Yes,Note,,,2025-08-26T13:04:33,A_20250821_6.xml,R_20250826_2.xml,,,,,
207,912810UH9,2025-08-29T00:00:00,Bond,29-Year 6-Month,2055-02-15T00:00:00,2.375000,322.454940,315.549000,2025-08-14T00:00:00,2025-08-21,2025,2025-08-15T00:00:00,,,0.9233100000,96.4658750000,65.17,2,,Single-Price,,,,,2.600000,Yes,2025-08-15T00:00:00,2.78,,No,,No,01:00 PM,12:00 PM,7953749400,3,22191114000,Yes,912803HK2,1982-1984=100,9907000000.000000,1996000000,3303000000,0,Yes,0,0,Normal,2026-02-15T00:00:00,No,,,,,96.465875,,2.6500,1.021890,5602973900,7905114000,Semi-Annual,,,,,0.888000,2025-08-29T00:00:00,2800000000,10000000,2800000000,100,100,100,100,100,3200000000,2800000000,46262100,Yes,8000000000,,2025-02-15T00:00:00,2025-02-28T00:00:00,30-Year,A_20250814_4.pdf,R_20250821_3.pdf,NCR_20250821_3.pdf,,96.465875,354775500,10983000000,Yes,6-Month,29-Year,TIPS of February 2055,0,0,No,0,,,Yes,30-Year,3.7632824060,Yes,8000011500,22237376100,6267100,Yes,TIPS,0.903530,94.399471,2025-08-21T13:04:52,A_20250814_4.xml,R_20250821_3.xml,,,,,
208,912810UN6,2025-09-02T00:00:00,Bond,20-Year,2045-08-15T00:00:00,4.875000,,,2025-08-14T00:00:00,2025-08-20,2025,2025-08-15T00:00:00,2.3845100000,,,,44.44,2,,Single-Price,,,,,4.820000,Yes,2025-08-15T00:00:00,2.54,,No,,No,01:00 PM,12:00 PM,15839720000,3,40468842000,Yes,912803HP1,,,4193000000,5850000000,108662000000,Yes,0,0,Normal,2026-02-15T00:00:00,No,,,,,99.982203,,4.8760,,9605842000,12441842000,Semi-Annual,,,,,2.888000,2025-08-31T00:00:00,5600000000,10000000,5600000000,100,100,100,100,100,0,5600000000,160287800,Yes,16000000000,,,,20-Year,A_20250814_5.pdf,R_20250820_2.pdf,NCR_20250820_2.pdf,,99.982203,2040878000,22177000000,No,0-Month,20-Year,Bonds of August 2045,1931037500,25825000000,No,1931037500,,24.3750,Yes,20-Year,,No,17931045300,42560167300,76920800,Yes,Bond,,,2025-08-20T13:05:02,A_20250814_5.xml,R_20250820_2.xml,,,,,
209,912810UM8,2025-08-15T00:00:00,Bond,30-Year,2055-08-15T00:00:00,4.750000,,,2025-07-30T00:00:00,2025-08-07,2025,2025-08-15T00:00:00,,,,,73.95,2,,Single-Price,,,,,4.740000,No,,2.27,,No,,No,01:00 PM,12:00 PM,24960862000,3,56618887000,Yes,912803HN6,,,5747800000,7997800000,89798000000,Yes,0,0,Normal,2026-02-15T00:00:00,No,,,,,99.005294,,4.8130,,14856087000,16414087000,Semi-Annual,,,,,4.640000,2025-08-15T00:00:00,8750000000,10000000,8750000000,100,100,100,100,100,0,8750000000,39138900,Yes,25000000000,,,,30-Year,A_20250730_2.pdf,R_20250807_3.pdf,NCR_20250807_3.pdf,,99.005294,4356975000,32207000000,No,0-Month,30-Year,Bonds of August 2055,8484348400,45614000000,No,8484348400,,23.7500,Yes,30-Year,,No,33484349300,65142374300,12668900,Yes,Bond,,,2025-08-07T13:03:58,A_20250730_2.xml,R_20250807_3.xml,,912834ZA9,,2055-08-15T00:00:00,
210,91282CNT4,2025-08-15T00:00:00,Note,10-Year,2035-08-15T00:00:00,4.250000,,,2025-07-30T00:00:00,2025-08-06,2025,2025-08-15T00:00:00,,,,,52.85,2,,Single-Price,,,,,4.195000,No,,2.35,,No,,No,01:00 PM,12:00 PM,41857544000,3,98587416000,Yes,912821SR7,,,8210000000,12175000000,89798000000,Yes,0,0,Normal,2026-02-15T00:00:00,No,,,,,99.95962,,4.2550,,26884766000,30844416000,Semi-Annual,,,,,4.120000,2025-08-15T00:00:00,14700000000,10000000,14700000000,100,100,100,100,100,0,14700000000,142568100,Yes,42000000000,,,,10-Year,A_20250730_1.pdf,R_20250806_2.pdf,NCR_20250806_2.pdf,,99.95962,6762778000,55568000000,No,0-Month,10-Year,E-2035,14253705400,45614000000,No,14253705400,,21.2500,Yes,10-Year,,No,56253817500,112983689500,71952400,Yes,Note,,,2025-08-06T13:03:57,A_20250730_1.xml,R_20250806_2.xml,,,,,
211,91282CNU1,2025-08-15T00:00:00,Note,3-Year,2028-08-15T00:00:00,3.625000,,,2025-07-30T00:00:00,2025-08-05,2025,2025-08-15T00:00:00,,,,,72.3,2,,Single-Price,,,,,3.610000,No,,2.53,,No,,No,01:00 PM,12:00 PM,57846725000,3,146330040000,Yes,912821SQ9,,,16275135000,21043000000,89798000000,Yes,0,0,Normal,2026-02-15T00:00:00,No,,,,,99.876077,,3.6690,,31228990000,40953040000,Semi-Annual,,,,,3.460000,2025-08-15T00:00:00,20300000000,10000000,20300000000,100,100,100,100,100,0,20300000000,153289100,Yes,58000000000,,,,3-Year,A_20250730_3.pdf,R_20250805_3.pdf,NCR_20250805_3.pdf,,99.876077,10342600000,84334000000,No,0-Month,3-Year,AR-2028,19683688400,45614000000,No,19683688400,,18.1250,Yes,3-Year,,No,77683702500,166167017500,56157600,Yes,Note,,,2025-08-05T13:04:18,A_20250730_3.xml,R_20250805_3.xml,,,,,
212,91282CNQ0,2025-07-31T00:00:00,Note,2-Year,2027-07-31T00:00:00,,,,2025-07-24T00:00:00,2025-07-29,2025,2025-07-31T00:00:00,,,,,33.43,2,,Single-Price,,,,0.140000,,No,,2.81,,No,,No,11:30 AM,11:00 AM,29975005000,3,84350000000,Yes,,,,250000000,1500000000,169149000000,Yes,0,0,Normal,2025-10-31T00:00:00,Yes,2025-07-21T00:00:00,4.240000,,,100.0,0.159000,,,17903000000,22020000000,Quarterly,,,,0.090000,,2025-07-31T00:00:00,10500000000,10000000,10500000000,100,,100,100,100,0,10500000000,24997000,Yes,30000000000,,,,2-Year,A_20250724_6.pdf,R_20250729_2.pdf,NCR_20250729_2.pdf,,100.0,11822005000,60830000000,No,0-Month,2-Year,BF-2027,2042879500,19541000000,No,2042879500,0.1590,,No,2-Year,,No,32042881500,86417876500,5033000,Yes,FRN,,,2025-07-29T11:34:24,A_20250724_6.xml,R_20250729_2.xml,,,,,
213,91282CNR8,2025-07-31T00:00:00,Note,7-Year,2032-07-31T00:00:00,4.000000,,,2025-07-24T00:00:00,2025-07-29,2025,2025-07-31T00:00:00,,,,,75.53,2,,Single-Price,,,,,4.057000,No,,2.79,,No,,No,01:00 PM,12:00 PM,43916977700,3,122544544000,Yes,912821SP1,,,14789730500,24016400000,169149000000,Yes,0,0,Normal,2026-01-31T00:00:00,No,,,,,99.444911,,4.0920,,27343247200,38162144000,Semi-Annual,,,,,3.880000,2025-07-31T00:00:00,15400000000,10000000,15400000000,100,100,100,100,100,0,15400000000,83485300,Yes,44000000000,,,,7-Year,A_20250724_4.pdf,R_20250729_3.pdf,NCR_20250729_3.pdf,,99.444911,1784000000,60366000000,No,0-Month,7-Year,N-2032,2996223100,19541000000,No,2996223100,,20.0000,Yes,7-Year,,No,46996686100,125624252400,23334300,Yes,Note,,,2025-07-29T13:04:11,A_20250724_4.xml,R_20250729_3.xml,,912834YZ5,,2032-07-31T00:00:00,
214,91282CNP2,2025-07-31T00:00:00,Note,2-Year,2027-07-31T00:00:00,3.875000,,,2025-07-24T00:00:00,2025-07-28,2025,2025-07-31T00:00:00,,,,,58.43,2,,Single-Price,,,,,3.870000,No,,2.62,,No,,No,11:30 AM,11:00 AM,68438880500,3,180334900000,Yes,912821SM8,,,23524063000,31113000000,169149000000,Yes,205000000,205000000,Normal,2026-01-31T00:00:00,No,,,,,99.914243,,3.9200,,37866200000,54499900000,Semi-Annual,,,,,3.800000,2025-07-31T00:00:00,24150000000,10000000,24150000000,100,100,100,100,100,0,24150000000,356307900,Yes,69000000000,,,,2-Year,A_20250724_3.pdf,R_20250728_2.pdf,NCR_20250728_2.pdf,SPL_20250724_1.pdf,99.914243,7048617500,94722000000,No,0-Month,2-Year,BE-2027,4698622800,19541000000,No,4698622800,,19.3750,Yes,2-Year,,No,73698811200,185594830700,159519900,Yes,Note,,,2025-07-28T11:34:48,A_20250724_3.xml,R_20250728_2.xml,,,,,
215,91282CNN7,2025-07-31T00:00:00,Note,5-Year,2030-07-31T00:00:00,3.875000,,,2025-07-24T00:00:00,2025-07-28,2025,2025-07-31T00:00:00,,,,,67.8,2,,Single-Price,,,,,3.920000,No,,2.31,,No,,No,01:00 PM,12:00 PM,69878752400,3,161873520000,Yes,912821SN6,,,20611000000,26298000000,169149000000,Yes,4000000,4000000,Normal,2026-01-31T00:00:00,No,,,,,99.514725,,3.9830,,40723216400,48310520000,Semi-Annual,,,,,3.800000,2025-07-31T00:00:00,24500000000,10000000,24500000000,100,100,100,100,100,0,24500000000,117282000,Yes,70000000000,,,,5-Year,A_20250724_1.pdf,R_20250728_4.pdf,NCR_20250728_4.pdf,"SPL_20250724_2.pdf, SPL_20250724_1.pdf",99.514725,8544536000,87265000000,No,0-Month,5-Year,AB-2030,4766718600,19541000000,No,4766718600,,19.3750,Yes,5-Year,,No,74766753000,166761520600,26721000,Yes,Note,,,2025-07-28T13:04:14,A_20250724_1.xml,R_20250728_4.xml,,,,,
216,91282CNS6,2025-07-31T00:00:00,Note,10-Year,2035-07-15T00:00:00,1.875000,321.443390,321.097580,2025-07-17T00:00:00,2025-07-24,2025,2025-07-15T00:00:00,,,0.8161000000,99.1168330000,75.33,2,,Single-Price,,,,,1.932000,Yes,2025-07-15T00:00:00,2.41,,No,,No,01:00 PM,12:00 PM,20913221900,3,50618912000,Yes,912821SL0,1982-1984=100,,6682500000,8834500000,169149000000,Yes,0,0,Normal,2026-01-15T00:00:00,No,,,,,99.116833,,1.9850,1.001080,13110655900,16071412000,Semi-Annual,,,,,1.899000,2025-07-31T00:00:00,7350000000,10000000,7350000000,100,100,100,100,100,0,7350000000,86789900,Yes,21000000000,,,,10-Year,A_20250717_4.pdf,R_20250724_3.pdf,NCR_20250724_3.pdf,,99.116833,1120066000,25713000000,No,0-Month,10-Year,D-2035,1430015600,19541000000,No,1430015600,,,Yes,10-Year,2.9196732030,Yes,22430027400,52135717500,14284900,Yes,TIPS,0.815220,99.009902,2025-07-24T13:04:33,A_20250717_4.xml,R_20250724_3.xml,,912834YY8,,2035-07-15T00:00:00,
217,912810UL0,2025-07-31T00:00:00,Bond,19-Year 10-Month,2045-05-15T00:00:00,5.000000,,,2025-07-17T00:00:00,2025-07-23,2025,2025-05-15T00:00:00,10.4619600000,,,,85.3,2,,Single-Price,,,,,4.886000,Yes,2025-05-15T00:00:00,2.79,,No,,No,01:00 PM,12:00 PM,12877685000,3,36102677000,Yes,912803HM8,,32481000000.000000,2814500000,5018000000,169149000000,Yes,0,0,Normal,2025-11-15T00:00:00,No,,,,,100.800466,,4.9350,,8683210000,12207677000,Semi-Annual,,,,,3.880000,2025-07-31T00:00:00,4550000000,10000000,4550000000,100,100,100,100,100,10200000000,4550000000,122325900,Yes,13000000000,,2025-05-15T00:00:00,2025-06-02T00:00:00,20-Year,A_20250717_5.pdf,R_20250723_2.pdf,NCR_20250723_2.pdf,,100.800466,1379975000,18877000000,Yes,10-Month,19-Year,Bonds of May 2045,885247700,19541000000,No,885247700,,25.0000,Yes,20-Year,,No,13885258600,37110250600,48110900,Yes,Bond,,,2025-07-23T13:04:33,A_20250717_5.xml,R_20250723_2.xml,,,,,
218,912810UK2,2025-07-15T00:00:00,Bond,29-Year 10-Month,2055-05-15T00:00:00,4.750000,,,2025-07-03T00:00:00,2025-07-10,2025,2025-05-15T00:00:00,7.8736400000,,,,60.85,2,,Single-Price,,,,,4.838000,Yes,2025-05-15T00:00:00,2.38,,No,,No,01:00 PM,12:00 PM,21973765000,3,52404715000,Yes,912803HL0,,56200000000.000000,6019900000,8108900000,87567000000,Yes,0,0,Normal,2025-11-15T00:00:00,No,,,,,97.817084,,4.8890,,13137015000,15326815000,Semi-Annual,,,,,3.880000,2025-07-15T00:00:00,7700000000,10000000,7700000000,100,100,100,100,100,16500000000,7700000000,26237100,Yes,22000000000,,2025-05-15T00:00:00,2025-05-15T00:00:00,30-Year,A_20250703_4.pdf,R_20250710_3.pdf,NCR_20250710_3.pdf,,97.817084,2816850000,28969000000,Yes,10-Month,29-Year,Bonds of May 2055,2603115300,16359000000,No,2603115300,,23.7500,Yes,30-Year,,No,24603117400,55034067400,9613100,Yes,Bond,,,2025-07-10T13:04:20,A_20250703_4.xml,R_20250710_3.xml,,,,,
219,91282CNC1,2025-07-15T00:00:00,Note,9-Year 10-Month,2035-05-15T00:00:00,4.250000,,,2025-07-03T00:00:00,2025-07-09,2025,2025-05-15T00:00:00,7.0448400000,,,,94.68,2,,Single-Price,,,,,4.310000,Yes,2025-05-15T00:00:00,2.61,,No,,No,01:00 PM,12:00 PM,38897801100,3,101724256000,Yes,912821SB2,,96526000000.000000,9220455100,13968000000,87567000000,Yes,0,0,Normal,2025-11-15T00:00:00,No,,,,,99.101876,,4.3620,,25447656000,31292256000,Semi-Annual,,,,,4.200000,2025-07-15T00:00:00,13650000000,10000000,13650000000,100,100,100,100,100,28400000000,13650000000,102230900,Yes,39000000000,,2025-05-15T00:00:00,2025-05-15T00:00:00,10-Year,A_20250703_5.pdf,R_20250709_2.pdf,NCR_20250709_2.pdf,,99.101876,4229690000,56464000000,Yes,10-Month,9-Year,C-2035,4614613500,16359000000,No,4614613500,,21.2500,Yes,10-Year,,No,43614645500,106441100400,42501900,Yes,Note,,,2025-07-09T13:04:03,A_20250703_5.xml,R_20250709_2.xml,,,,,
220,91282CNM9,2025-07-15T00:00:00,Note,3-Year,2028-07-15T00:00:00,3.875000,,,2025-07-03T00:00:00,2025-07-08,2025,2025-07-15T00:00:00,,,,,19.35,2,,Single-Price,,,,,3.836000,No,,2.51,,No,,No,01:00 PM,12:00 PM,57844579000,3,145380070000,Yes,912821SK2,,,16992784000,22376000000,87567000000,Yes,5000000,5000000,Normal,2026-01-15T00:00:00,No,,,,,99.955106,,3.8910,,31302095000,41729070000,Semi-Annual,,,,,3.700000,2025-07-15T00:00:00,20300000000,10000000,20300000000,100,100,100,100,100,0,20300000000,150439300,Yes,58000000000,,,,3-Year,A_20250703_1.pdf,R_20250708_3.pdf,NCR_20250708_3.pdf,,99.955106,9549700000,81275000000,No,0-Month,3-Year,AQ-2028,6862758600,16359000000,No,6862758600,,19.3750,Yes,3-Year,,No,64862776900,152398267900,55511300,Yes,Note,,,2025-07-08T13:03:12,A_20250703_1.xml,R_20250708_3.xml,,912834YX0,,2028-07-15T00:00:00,
221,91282CNJ6,2025-06-30T00:00:00,Note,7-Year,2032-06-30T00:00:00,4.000000,,,2025-06-18T00:00:00,2025-06-26,2025,2025-06-30T00:00:00,,,,,2.43,2,,Single-Price,,,,,3.960000,No,,2.53,,No,,No,01:00 PM,12:00 PM,43935954500,3,111281455000,Yes,912821SJ5,,,5104800000,10147100000,102812000000,Yes,0,0,Normal,2025-12-31T00:00:00,No,,,,,99.866934,,4.0220,,33716042000,39455355000,Semi-Annual,,,,,3.900000,2025-06-30T00:00:00,15400000000,10000000,15400000000,100,100,100,100,100,0,15400000000,64045700,Yes,44000000000,,,,7-Year,A_20250618_2.pdf,R_20250626_3.pdf,NCR_20250626_3.pdf,SPL_20250624_2.pdf,99.866934,5115112500,61679000000,No,0-Month,7-Year,M-2032,4378592000,26346000000,No,4378592000,,20.0000,Yes,7-Year,,No,48378592200,115724092700,19332700,Yes,Note,,,2025-06-26T13:04:03,A_20250618_2.xml,R_20250626_3.xml,,912834YW2,,2032-06-30T00:00:00,
222,91282CNK3,2025-06-30T00:00:00,Note,5-Year,2030-06-30T00:00:00,3.875000,,,2025-06-18T00:00:00,2025-06-25,2025,2025-06-30T00:00:00,,,,,6.32,2,,Single-Price,,,,,3.819000,No,,2.36,,No,,No,01:00 PM,12:00 PM,69900930400,3,164874972000,Yes,912821SH9,,,17080558400,22593800000,102812000000,Yes,5000000,5000000,Normal,2025-12-31T00:00:00,No,,,,,99.981978,,3.8790,,45211732000,53622172000,Semi-Annual,,,,,3.700000,2025-06-30T00:00:00,24500000000,10000000,24500000000,100,100,100,100,100,0,24500000000,94148600,Yes,70000000000,,,,5-Year,A_20250618_4.pdf,R_20250625_3.pdf,NCR_20250625_3.pdf,SPL_20250618_1.pdf,99.981978,7608640000,88659000000,No,0-Month,5-Year,AA-2030,6965941900,26346000000,No,6965941900,,19.3750,Yes,5-Year,,No,76966020900,171940062500,43738600,Yes,Note,,,2025-06-25T13:03:58,A_20250618_4.xml,R_20250625_3.xml,,,,,
223,91282CMX6,2025-06-27T00:00:00,Note,1-Year 10-Month,2027-04-30T00:00:00,,,,2025-06-18T00:00:00,2025-06-25,2025,2025-04-30T00:00:00,,0.7180115520,,,65.53,2,,Single-Price,,,,0.135000,,Yes,2025-04-30T00:00:00,2.79,,No,,No,11:30 AM,11:00 AM,27982908000,3,78117000000,Yes,,,60044000000.000000,250000000,1750000000,0,Yes,0,0,Normal,2025-07-31T00:00:00,Yes,2025-06-23T00:00:00,4.195000,,,100.00238,0.157000,,,12761908000,13746000000,Quarterly,,,,0.080000,,2025-06-27T00:00:00,9800000000,10000000,9800000000,100,,100,100,100,20300000000,9800000000,17121900,Yes,28000000000,,2025-04-30T00:00:00,2025-04-30T00:00:00,2-Year,A_20250618_3.pdf,R_20250625_2.pdf,NCR_20250625_2.pdf,,100.00238,14971000000,62621000000,Yes,10-Month,1-Year,BB-2027,0,0,No,0,0.1600,,No,2-Year,,No,28000029900,78134121900,1608900,Yes,FRN,,,2025-06-25T11:34:06,A_20250618_3.xml,R_20250625_2.xml,,,,,
224,91282CNL1,2025-06-30T00:00:00,Note,2-Year,2027-06-30T00:00:00,3.750000,,,2025-06-18T00:00:00,2025-06-24,2025,2025-06-30T00:00:00,,,,,4.18,2,,Single-Price,,,,,3.730000,No,,2.58,,No,,No,01:00 PM,12:00 PM,68694945000,3,177442495000,Yes,912821SG1,,,18085000000,23976000000,102812000000,Yes,5000000,5000000,Normal,2025-12-31T00:00:00,No,,,,,99.931283,,3.7860,,41561495000,54133495000,Semi-Annual,,,,,3.600000,2025-06-30T00:00:00,24150000000,10000000,24150000000,100,100,100,100,100,0,24150000000,300073700,Yes,69000000000,,,,2-Year,A_20250618_5.pdf,R_20250624_2.pdf,NCR_20250624_2.pdf,,99.931283,9048450000,99333000000,No,0-Month,2-Year,BD-2027,6866428500,26346000000,No,6866428500,,18.7500,Yes,2-Year,,No,75866447200,184613997200,125905700,Yes,Note,,,2025-06-24T13:04:06,A_20250618_5.xml,R_20250624_2.xml,,,,,
225,91282CNB3,2025-06-30T00:00:00,Note,4-Year 10-Month,2030-04-15T00:00:00,1.625000,320.761800,318.329470,2025-06-12T00:00:00,2025-06-17,2025,2025-04-15T00:00:00,,,3.4001000000,100.6467390000,93.57,2,,Single-Price,,,,,1.607000,Yes,2025-04-15T00:00:00,2.53,,No,,No,01:00 PM,12:00 PM,22946760900,3,58182624000,Yes,912821RW7,1982-1984=100,26711000000.000000,4319000000,5919000000,102812000000,Yes,0,0,Normal,2025-10-15T00:00:00,No,,,,,100.646739,,1.6500,1.007640,17123940400,22375624000,Semi-Annual,,,,,1.560000,2025-06-30T00:00:00,8050000000,10000000,8050000000,100,100,100,100,100,8800000000,8050000000,53323300,Yes,23000000000,,2025-04-15T00:00:00,2025-04-30T00:00:00,5-Year,A_20250612_2.pdf,R_20250617_2.pdf,NCR_20250617_2.pdf,,100.646739,1503820500,29888000000,Yes,10-Month,4-Year,X-2030,2288809400,26346000000,No,2288809400,,,Yes,5-Year,2.5523869970,Yes,25288893600,60524756700,15871300,Yes,TIPS,3.374320,99.883628,2025-06-17T13:04:15,A_20250612_2.xml,R_20250617_2.xml,,,,,
226,912810UL0,2025-06-30T00:00:00,Bond,19-Year 11-Month,2045-05-15T00:00:00,5.000000,,,2025-06-12T00:00:00,2025-06-16,2025,2025-05-15T00:00:00,6.2500000000,,,,17.96,2,,Single-Price,,,,,4.880000,Yes,2025-05-15T00:00:00,2.68,,No,,No,01:00 PM,12:00 PM,12912616400,3,34725112000,Yes,912803HM8,,18189000000.000000,2567500000,4109000000,102812000000,Yes,0,0,Normal,2025-11-15T00:00:00,No,,,,,100.717496,,4.9420,,8618112000,11807112000,Semi-Annual,,,,,3.880000,2025-06-30T00:00:00,4550000000,10000000,4550000000,100,100,100,100,100,5600000000,4550000000,87386300,Yes,13000000000,,2025-05-15T00:00:00,2025-06-02T00:00:00,20-Year,A_20250612_1.pdf,R_20250616_3.pdf,NCR_20250616_3.pdf,,100.717496,1727004400,18809000000,Yes,11-Month,19-Year,Bonds of May 2045,1293674900,26346000000,No,1293674900,,25.0000,Yes,20-Year,,No,14293677600,36106173200,41575300,Yes,Bond,,,2025-06-16T13:03:56,A_20250612_1.xml,R_20250616_3.xml,,,,,
227,912810UK2,2025-06-16T00:00:00,Bond,29-Year 11-Month,2055-05-15T00:00:00,4.750000,,,2025-06-05T00:00:00,2025-06-12,2025,2025-05-15T00:00:00,4.1304300000,,,,3.08,2,,Single-Price,,,,,4.800000,Yes,2025-05-15T00:00:00,2.43,,No,,No,01:00 PM,12:00 PM,21965397000,3,53415277000,Yes,912803HL0,,33805000000.000000,5145200000,7780700000,43999000000,Yes,0,0,Normal,2025-11-15T00:00:00,No,,,,,98.514927,,4.8440,,14313193000,17290577000,Semi-Annual,,,,,4.700000,2025-06-15T00:00:00,7700000000,10000000,7700000000,100,100,100,100,100,8800000000,7700000000,34615700,Yes,22000000000,,2025-05-15T00:00:00,2025-05-15T00:00:00,30-Year,A_20250605_4.pdf,R_20250612_3.pdf,NCR_20250612_3.pdf,,98.514927,2507004000,28344000000,Yes,11-Month,29-Year,Bonds of May 2055,395645000,2587000000,No,395645000,,23.7500,Yes,30-Year,,No,22395657700,53845537700,10757700,Yes,Bond,,,2025-06-12T13:04:14,A_20250605_4.xml,R_20250612_3.xml,,,,,
228,91282CNC1,2025-06-16T00:00:00,Note,9-Year 11-Month,2035-05-15T00:00:00,4.250000,,,2025-06-05T00:00:00,2025-06-11,2025,2025-05-15T00:00:00,3.6956500000,,,,30.58,2,,Single-Price,,,,,4.378000,Yes,2025-05-15T00:00:00,2.52,,No,,No,01:00 PM,12:00 PM,38875284000,3,98123554000,Yes,912821SB2,,56825000000.000000,7962750000,12106000000,43999000000,Yes,0,0,Normal,2025-11-15T00:00:00,No,,,,,98.632744,,4.4210,,27429054000,33340554000,Semi-Annual,,,,,4.320000,2025-06-15T00:00:00,13650000000,10000000,13650000000,100,100,100,100,100,14700000000,13650000000,124721100,Yes,39000000000,,2025-05-15T00:00:00,2025-05-15T00:00:00,10-Year,A_20250605_1.pdf,R_20250611_2.pdf,NCR_20250611_2.pdf,,98.632744,3483480000,52677000000,Yes,11-Month,9-Year,C-2035,701370600,2587000000,No,701370600,,21.2500,Yes,10-Year,,No,39701375700,98949645700,66264100,Yes,Note,,,2025-06-11T13:04:41,A_20250605_1.xml,R_20250611_2.xml,,,,,
229,91282CNH0,2025-06-16T00:00:00,Note,3-Year,2028-06-15T00:00:00,3.875000,,,2025-06-05T00:00:00,2025-06-10,2025,2025-06-15T00:00:00,0.1058700000,,,,63.05,2,,Single-Price,,,,,3.919000,Yes,2025-06-15T00:00:00,2.52,,No,,No,01:00 PM,12:00 PM,57852154000,3,145779130000,Yes,912821SF3,,,10430000000,15358000000,43999000000,Yes,5000000,5000000,Normal,2025-12-15T00:00:00,No,,,,,99.728229,,3.9720,,38635435000,48573130000,Semi-Annual,,,,,3.870000,2025-06-15T00:00:00,20300000000,10000000,20300000000,100,100,100,100,100,0,20300000000,142849200,Yes,58000000000,,,,3-Year,A_20250605_7.pdf,R_20250610_3.pdf,NCR_20250610_3.pdf,,99.728229,8786719000,81848000000,No,0-Month,3-Year,AP-2028,1043064200,2587000000,No,1043064200,,19.3750,Yes,3-Year,,No,59043067400,146970043400,54097200,Yes,Note,,,2025-06-10T13:04:02,A_20250605_7.xml,R_20250610_3.xml,,912834YV4,,2028-06-15T00:00:00,
230,91282CNF4,2025-06-02T00:00:00,Note,7-Year,2032-05-31T00:00:00,4.125000,,,2025-05-22T00:00:00,2025-05-29,2025,2025-05-31T00:00:00,0.2254100000,,,,55.87,2,,Single-Price,,,,,4.144000,Yes,2025-05-31T00:00:00,2.69,,No,,No,01:00 PM,12:00 PM,43834565500,3,118405868000,Yes,912821SE6,,,10360571300,17404900000,104542000000,Yes,83000000,83000000,Normal,2025-11-30T00:00:00,No,,,,,99.58499,,4.1940,,31350156700,39218968000,Semi-Annual,,,,,4.000000,2025-05-31T00:00:00,15400000000,10000000,15400000000,100,100,100,100,100,0,15400000000,82476800,Yes,44000000000,,,,7-Year,A_20250522_1.pdf,R_20250529_3.pdf,NCR_20250529_3.pdf,,99.58499,2123837500,61782000000,No,0-Month,7-Year,L-2032,6023666700,29152000000,No,6023666700,,20.6250,Yes,7-Year,,No,50023709000,124595011500,31760800,Yes,Note,,,2025-05-29T13:05:02,A_20250522_1.xml,R_20250529_3.xml,,912834YU6,,2032-05-31T00:00:00,
231,91282CNG2,2025-06-02T00:00:00,Note,5-Year,2030-05-31T00:00:00,4.000000,,,2025-05-22T00:00:00,2025-05-28,2025,2025-05-31T00:00:00,0.2185800000,,,,23.12,2,,Single-Price,,,,,4.010000,Yes,2025-05-31T00:00:00,2.39,,No,,No,01:00 PM,12:00 PM,69880539000,3,167252785000,Yes,912821SD8,,,8660750000,14995000000,104542000000,Yes,5000000,5000000,Normal,2025-11-30T00:00:00,No,,,,,99.681589,,4.0710,,54765969000,62178785000,Semi-Annual,,,,,3.940000,2025-05-31T00:00:00,24500000000,10000000,24500000000,100,100,100,100,100,0,24500000000,114467200,Yes,70000000000,,,,5-Year,A_20250522_7.pdf,R_20250528_3.pdf,NCR_20250528_3.pdf,SPL_20250522_2.pdf,99.681589,6453820000,90079000000,No,0-Month,5-Year,Z-2030,9583106300,29152000000,No,9583106300,,20.0000,Yes,5-Year,,No,79583112500,176955358500,42761200,Yes,Note,,,2025-05-28T13:07:29,A_20250522_7.xml,R_20250528_3.xml,,,,,
232,91282CMX6,2025-05-30T00:00:00,Note,1-Year 11-Month,2027-04-30T00:00:00,,,,2025-05-22T00:00:00,2025-05-28,2025,2025-04-30T00:00:00,,0.3719567650,,,57.11,2,,Single-Price,,,,0.124000,,Yes,2025-04-30T00:00:00,2.95,,No,,No,11:30 AM,11:00 AM,27978551500,3,82439000000,Yes,,,32054000000.000000,550000000,1800000000,0,Yes,0,0,Normal,2025-07-31T00:00:00,Yes,2025-05-19T00:00:00,4.285000,,,100.026794,0.144000,,,17653724000,20964000000,Quarterly,,,,0.090000,,2025-05-30T00:00:00,9800000000,10000000,9800000000,100,,100,100,100,10500000000,9800000000,21452600,Yes,28000000000,,2025-04-30T00:00:00,2025-04-30T00:00:00,2-Year,A_20250522_3.pdf,R_20250528_2.pdf,NCR_20250528_1.pdf,,100.026794,9774827500,59675000000,Yes,11-Month,1-Year,BB-2027,0,0,No,0,0.1600,,No,2-Year,,No,28000004100,82460452600,13419600,Yes,FRN,,,2025-05-28T11:34:02,A_20250522_3.xml,R_20250528_2.xml,,,,,
233,91282CNE7,2025-06-02T00:00:00,Note,2-Year,2027-05-31T00:00:00,3.875000,,,2025-05-22T00:00:00,2025-05-27,2025,2025-05-31T00:00:00,0.2117500000,,,,90.4,2,,Single-Price,,,,,3.900000,Yes,2025-05-31T00:00:00,2.57,,No,,No,01:00 PM,12:00 PM,68692183000,3,176843805000,Yes,912821SC0,,,17986500000,25100050000,104542000000,Yes,5000000,5000000,Normal,2025-11-30T00:00:00,No,,,,,99.847598,,3.9550,,43508755000,58591755000,Semi-Annual,,,,,3.850000,2025-05-31T00:00:00,24150000000,10000000,24150000000,100,100,100,100,100,0,24150000000,302821900,Yes,69000000000,,,,2-Year,A_20250522_6.pdf,R_20250527_3.pdf,NCR_20250527_3.pdf,SPL_20250522_1.pdf,99.847598,7196928000,93152000000,No,0-Month,2-Year,BC-2027,9446204800,29152000000,No,9446204800,,19.3750,Yes,2-Year,,No,78446209700,186597831700,137275200,Yes,Note,,,2025-05-27T13:04:00,A_20250522_6.xml,R_20250527_3.xml,,,,,
234,91282CML2,2025-05-30T00:00:00,Note,9-Year 8-Month,2035-01-15T00:00:00,2.125000,319.752740,315.586770,2025-05-15T00:00:00,2025-05-22,2025,2025-01-15T00:00:00,,,8.0293300000,100.4875110000,37.79,2,,Single-Price,,,,,2.135000,Yes,2025-01-15T00:00:00,2.36,,No,,No,01:00 PM,12:00 PM,17921150200,3,42420210000,Yes,912821RG2,1982-1984=100,39642000000.000000,2992000000,4192000000,0,Yes,0,0,Normal,2025-07-15T00:00:00,No,,,,,100.487511,,2.2200,1.013200,12794028700,14635210000,Semi-Annual,,,,,2.070000,2025-05-30T00:00:00,6300000000,10000000,6300000000,100,100,100,100,100,13300000000,6300000000,78868200,Yes,18000000000,,2025-01-15T00:00:00,2025-01-31T00:00:00,10-Year,A_20250515_1.pdf,R_20250522_3.pdf,NCR_20250522_3.pdf,,100.487511,2135121500,23593000000,Yes,8-Month,9-Year,A-2035,0,0,No,0,,,Yes,10-Year,3.3667444300,Yes,18000018400,42499078200,27752200,Yes,TIPS,7.924720,99.178357,2025-05-22T13:04:23,A_20250515_1.xml,R_20250522_3.xml,,,,,
235,912810UL0,2025-06-02T00:00:00,Bond,20-Year,2045-05-15T00:00:00,5.000000,,,2025-05-15T00:00:00,2025-05-21,2025,2025-05-15T00:00:00,2.4456500000,,,,41.02,2,,Single-Price,,,,,4.974000,Yes,2025-05-15T00:00:00,2.46,,No,,No,01:00 PM,12:00 PM,15784555100,3,39172912000,Yes,912803HM8,,,2221300000,3626300000,104542000000,Yes,0,0,Normal,2025-11-15T00:00:00,No,,,,,99.407798,,5.0470,,10894000100,13192612000,Semi-Annual,,,,,4.900000,2025-05-31T00:00:00,5600000000,10000000,5600000000,100,100,100,100,100,0,5600000000,215459800,Yes,16000000000,,,,20-Year,A_20250515_4.pdf,R_20250521_2.pdf,NCR_20250521_2.pdf,,99.407798,2669255000,22354000000,No,0-Month,20-Year,Bonds of May 2045,2190424200,29152000000,No,2190424200,,25.0000,Yes,20-Year,,No,18190439100,41578796000,56836800,Yes,Bond,,,2025-05-21T13:04:23,A_20250515_4.xml,R_20250521_2.xml,,,,,
236,912810UK2,2025-05-15T00:00:00,Bond,30-Year,2055-05-15T00:00:00,4.750000,,,2025-04-30T00:00:00,2025-05-08,2025,2025-05-15T00:00:00,,,,,24.05,2,,Single-Price,,,,,4.749000,No,,2.31,,No,,No,01:00 PM,12:00 PM,24916150000,3,57775443000,Yes,912803HL0,,,6778900000,9023900000,94183000000,Yes,0,0,Normal,2025-11-15T00:00:00,No,,,,,98.911312,,4.8190,,14669592500,17137543000,Semi-Annual,,,,,4.677000,2025-05-15T00:00:00,8750000000,10000000,8750000000,100,100,100,100,100,0,8750000000,83873000,Yes,25000000000,,,,30-Year,A_20250430_1.pdf,R_20250508_4.pdf,NCR_20250508_3.pdf,SPL_20250506_1.pdf,98.911312,3467657500,31614000000,No,0-Month,30-Year,Bonds of May 2055,8824824300,47215000000,No,8824824300,,23.7500,Yes,30-Year,,No,33824847300,66684140300,43910000,Yes,Bond,,,2025-05-08T13:03:59,A_20250430_1.xml,R_20250508_4.xml,,912834YT9,,2055-05-15T00:00:00,
237,91282CNC1,2025-05-15T00:00:00,Note,10-Year,2035-05-15T00:00:00,4.250000,,,2025-04-30T00:00:00,2025-05-06,2025,2025-05-15T00:00:00,,,,,92.86,2,,Single-Price,,,,,4.281000,No,,2.6,,No,,No,01:00 PM,12:00 PM,41852615000,3,109230765000,Yes,912821SB2,,,8321500000,13760000000,94183000000,Yes,0,0,Normal,2025-11-15T00:00:00,No,,,,,99.2601,,4.3420,,29794965000,36794765000,Semi-Annual,,,,,4.200000,2025-05-15T00:00:00,14700000000,10000000,14700000000,100,100,100,100,100,0,14700000000,147392100,Yes,42000000000,,,,10-Year,A_20250430_3.pdf,R_20250506_2.pdf,NCR_20250506_2.pdf,,99.2601,3736150000,58676000000,No,0-Month,10-Year,C-2035,14825704800,47215000000,No,14825704800,,21.2500,Yes,10-Year,,No,56825711900,124203861900,76435100,Yes,Note,,,2025-05-06T13:04:02,A_20250430_3.xml,R_20250506_2.xml,,,,,
238,91282CND9,2025-05-15T00:00:00,Note,3-Year,2028-05-15T00:00:00,3.750000,,,2025-04-30T00:00:00,2025-05-05,2025,2025-05-15T00:00:00,,,,,23.89,2,,Single-Price,,,,,3.769000,No,,2.56,,No,,No,01:00 PM,12:00 PM,57734288000,3,147993840000,Yes,912821SA4,,,13688000000,19388000000,94183000000,Yes,155000000,155000000,Normal,2025-11-15T00:00:00,No,,,,,99.79213,,3.8240,,36008840000,46689840000,Semi-Annual,,,,,3.690000,2025-05-15T00:00:00,20300000000,10000000,20300000000,100,100,100,100,100,0,20300000000,110731100,Yes,58000000000,,,,3-Year,A_20250430_2.pdf,R_20250505_3.pdf,NCR_20250505_3.pdf,,99.79213,8037448000,81916000000,No,0-Month,3-Year,AN-2028,20473592400,47215000000,No,20473592400,,18.7500,Yes,3-Year,,No,78473611500,168733163500,53103300,Yes,Note,,,2025-05-05T13:04:05,A_20250430_2.xml,R_20250505_3.xml,,,,,
239,91282CNA5,2025-04-30T00:00:00,Note,7-Year,2032-04-30T00:00:00,4.000000,,,2025-04-17T00:00:00,2025-04-24,2025,2025-04-30T00:00:00,,,,,30.84,2,,Single-Price,,,,,4.065000,No,,2.55,,No,,No,01:00 PM,12:00 PM,43929113000,3,112301837000,Yes,912821RZ0,,,11173500000,19467900000,175787000000,Yes,0,0,Normal,2025-10-31T00:00:00,No,,,,,99.258678,,4.1230,,26049613000,31965937000,Semi-Annual,,,,,3.880000,2025-04-30T00:00:00,15400000000,10000000,15400000000,100,100,100,100,100,0,15400000000,70905900,Yes,44000000000,,,,7-Year,A_20250417_4.pdf,R_20250424_3.pdf,NCR_20250424_3.pdf,,99.258678,6706000000,60868000000,No,0-Month,7-Year,K-2032,3013079700,19508000000,No,3013079700,,20.0000,Yes,7-Year,,No,47013098600,115385822600,25546900,Yes,Note,,,2025-04-24T13:04:14,A_20250417_4.xml,R_20250424_3.xml,,912834YS1,,2032-04-30T00:00:00,
240,91282CMX6,2025-04-30T00:00:00,Note,2-Year,2027-04-30T00:00:00,,,,2025-04-17T00:00:00,2025-04-23,2025,2025-04-30T00:00:00,,,,,10.22,2,,Single-Price,,,,0.130000,,No,,2.69,,No,,No,11:30 AM,11:00 AM,29983720000,3,80568000000,Yes,,,,550000000,2050000000,175787000000,Yes,0,0,Normal,2025-07-31T00:00:00,Yes,2025-04-21T00:00:00,4.225000,,,100.0,0.160000,,,14575000000,17075000000,Quarterly,,,,0.090000,,2025-04-30T00:00:00,10500000000,10000000,10500000000,100,,100,100,100,0,10500000000,16512400,Yes,30000000000,,,,2-Year,A_20250417_2.pdf,R_20250423_2.pdf,NCR_20250423_1.pdf,,100.0,14858720000,61443000000,No,0-Month,2-Year,BB-2027,2054372600,19508000000,No,2054372600,0.1600,,No,2-Year,,No,32054605000,82638885000,8389400,Yes,FRN,,,2025-04-23T11:34:01,A_20250417_2.xml,R_20250423_2.xml,,,,,
241,91282CMZ1,2025-04-30T00:00:00,Note,5-Year,2030-04-30T00:00:00,3.875000,,,2025-04-17T00:00:00,2025-04-23,2025,2025-04-30T00:00:00,,,,,76.41,2,,Single-Price,,,,,3.928000,No,,2.41,,No,,No,01:00 PM,12:00 PM,69884341800,3,168300632000,Yes,912821RY3,,,17362633800,25521000000,175787000000,Yes,5000000,5000000,Normal,2025-10-31T00:00:00,No,,,,,99.460974,,3.9950,,44753632000,53759632000,Semi-Annual,,,,,3.800000,2025-04-30T00:00:00,24500000000,10000000,24500000000,100,100,100,100,100,0,24500000000,110745200,Yes,70000000000,,,,5-Year,A_20250417_7.pdf,R_20250423_3.pdf,NCR_20250423_3.pdf,SPL_20250417_1.pdf,99.460974,7768076000,89020000000,No,0-Month,5-Year,Y-2030,4793536100,19508000000,No,4793536100,,19.3750,Yes,5-Year,,No,74793623100,173209913300,40643200,Yes,Note,,,2025-04-23T13:04:18,A_20250417_7.xml,R_20250423_3.xml,,,,,
242,91282CMY4,2025-04-30T00:00:00,Note,2-Year,2027-04-30T00:00:00,3.750000,,,2025-04-17T00:00:00,2025-04-22,2025,2025-04-30T00:00:00,,,,,77.99,2,,Single-Price,,,,,3.740000,No,,2.52,,No,,No,01:00 PM,12:00 PM,68639526300,3,173174710000,Yes,912821RX5,,,20646000000,26496000000,175787000000,Yes,100000000,100000000,Normal,2025-10-31T00:00:00,No,,,,,99.914113,,3.7950,,38561700000,52112710000,Semi-Annual,,,,,2.880000,2025-04-30T00:00:00,24150000000,10000000,24150000000,100,100,100,100,100,0,24150000000,260484000,Yes,69000000000,,,,2-Year,A_20250417_3.pdf,R_20250422_2.pdf,NCR_20250422_2.pdf,,99.914113,9431826300,94566000000,No,0-Month,2-Year,BA-2027,4725057000,19508000000,No,4725057000,,18.7500,Yes,2-Year,,No,73725067300,178260251000,124482000,Yes,Note,,,2025-04-22T13:04:03,A_20250417_3.xml,R_20250422_2.xml,,,,,
243,91282CNB3,2025-04-30T00:00:00,Note,5-Year,2030-04-15T00:00:00,1.625000,319.034970,318.329470,2025-04-10T00:00:00,2025-04-17,2025,2025-04-15T00:00:00,,,0.6674600000,99.8559730000,10.41,2,,Single-Price,,,,,1.615000,Yes,2025-04-15T00:00:00,2.28,,No,,No,11:30 AM,11:00 AM,24831252000,3,56851432000,Yes,912821RW7,1982-1984=100,,4412000000,6087000000,175787000000,Yes,0,0,Normal,2025-10-15T00:00:00,No,,,,,99.855973,,1.7020,1.002220,15934432000,18583432000,Semi-Annual,,,,,1.582000,2025-04-30T00:00:00,8750000000,10000000,8750000000,100,100,100,100,100,0,8750000000,168760700,Yes,25000000000,,,,5-Year,A_20250415_4.pdf,R_20250417_3.pdf,NCR_20250417_3.pdf,SPL_20250415_1.pdf,99.855973,4484820000,32181000000,No,0-Month,5-Year,X-2030,1711977100,19508000000,No,1711977100,,,Yes,5-Year,2.5523869970,Yes,26711989800,58732169800,41161700,Yes,TIPS,0.665980,99.634784,2025-04-17T11:33:55,A_20250415_4.xml,R_20250417_3.xml,,,,,
244,912810UJ5,2025-04-30T00:00:00,Bond,19-Year 10-Month,2045-02-15T00:00:00,4.750000,,,2025-04-10T00:00:00,2025-04-16,2025,2025-02-15T00:00:00,9.7099400000,,,,6.47,2,,Single-Price,,,,,4.750000,Yes,2025-02-15T00:00:00,2.63,,No,,No,01:00 PM,12:00 PM,12883615500,3,34070634000,Yes,912803HJ5,,30985000000.000000,1587646500,3074000000,175787000000,Yes,0,0,Normal,2025-08-15T00:00:00,No,,,,,99.225787,,4.8100,,9106734000,12365634000,Semi-Annual,,,,,3.880000,2025-04-30T00:00:00,4550000000,10000000,4550000000,100,100,100,100,100,10200000000,4550000000,116395300,Yes,13000000000,,2025-02-15T00:00:00,2025-02-28T00:00:00,20-Year,A_20250410_5.pdf,R_20250416_2.pdf,NCR_20250416_2.pdf,,99.225787,2189235000,18631000000,Yes,10-Month,19-Year,Bonds of February 2045,890228100,19508000000,No,890228100,,23.7500,Yes,20-Year,,No,13890238900,35077257400,41753300,Yes,Bond,,,2025-04-16T13:04:16,A_20250410_5.xml,R_20250416_2.xml,,,,,
245,912810UG1,2025-04-15T00:00:00,Bond,29-Year 10-Month,2055-02-15T00:00:00,4.625000,,,2025-04-03T00:00:00,2025-04-10,2025,2025-02-15T00:00:00,7.5379800000,,,,9.47,2,,Single-Price,,,,,4.730000,Yes,2025-02-15T00:00:00,2.43,,No,,No,01:00 PM,12:00 PM,21962662700,3,53530031500,Yes,912803HH9,,54230000000.000000,5671321700,9132200000,78243000000,Yes,0,0,Normal,2025-08-15T00:00:00,No,,,,,97.026877,,4.8130,,13590553000,16472831500,Semi-Annual,,,,,3.880000,2025-04-15T00:00:00,7700000000,10000000,7700000000,100,100,100,100,100,16500000000,7700000000,37353300,Yes,22000000000,,2025-02-15T00:00:00,2025-02-18T00:00:00,30-Year,A_20250403_2.pdf,R_20250410_3.pdf,NCR_20250410_3.pdf,,97.026877,2700788000,27925000000,Yes,10-Month,29-Year,Bonds of February 2055,3672020400,22543000000,No,3672020400,,23.1250,Yes,30-Year,,No,25672036400,57239405200,11501300,Yes,Bond,,,2025-04-10T13:04:26,A_20250403_2.xml,R_20250410_3.xml,,,,,
246,91282CMM0,2025-04-15T00:00:00,Note,9-Year 10-Month,2035-02-15T00:00:00,4.625000,,,2025-04-03T00:00:00,2025-04-09,2025,2025-02-15T00:00:00,7.5379800000,,,,59.99,2,,Single-Price,,,,,4.340000,Yes,2025-02-15T00:00:00,2.67,,No,,No,01:00 PM,12:00 PM,38903827000,3,103847415000,Yes,912821RM9,,93197000000.000000,546000000,7792000000,78243000000,Yes,0,0,Normal,2025-08-15T00:00:00,No,,,,,101.490492,,4.4350,,34194897500,43071415000,Semi-Annual,,,,,2.880000,2025-04-15T00:00:00,13650000000,10000000,13650000000,100,100,100,100,100,28400000000,13650000000,96191800,Yes,39000000000,,2025-02-15T00:00:00,2025-02-18T00:00:00,10-Year,A_20250403_7.pdf,R_20250409_2.pdf,NCR_20250409_2.pdf,,101.490492,4162929500,52984000000,Yes,10-Month,9-Year,B-2035,6509490900,22543000000,No,6509490900,,23.1250,Yes,10-Year,,No,45509509700,110453097700,42276900,Yes,Note,,,2025-04-09T13:04:00,A_20250403_7.xml,R_20250409_2.xml,,,,,
247,91282CMW8,2025-04-15T00:00:00,Note,3-Year,2028-04-15T00:00:00,3.750000,,,2025-04-03T00:00:00,2025-04-08,2025,2025-04-15T00:00:00,,,,,38.62,2,,Single-Price,,,,,3.700000,No,,2.47,,No,,No,01:00 PM,12:00 PM,57790487000,3,143017540000,Yes,912821RV9,,,3606100000,11461600000,78243000000,Yes,105000000,105000000,Normal,2025-10-15T00:00:00,No,,,,,99.904428,,3.7840,,42204940000,51376940000,Semi-Annual,,,,,3.640000,2025-04-15T00:00:00,20300000000,10000000,20300000000,100,100,100,100,100,0,20300000000,104526900,Yes,58000000000,,,,3-Year,A_20250403_6.pdf,R_20250408_2.pdf,NCR_20250408_2.pdf,,99.904428,11979447000,80179000000,No,0-Month,3-Year,AM-2028,9680781300,22543000000,No,9680781300,,18.7500,Yes,3-Year,,No,67680795200,152907848200,55060900,Yes,Note,,,2025-04-08T13:04:05,A_20250403_6.xml,R_20250408_2.xml,,912834YR3,,2028-04-15T00:00:00,
248,91282CMT5,2025-03-31T00:00:00,Note,7-Year,2032-03-31T00:00:00,4.125000,,,2025-03-20T00:00:00,2025-03-27,2025,2025-03-31T00:00:00,,,,,8.03,2,,Single-Price,,,,,4.177000,No,,2.53,,No,,No,01:00 PM,12:00 PM,43917667200,3,111418998000,Yes,912821RU1,,,11476200000,15916700000,97343000000,Yes,0,0,Normal,2025-09-30T00:00:00,No,,,,,99.351591,,4.2330,,26877452200,33917298000,Semi-Annual,,,,,4.100000,2025-03-31T00:00:00,15400000000,10000000,15400000000,100,100,100,100,100,0,15400000000,82344900,Yes,44000000000,,,,7-Year,A_20250320_3.pdf,R_20250327_3.pdf,NCR_20250327_3.pdf,,99.351591,5564015000,61585000000,No,0-Month,7-Year,J-2032,1299589600,25273000000,No,1299589600,,20.6250,Yes,7-Year,,No,45299601700,112800932500,26662900,Yes,Note,,,2025-03-27T13:04:30,A_20250320_3.xml,R_20250327_3.xml,,912834YQ5,,2032-03-31T00:00:00,
249,91282CMU2,2025-03-31T00:00:00,Note,5-Year,2030-03-31T00:00:00,4.000000,,,2025-03-20T00:00:00,2025-03-26,2025,2025-03-31T00:00:00,,,,,62.95,2,,Single-Price,,,,,4.040000,No,,2.33,,No,,No,01:00 PM,12:00 PM,69765065500,3,162540829000,Yes,912821RT4,,,7652000000,13402000000,97343000000,Yes,100000000,100000000,Normal,2025-09-30T00:00:00,No,,,,,99.552043,,4.1000,,52908549000,60635829000,Semi-Annual,,,,,3.980000,2025-03-31T00:00:00,24500000000,10000000,24500000000,100,100,100,100,100,0,24500000000,134936500,Yes,70000000000,,,,5-Year,A_20250320_2.pdf,R_20250326_3.pdf,NCR_20250326_3.pdf,SPL_20250320_1.pdf,99.552043,9204516500,88503000000,No,0-Month,5-Year,W-2030,2067528900,25273000000,No,2067528900,,20.0000,Yes,5-Year,,No,72067530900,164843294400,50637500,Yes,Note,,,2025-03-26T13:03:55,A_20250320_2.xml,R_20250326_3.xml,,,,,
