date,TP10,RN10,Y10,dbe,dvix,doil,auc_10y,auc_surprise,spot10,f5y5y,f10y10y,f20y10y,gsw_f5y5y,gsw_f10y10y,gsw_f20y10y,otr10,otr20,otr30,real10
2024-01-03,-34.59770772849291,427.4195583128089,392.821850584316,-0.9999999999999787,0.8399999999999999,3.273500727728873,0.0,0.0,391.0,392.00000000000006,451.0,372.99999999999994,399.36000000000007,437.69,431.08000000000004,-6.1799999999999855,6.059999999999999,-14.38000000000006,171.0
2024-01-04,-27.314733851195072,428.3499949588035,401.0352611076084,2.0000000000000018,0.09000000000000163,-0.8118379641932627,0.0,0.0,399.0,401.00000000000006,460.99999999999994,378.9999999999999,408.75999999999993,447.2900000000001,434.9299999999998,-6.400000000000006,6.269999999999953,-14.200000000000035,177.0
2024-01-05,-20.963956017348988,428.14408848023373,407.1801324628847,0.0,-0.7800000000000011,2.213507506857404,0.0,0.0,405.0,408.0,469.00000000000006,388.99999999999994,416.5099999999999,454.9600000000001,442.76,-6.400000000000006,6.630000000000003,-13.07999999999998,183.0
2024-01-08,-22.93277856138695,426.03214778952906,403.0993692281421,0.0,-0.2699999999999996,-4.05405026112895,0.0,0.0,401.0,404.9999999999999,465.00000000000006,385.0,413.2399999999999,452.0799999999999,440.3900000000002,-6.160000000000032,6.3200000000000145,-13.66000000000005,179.0
2024-01-09,-23.91482688953656,427.0178641442004,403.10303725466383,0.0,-0.3200000000000003,1.9095987614353938,18.093084300386813,7.0,401.99999999999994,406.99999999999983,463.99999999999994,388.0,412.71000000000004,452.2799999999999,444.37000000000023,-5.250000000000021,6.230000000000047,-13.510000000000044,180.0
2024-01-10,-21.177361227037387,426.3510352259135,405.1736739988761,0.0,-0.07000000000000028,-1.1944586456728246,37.0,9.666666666666668,404.0,408.9999999999999,466.0,390.0,415.6499999999999,455.74,446.96000000000015,-5.239999999999956,5.659999999999954,-14.07999999999996,182.0
2024-01-11,-22.16195316816946,422.249141626349,400.0871884581795,0.0,-0.25,0.8071293469373408,43.08070666297091,2.0,398.0,405.99999999999994,466.0000000000001,389.9999999999999,413.06,456.12000000000006,455.2900000000001,-5.8800000000000185,5.830000000000002,-15.18000000000006,176.0
2024-01-12,-19.06118454354359,416.45128808037623,397.39010353683267,4.999999999999982,0.2599999999999998,1.0889900160654165,0.0,0.0,396.0,408.0,468.00000000000006,395.99999999999994,414.40000000000003,459.67,463.3899999999999,-4.8799999999999955,6.300000000000061,-14.37999999999997,169.0
2024-01-16,-9.04734650722156,418.41060913236385,409.3632626251423,2.9999999999999805,1.1400000000000006,-0.4259125762457572,0.0,0.0,407.0,419.00000000000006,478.9999999999999,404.0000000000001,427.90000000000015,471.15999999999997,466.72999999999973,-5.659999999999954,5.640000000000001,-14.390000000000036,177.0
2024-01-17,-12.41351681680633,424.6984991558448,412.2849823390385,0.0,0.9499999999999993,0.22005235120898803,21.330614131782042,0.5,409.99999999999994,418.00000000000006,474.0,408.99999999999983,426.59000000000003,468.0199999999999,463.98000000000013,-6.010000000000026,3.819999999999979,-13.510000000000044,180.0
2024-01-18,-6.803989470953729,423.15780402258963,416.3538145516359,4.0000000000000036,-0.6599999999999984,2.0801511375416304,18.0,-13.666666666666668,413.99999999999994,424.0,482.0000000000001,414.9999999999999,432.7399999999999,476.58,471.66000000000014,-5.89000000000004,4.150000000000009,-13.560000000000016,180.0
2024-01-19,-8.11565621605581,425.4344916383235,417.3188354222677,0.0,-0.8300000000000001,-0.8512989726674469,0.0,0.0,415.00000000000006,422.00000000000006,478.9999999999999,414.0000000000002,431.87000000000006,473.83,463.91999999999996,-6.049999999999933,3.4600000000000186,-12.829999999999941,181.0
2024-01-22,-11.92491496434344,424.02866341071484,412.1037484463714,-2.9999999999999805,-0.11000000000000121,2.108168038638336,0.0,0.0,411.00000000000006,418.99999999999994,477.0000000000001,408.0000000000001,426.40000000000003,471.34000000000003,462.71000000000004,-4.889999999999972,4.580000000000073,-13.289999999999935,180.0
2024-01-23,-6.95314375526541,423.50232971038844,416.54918595512305,-2.0000000000000018,-0.6399999999999988,-0.7200991244704191,14.225037848262602,13.166666666666664,413.99999999999994,422.00000000000006,482.0000000000001,418.0,432.6299999999999,477.30999999999995,469.7800000000001,-6.13999999999999,3.6900000000000155,-12.579999999999991,185.0
2024-01-24,-3.1482050025083197,423.8565955331628,420.7083905306545,0.9999999999999787,0.5899999999999999,1.0119926579762684,40.51763826603861,-7.333333333333336,418.0,430.0,485.99999999999994,419.0000000000002,437.26000000000005,480.98,468.5200000000002,-6.270000000000042,3.7199999999999456,-12.549999999999972,188.0
2024-01-25,-4.5415001984967,421.0755987169165,416.5340985184198,-0.9999999999999787,0.3099999999999987,3.1686593842416677,30.552636964746487,3.5,413.99999999999994,427.00000000000006,484.00000000000017,415.99999999999994,434.4200000000001,478.17999999999995,468.49999999999994,-5.880000000000063,4.490000000000016,-12.5,185.0
2024-01-26,-5.10712293925683,423.1594956307778,418.052372691521,0.9999999999999787,-0.1899999999999995,0.6907164836275292,0.0,0.0,415.00000000000006,426.0,483.0000000000001,415.99999999999994,434.39,476.95,466.91,-6.569999999999965,3.9400000000000546,-12.630000000000052,185.0
2024-01-29,-11.81201990463352,420.9704430704913,409.15842316585776,0.0,0.33999999999999986,-1.5414563401186854,0.0,0.0,408.0,418.99999999999994,476.00000000000006,408.99999999999983,424.74000000000007,470.01,463.7299999999999,-4.72999999999999,5.030000000000001,-12.510000000000066,178.0
2024-01-30,-16.69418247145859,424.8756815217171,408.18149905025854,-4.0000000000000036,-0.28999999999999915,1.350068721890274,0.0,0.0,405.99999999999994,411.99999999999994,474.0,404.0000000000001,420.38999999999993,464.5200000000001,459.39999999999986,-6.140000000000079,5.530000000000079,-12.650000000000006,180.0
2024-01-31,-20.6558205894594,420.86815825725176,400.2123376677924,0.0,1.0399999999999991,-2.6136822264539283,0.0,0.0,399.0,407.0000000000001,468.99999999999994,397.99999999999994,413.56,460.64999999999986,461.5599999999999,-4.9900000000000055,6.02999999999998,-13.860000000000028,173.0
2024-02-01,-35.54025190493362,421.2013152875384,385.6610633826048,-6.999999999999984,-0.46999999999999886,-2.5492617878975388,0.0,0.0,387.0,394.00000000000006,455.0,387.99999999999983,396.43,449.1299999999999,464.0600000000002,-3.379999999999983,5.78000000000003,-16.09000000000007,168.0
2024-02-02,-24.56166127021983,428.8710251733543,404.3093639031345,2.0000000000000018,-0.030000000000001137,-2.230171298401995,0.0,0.0,403.0,407.0,462.9999999999999,400.0,413.3800000000001,455.22999999999996,456.6999999999998,-5.579999999999963,4.370000000000029,-13.419999999999987,182.0
2024-02-05,-14.858082003092928,432.8794117269578,418.0213297238649,6.000000000000005,-0.17999999999999972,0.6715573789327856,0.0,0.0,417.0,421.0000000000001,475.0,413.0,427.5899999999999,467.31999999999994,465.34000000000003,-5.360000000000031,4.260000000000019,-12.620000000000076,190.0
2024-02-06,-19.30645031227325,429.24925407608964,409.9428037638164,-2.9999999999999805,-0.6099999999999994,0.8433129412523499,18.788972158094,7.0,409.0,414.99999999999994,468.99999999999994,408.9999999999999,420.0000000000001,462.69,464.87,-5.17000000000003,4.079999999999995,-13.049999999999962,185.0
2024-02-07,-17.90946345566206,429.598252818045,411.6887893623829,-1.000000000000023,-0.23000000000000043,0.5807295677859869,42.0,13.75,409.0,412.0,473.00000000000006,410.9999999999998,421.85000000000014,464.71999999999997,465.92,-6.930000000000014,4.210000000000047,-12.750000000000039,186.0
2024-02-08,-12.27007216420537,431.23560653911665,418.9655343749113,1.000000000000023,-0.040000000000000924,3.193804882186857,51.28655555115584,1.5,415.00000000000006,418.0,478.9999999999999,414.0000000000002,429.64000000000004,469.4899999999999,466.5700000000001,-8.15999999999999,3.9200000000000124,-12.929999999999975,191.0
2024-02-09,-12.63477212980817,432.87279558118195,420.2380234513738,0.9999999999999787,0.14000000000000057,0.7665859667332242,0.0,0.0,417.0,420.0000000000001,479.0000000000001,414.9999999999999,430.09000000000003,469.12,467.4,-7.540000000000013,4.23,-12.629999999999963,192.0
2024-02-12,-12.21973561241025,431.80324219566273,419.5835065832525,-0.9999999999999787,1.0,0.10349289410154228,0.0,0.0,417.0,421.0000000000001,479.0000000000001,414.9999999999999,430.15,470.0899999999999,466.13000000000017,-6.820000000000004,4.2800000000000615,-12.369999999999948,193.0
2024-02-13,-8.40904625550633,441.81354338229727,433.40449712679094,4.999999999999982,1.92,1.2080856348724467,0.0,0.0,430.99999999999994,430.99999999999994,487.0,420.0000000000001,440.63,476.28000000000003,464.62999999999994,-7.30000000000004,3.960000000000008,-12.199999999999989,202.0
2024-02-14,-8.22760376192137,437.837457270356,429.60985350843464,0.9999999999999787,-1.4699999999999989,-1.531857205670395,0.0,0.0,426.99999999999994,428.9999999999999,487.0000000000001,420.9999999999999,438.5699999999998,476.60999999999996,469.6799999999999,-7.200000000000006,4.390000000000072,-12.209999999999965,197.0
2024-02-15,-9.57052534908005,436.5198414879803,426.94931613890026,0.0,-0.370000000000001,1.7742815668210454,0.0,0.0,424.0,426.00000000000017,483.9999999999999,418.0,436.19000000000005,473.2400000000001,461.8,-7.460000000000022,4.319999999999968,-11.329999999999973,194.0
2024-02-16,-8.37189536122764,440.2083458495074,431.83645048827975,3.000000000000025,0.23000000000000043,1.4925650216675912,0.0,0.0,430.0,431.00000000000006,485.99999999999994,419.00000000000006,439.56000000000006,475.67999999999995,454.96,-6.7700000000000315,4.049999999999976,-10.470000000000024,197.0
2024-02-20,-6.858214879544359,436.922013238706,430.06379835916164,-1.000000000000023,1.1799999999999997,-1.1744783612059884,0.0,0.0,426.99999999999994,428.9999999999999,484.99999999999994,420.0000000000003,439.6499999999998,476.6300000000001,458.5099999999999,-7.6500000000000234,2.999999999999936,-11.399999999999988,195.0
2024-02-21,-4.5147765650392895,439.19988049330465,434.68510392826533,2.0000000000000018,-0.08000000000000007,0.21572243630005872,32.89141454266455,3.0,432.0,434.00000000000006,485.99999999999994,429.00000000000017,444.0799999999999,481.34,462.56000000000006,-7.409999999999961,1.2599999999999945,-11.010000000000009,198.0
2024-02-22,-9.00672001304396,443.34865186881285,434.34193185576885,-2.9999999999999805,-0.8000000000000007,0.9462002088997501,18.463159998416103,-15.0,433.0,433.0,483.0,425.0,440.61,477.46999999999986,457.29000000000013,-6.590000000000007,1.6499999999999737,-10.870000000000068,202.0
2024-02-23,-16.40447200429386,442.96518014031,426.56070813601616,-1.000000000000023,-0.7899999999999991,-2.5949052006822626,0.0,0.0,426.0,423.99999999999983,476.0,409.00000000000006,430.93999999999994,468.6400000000001,436.5800000000002,-6.170000000000009,2.5399999999999423,-10.48,196.0
2024-02-26,-16.784953024156028,445.17421118431884,428.3892581601628,1.000000000000023,-0.009999999999999787,1.1913290197609783,50.48177146676909,31.5,428.0,427.0000000000001,478.0,413.9999999999999,431.95000000000005,470.95000000000005,442.17000000000013,-6.1799999999999855,2.4500000000000632,-10.269999999999957,197.0
2024-02-27,-13.20102741934814,444.5041470483635,431.3031196290153,0.9999999999999787,-0.3100000000000005,1.6042787068980324,31.29782323217933,3.5,430.99999999999994,429.9999999999999,483.0000000000001,418.00000000000017,436.21999999999986,476.74,444.03999999999985,-6.040000000000045,2.430000000000021,-9.919999999999973,199.0
2024-02-28,-13.43805477238797,441.48765744469836,428.0496026723104,1.000000000000023,0.41000000000000014,-0.4521484718845947,0.0,0.0,426.99999999999994,427.99999999999994,479.0000000000001,413.9999999999999,434.03999999999996,471.55999999999995,446.21000000000015,-6.3200000000000145,2.740000000000009,-10.809999999999942,194.0
2024-02-29,-15.97785295400857,441.8810095635068,425.9031566094982,0.0,-0.4399999999999995,-0.27732275431464615,0.0,0.0,425.0,424.0,476.9999999999999,412.00000000000017,431.0100000000001,467.7199999999999,442.9400000000001,-6.240000000000023,3.500000000000014,-9.930000000000039,192.0
2024-03-01,-15.72906398892799,435.78142569561965,420.0523617066916,-1.000000000000023,-0.2900000000000009,2.0985031870675463,0.0,0.0,419.00000000000006,421.0000000000001,472.99999999999994,407.0,427.82,463.66,445.02999999999986,-5.719999999999992,4.079999999999995,-10.81000000000003,187.0
2024-03-04,-16.35996215542325,439.14922762213575,422.7892654667125,2.0000000000000018,0.3800000000000008,-1.5320720672171717,0.0,0.0,422.0,422.9999999999999,474.0000000000001,412.0,429.13000000000005,466.69,441.07000000000005,-5.909999999999993,2.9200000000000337,-9.609999999999985,188.0
2024-03-05,-23.948580670979418,437.5745585134494,413.62597784247,-2.0000000000000018,0.9700000000000006,-0.7053814358969568,0.0,0.0,413.0,413.0,465.00000000000006,402.99999999999994,418.50999999999993,456.83999999999986,440.8000000000001,-5.700000000000038,3.449999999999953,-10.850000000000026,181.0
2024-03-06,-30.120602779221166,439.53625433743264,409.4156515582115,-2.0000000000000018,0.03999999999999915,1.2186845973659821,0.0,0.0,411.00000000000006,409.99999999999994,461.00000000000006,400.0,411.8,453.73,440.3099999999998,-3.9200000000000124,4.020000000000046,-10.899999999999999,181.0
2024-03-07,-28.40205584949871,436.1791165291194,407.7770606796207,-2.0000000000000018,-0.0600000000000005,-0.3377325119047647,0.0,0.0,409.0,410.99999999999994,461.00000000000006,405.0,412.2,455.11999999999995,447.1000000000002,-3.8899999999999935,3.7299999999999223,-10.670000000000002,181.0
2024-03-08,-25.79010076687549,433.803116676442,408.0130159095665,0.0,0.3000000000000007,-1.070741476269088,0.0,0.0,409.0,412.0,463.00000000000006,405.99999999999994,414.27,458.0399999999999,446.28999999999996,-3.929999999999989,3.54000000000001,-10.489999999999977,181.0
2024-03-11,-28.733906955374337,436.7538547444378,408.0199477890634,-0.9999999999999787,0.4800000000000004,-0.11404677153263876,19.484860015801186,7.0,409.99999999999994,412.0,462.0,405.99999999999994,412.33000000000015,456.88999999999993,448.1400000000001,-3.2399999999999984,3.8300000000000445,-10.610000000000053,183.0
2024-03-12,-26.187463442670822,440.426476412938,414.23901297026714,2.9999999999999805,-1.3800000000000008,-0.4574922199735987,39.0,4.333333333333336,416.0,417.0,468.00000000000006,408.99999999999983,417.78000000000003,462.0800000000001,449.6199999999999,-3.7499999999999645,3.8299999999999557,-10.73000000000004,186.0
2024-03-13,-24.37232120523251,441.58022932419624,417.20790811896376,0.0,-0.08999999999999986,2.7140753738718715,45.132168885017144,2.333333333333332,419.00000000000006,419.00000000000006,470.9999999999999,415.00000000000006,420.63999999999993,465.17,451.16999999999996,-3.8299999999999557,3.7500000000000533,-9.520000000000017,189.0
2024-03-14,-16.51249502616822,444.70334595781867,428.1908509316504,0.0,0.6500000000000004,1.830180667142045,0.0,0.0,429.0,429.0,479.0,424.0000000000002,432.34000000000003,473.71999999999997,456.34999999999997,-4.830000000000023,2.690000000000037,-9.640000000000004,199.0
2024-03-15,-18.212771468889947,447.3361477570686,429.12337628817863,2.0000000000000018,0.009999999999999787,-0.2681293501577642,0.0,0.0,430.99999999999994,428.9999999999999,479.0000000000001,418.9999999999998,431.4,473.09999999999997,447.95000000000016,-4.20000000000007,3.059999999999974,-9.54000000000006,199.0
2024-03-18,-15.898804367864189,448.032949919213,432.13414555134887,-0.9999999999999787,-0.08000000000000007,2.1012728197887576,0.0,0.0,434.0,431.99999999999994,480.00000000000006,424.0,434.7100000000002,475.04999999999995,452.90999999999997,-4.130000000000056,2.519999999999989,-9.53999999999997,202.99999999999997
2024-03-19,-16.72885419434173,445.74316821676695,429.0143140224252,-1.000000000000023,-0.5099999999999998,0.8448910853262603,21.330614131782042,0.333333333333334,430.0,429.0000000000001,477.99999999999994,424.0000000000002,432.6,471.51999999999987,460.7400000000003,-4.560000000000031,3.139999999999965,-10.089999999999932,200.0
2024-03-20,-14.2575494245575,441.4206474998649,427.16309807530746,1.000000000000023,-0.7800000000000011,-1.9141630019160694,0.0,0.0,426.99999999999994,428.9999999999999,479.0000000000001,428.9999999999999,433.4499999999998,473.24,471.98000000000013,-5.150000000000077,3.0100000000000016,-10.529999999999973,196.0
2024-03-21,-15.143459462449279,442.12922709880263,426.98576763635333,2.9999999999999805,-0.11999999999999922,-0.9709992542628498,16.0,-13.75,426.99999999999994,427.99999999999994,479.0000000000001,426.00000000000006,432.64000000000016,472.9699999999999,468.84000000000015,-5.120000000000058,3.110000000000035,-10.849999999999937,193.0
2024-03-22,-19.90986317575807,440.64999514847176,420.7401319727137,1.000000000000023,0.14000000000000057,-1.0914327486719166,0.0,0.0,422.0,423.99999999999994,472.0,422.99999999999994,425.7400000000001,466.97999999999996,467.96999999999986,-3.840000000000021,3.310000000000013,-10.680000000000067,187.0
2024-03-25,-17.208883543597768,441.35719744516655,424.14831390156877,-2.0000000000000018,0.129999999999999,1.6023827653924627,15.647541633088863,18.0,425.0,426.99999999999994,476.9999999999999,424.0,429.5299999999999,470.52,469.1099999999999,-4.269999999999996,3.8299999999999557,-10.709999999999997,192.0
2024-03-26,-19.41996276429067,441.9591406808435,422.5391779165529,-1.000000000000023,0.05000000000000071,0.0,37.21167618200398,15.0,424.0,426.00000000000017,474.0,421.9999999999999,427.12,468.3400000000001,464.8000000000001,-3.78999999999996,3.5700000000000287,-10.489999999999977,192.0
2024-03-27,-22.40276657447575,440.4744099423217,418.071643367846,0.0,-0.46000000000000085,-0.3159944292014494,38.68136049546805,7.5,420.0,422.00000000000006,470.0,418.00000000000017,422.21999999999997,464.0699999999999,456.8699999999998,-3.3799999999999386,3.8800000000000168,-9.489999999999998,188.0
2024-03-28,-26.57952316822234,443.96986979411696,417.3903466258946,0.0,0.23000000000000043,2.1793650469154713,0.0,0.0,420.0,418.99999999999994,470.0,411.99999999999994,418.96000000000004,463.54999999999995,449.35,-3.3199999999999896,4.100000000000037,-9.879999999999978,188.0
2024-04-01,-17.634967956746898,447.43739168095794,429.80242372421105,3.000000000000025,0.6400000000000006,0.6884300186212222,0.0,0.0,433.0,431.99999999999994,483.0,425.0,432.36000000000007,476.69000000000005,455.4200000000002,-2.909999999999968,4.279999999999973,-8.440000000000047,198.0
2024-04-02,-10.69974140594975,444.8905851939961,434.1908437880464,0.9999999999999787,0.9599999999999991,1.654093669021428,0.0,0.0,436.00000000000006,437.0,486.00000000000006,430.9999999999998,439.37,480.81000000000006,454.23,-3.89999999999997,3.1700000000000728,-7.540000000000013,200.0
2024-04-03,-9.3393255146478,443.4056996285401,434.06637411389227,0.0,-0.27999999999999936,0.31364374901299286,0.0,0.0,436.00000000000006,438.00000000000006,486.00000000000006,430.9999999999998,440.1300000000001,480.28,461.2599999999999,-3.45999999999993,3.680000000000039,-8.450000000000024,200.0
2024-04-04,-12.65673248856975,442.34811765817676,429.69138516960703,-2.0000000000000018,2.0200000000000014,1.3249804991014358,0.0,0.0,430.99999999999994,431.99999999999983,483.0000000000001,426.9999999999999,435.19999999999993,475.9500000000001,458.3200000000002,-4.100000000000037,4.039999999999999,-8.34999999999999,197.0
2024-04-05,-10.43819498617235,446.78266508098596,436.34447009481363,3.000000000000025,-0.3200000000000003,0.36558934812616073,0.0,0.0,438.99999999999994,440.00000000000006,491.0,431.99999999999983,440.9299999999999,484.79,456.8500000000002,-3.3000000000000362,4.180000000000028,-7.500000000000018,202.0
2024-04-08,-11.99295638698831,450.63129764591235,438.6383412589241,0.9999999999999787,-0.8400000000000016,-0.5144926457836263,0.0,0.0,442.0,441.0000000000001,488.0,434.99999999999994,441.03,484.59000000000015,450.78000000000003,-3.0300000000000438,2.57000000000005,-6.650000000000045,204.0
2024-04-09,-15.890420124189749,448.88410875605604,432.9936886318662,-2.0000000000000018,-0.20999999999999908,-1.3850636933899096,20.180747873508373,7.0,436.00000000000006,434.99999999999994,484.0,430.0,434.82000000000005,477.4400000000001,453.44,-3.229999999999933,3.9399999999999658,-6.949999999999967,200.0
2024-04-10,-14.675192124315108,464.60505816969555,449.92986604538044,4.0000000000000036,0.8200000000000003,1.0865902769963576,39.0,12.0,455.0,449.0,496.9999999999999,440.00000000000006,446.02000000000004,491.24,447.9599999999998,-2.6699999999999946,3.3299999999999663,-5.5299999999999905,215.0
2024-04-11,-12.20783975536541,462.75794528616194,450.5501055307965,0.0,-0.8900000000000006,-1.3775757584618908,45.132168885017144,2.333333333333332,455.99999999999994,450.9999999999999,497.99999999999994,441.0000000000001,448.04,497.06,433.2299999999999,-2.2499999999999964,1.699999999999946,-4.0000000000000036,216.0
2024-04-12,-12.906364752794,458.4732252748104,445.5668605220164,-0.9999999999999787,2.3999999999999986,0.7779429654611647,0.0,0.0,450.0,446.0,496.0000000000001,437.0,444.38999999999993,491.21000000000004,448.5799999999999,-2.799999999999958,3.3200000000000784,-6.229999999999958,211.0
2024-04-15,-1.575675482768,459.5247985499717,457.9491230672037,4.0000000000000036,1.9200000000000017,-0.2895699017652298,0.0,0.0,463.0,460.99999999999994,507.0,452.0000000000001,459.6000000000001,506.64,444.82999999999987,-2.0999999999999908,1.7399999999999416,-3.730000000000011,220.00000000000003
2024-04-16,0.34316695730245,462.01786975726276,462.3610367145652,0.0,-0.8300000000000018,-0.06962172478948148,0.0,0.0,467.0,465.00000000000006,508.9999999999999,455.0,463.15,505.39000000000004,462.1999999999998,-2.400000000000002,2.6399999999999757,-5.640000000000001,224.00000000000003
2024-04-17,-7.088686966792319,460.42132069889624,453.33263373210394,-4.0000000000000036,-0.18999999999999773,-3.0285705954169018,21.330614131782042,0.333333333333334,459.0,455.99999999999994,502.99999999999994,451.0000000000002,453.1899999999998,504.9100000000001,440.4099999999997,-1.810000000000045,1.1199999999999655,-3.190000000000026,220.00000000000003
2024-04-18,-3.5768236392376798,463.0414944476439,459.46467080840625,0.9999999999999787,-0.21000000000000085,-0.09576251629592747,12.774157495314798,-36.5,463.99999999999994,459.99999999999994,506.00000000000006,452.0000000000001,458.7200000000001,502.8499999999999,458.9999999999999,-2.800000000000047,2.239999999999931,-5.91999999999997,224.00000000000003
2024-04-19,-5.44979624131087,462.6918912094313,457.2420949681204,1.000000000000023,0.7100000000000009,0.3467036768385334,0.0,0.0,462.0,458.0,503.9999999999999,450.0,456.07000000000005,499.9900000000001,459.1399999999998,-2.550000000000008,2.749999999999986,-5.880000000000063,221.0
2024-04-22,-4.36902917072741,461.93188947222666,457.56286030149926,0.0,-1.7699999999999996,0.03579738717300884,0.0,0.0,462.0,458.0,505.99999999999994,447.99999999999994,457.06000000000006,500.98,459.48999999999984,-2.770000000000028,3.2199999999999562,-6.380000000000052,221.0
2024-04-23,-1.5828145662944701,458.0787847715079,456.49597020521344,0.0,-1.2500000000000018,0.4166920726559553,16.358793525501994,14.333333333333336,461.00000000000006,459.00000000000006,506.99999999999994,451.00000000000006,458.46999999999997,503.55000000000007,458.6899999999998,-2.3699999999999832,3.059999999999974,-5.3899999999999615,220.00000000000003
2024-04-24,3.18747341213612,458.0735621197584,461.2610355318945,0.0,0.28000000000000114,-0.09509093786785883,45.99038956204591,-11.833333333333329,465.00000000000006,466.0,510.99999999999994,458.0000000000001,464.65999999999997,509.04999999999995,460.8200000000001,-3.0100000000000016,2.059999999999995,-4.899999999999949,224.00000000000003
2024-04-25,3.82786434242605,462.331672491303,466.1595368337291,0.9999999999999787,-0.6000000000000014,0.9821982990248834,32.78819576704501,3.5,470.0,470.0,515.9999999999999,460.00000000000034,467.98,511.19999999999993,464.9599999999999,-3.190000000000026,3.0699999999999505,-4.939999999999944,227.99999999999997
2024-04-26,-0.70818765425331,463.13394502730284,462.4257573730495,1.000000000000023,-0.33999999999999986,0.5402244494760566,0.0,0.0,467.0,466.0000000000001,510.99999999999994,456.00000000000006,462.86000000000007,507.2,464.67,-2.6200000000000223,2.8399999999999537,-5.790000000000006,224.00000000000003
2024-04-29,-4.40568957273992,462.0833266339359,457.6776370611959,-2.0000000000000018,-0.35999999999999943,-1.3204624778945018,0.0,0.0,463.0,460.99999999999994,509.00000000000006,452.99999999999994,457.6,505.41,462.99999999999983,-2.0199999999999996,3.390000000000004,-5.579999999999963,222.00000000000003
2024-04-30,-3.7009747298728004,466.5162037628015,462.8152290329287,0.0,0.9800000000000004,-0.9180392344961597,0.0,0.0,469.00000000000006,466.00000000000017,510.99999999999994,456.99999999999983,461.18000000000006,507.9499999999999,463.59000000000015,-1.5199999999999214,3.020000000000067,-5.269999999999975,227.99999999999997
2024-05-01,-3.9336226923877495,461.0573139513679,457.12369125898016,-3.000000000000025,-0.2599999999999998,-3.398828893000605,0.0,0.0,463.0,461.99999999999994,507.0,452.0000000000001,457.7399999999999,503.4200000000002,459.96999999999986,-1.2599999999999945,3.56999999999994,-5.019999999999936,225.0
2024-05-02,-1.04424342010673,454.91141356875653,453.8671701486498,-0.9999999999999787,-0.7100000000000009,-0.13640029394830222,0.0,0.0,458.0,458.9999999999999,506.00000000000006,451.9999999999999,457.91000000000014,502.06000000000006,471.1899999999998,-2.289999999999992,3.5200000000000564,-6.630000000000003,221.0
2024-05-03,-2.74164408629387,449.7320953222359,446.99045123594203,-2.0000000000000018,-1.1899999999999995,-1.1732535980362613,0.0,0.0,450.0,451.99999999999994,500.0,448.0000000000001,452.53999999999996,495.36999999999995,474.8099999999999,-2.8699999999999726,3.680000000000039,-7.430000000000003,215.0
2024-05-06,-7.547097938668119,451.9434188748346,444.3963209361665,0.0,0.0,0.5633817718256218,0.0,0.0,449.0,450.0000000000001,497.00000000000006,445.99999999999983,447.79999999999995,494.4000000000001,462.93999999999994,-1.8299999999999983,3.280000000000083,-5.949999999999989,214.0
2024-05-07,-11.50791507260615,452.9969203252496,441.48900525264344,-3.000000000000025,-0.2599999999999998,-0.1624289730515649,20.180747873508373,5.0,447.0,445.9999999999999,493.00000000000006,443.00000000000017,443.40999999999997,490.48999999999995,459.5500000000001,-1.1200000000000543,3.480000000000061,-5.6999999999999496,215.0
2024-05-08,-8.09844391043821,453.1590374033648,445.0605934929266,-0.9999999999999787,-0.23000000000000043,0.7474807445306375,42.0,11.0,448.00000000000006,446.0000000000001,498.00000000000006,445.99999999999983,447.6799999999999,492.93000000000006,464.54999999999984,-3.5499999999999865,3.4299999999999997,-6.1200000000000365,217.0
2024-05-09,-9.07074068110418,451.47671737737863,442.4059766962745,0.9999999999999787,-0.3100000000000005,0.3592892423520233,51.28655555115584,4.75,445.0,443.00000000000006,495.0,440.00000000000006,445.44999999999993,488.47,470.3100000000001,-3.5800000000000054,4.0000000000000036,-8.24000000000007,213.0
2024-05-10,-7.95500349070863,454.1016720144261,446.14666852371744,2.0000000000000018,-0.1399999999999988,-1.3070454324707548,0.0,0.0,450.0,448.00000000000006,498.0000000000001,443.9999999999998,448.64000000000016,494.4100000000001,462.6500000000002,-2.740000000000009,3.110000000000035,-6.840000000000046,216.0
2024-05-13,-9.321138410268839,453.853960628798,444.53282221852913,-0.9999999999999787,1.049999999999999,1.1213673448363437,0.0,0.0,448.00000000000006,446.0000000000001,495.9999999999999,445.0000000000001,446.78000000000003,492.31,462.0099999999998,-3.109999999999946,2.919999999999945,-6.230000000000047,215.0
2024-05-14,-9.14606464220355,451.18704553157835,442.0409808893748,0.0,-0.17999999999999972,-1.3597165764108965,0.0,0.0,445.0,443.99999999999994,493.00000000000017,438.9999999999998,445.4300000000002,487.09999999999997,468.33,-3.109999999999946,3.790000000000049,-8.21000000000005,212.0
2024-05-15,-13.297257229984979,446.16138614296545,432.86412891298045,-2.0000000000000018,-0.9700000000000006,0.7632192193392839,0.0,0.0,436.00000000000006,437.0,486.00000000000006,433.9999999999999,437.3,479.18,464.5300000000001,-2.5299999999999656,4.72999999999999,-7.220000000000049,204.99999999999997
2024-05-16,-11.72950297868169,448.0026043665415,436.2731013878598,0.0,-0.02999999999999936,0.7698076257550923,0.0,0.0,438.0,435.99999999999994,486.0000000000001,431.99999999999983,438.24999999999983,475.24999999999994,473.5500000000002,-3.5700000000000287,5.4700000000000415,-9.090000000000042,206.99999999999997
2024-05-17,-13.99087469194002,451.66617423942716,437.6752995474871,0.9999999999999787,-0.4299999999999997,0.9968699868314168,0.0,0.0,442.0,440.00000000000006,490.00000000000006,435.9999999999998,439.57,484.9500000000001,456.6899999999999,-2.1600000000000286,4.00999999999998,-6.430000000000025,210.0
2024-05-20,-13.065228163628708,452.49922089509465,439.43399273146593,1.000000000000023,0.16000000000000014,-0.3311870552479057,0.0,0.0,444.00000000000006,442.00000000000006,491.9999999999999,438.00000000000006,441.28999999999985,486.40999999999997,456.7400000000002,-1.9699999999999385,4.3400000000000105,-5.799999999999983,211.0
2024-05-21,-15.39227978010613,451.86543364651504,436.47315386640895,-1.000000000000023,-0.2900000000000009,-0.9009625893728668,0.0,0.0,441.0,439.00000000000006,488.99999999999994,434.99999999999994,438.1500000000001,485.45000000000005,450.8499999999998,-2.1099999999999675,3.4400000000000652,-6.00000000000005,209.0
2024-05-22,-19.44493233126616,455.9895873981077,436.54465506684153,1.000000000000023,0.4299999999999997,-1.889800311820089,26.25306354680867,0.0,443.0,438.99999999999994,483.0,439.00000000000006,435.52000000000015,485.22999999999996,441.4499999999999,-0.7500000000000284,1.1499999999999844,-4.4800000000000395,210.0
2024-05-23,-9.41417915095161,454.73967239196827,445.3254932410166,-3.000000000000025,0.4800000000000004,-2.14540216832102,15.357726867712028,1.0,447.0,442.0,487.0000000000001,440.00000000000006,444.42,478.5099999999999,471.95000000000016,-4.170000000000051,3.279999999999994,-8.589999999999964,217.0
2024-05-24,-8.26070840877779,453.912612738351,445.65190432957326,2.0000000000000018,-0.8399999999999999,1.2953050613297101,0.0,0.0,446.0,438.99999999999994,484.0,441.00000000000017,443.9,476.17,474.21999999999997,-5.050000000000043,2.289999999999992,-9.18000000000001,214.0
2024-05-28,-13.38324459771458,460.82172276770325,447.4384781699887,2.0000000000000018,0.9900000000000002,3.0370008807338422,55.236664163416606,29.16666666666667,454.0,452.00000000000006,494.0000000000001,450.0,446.24000000000007,497.5299999999999,443.33000000000027,-1.0099999999999554,0.5100000000000549,-3.420000000000023,220.00000000000003
2024-05-29,7.078637300165,454.6442506306938,461.72288793085886,2.0000000000000018,1.3599999999999994,-0.8191680410766011,39.42654676290089,4.5,461.00000000000006,459.00000000000006,503.0,458.0000000000001,463.53999999999996,492.75,491.34999999999974,-5.600000000000005,3.310000000000013,-8.369999999999944,225.0
2024-05-30,2.48436243116056,452.7867628230114,455.2711252541719,0.0,0.19000000000000128,-1.608074852845398,0.0,0.0,455.0,452.99999999999994,496.9999999999999,455.0000000000002,457.15000000000003,488.7099999999999,487.2300000000001,-5.250000000000021,2.769999999999939,-8.169999999999966,219.0
2024-05-31,0.36165434296222,450.5217913896799,450.88344573264214,-0.9999999999999787,-1.5500000000000007,-1.2617257803717585,0.0,0.0,451.0,449.9999999999999,495.0000000000001,448.99999999999994,453.24,485.38999999999993,485.43,-4.630000000000045,3.9200000000000124,-8.469999999999978,216.0
2024-06-03,-16.59103850210002,452.36433629753014,435.7732977954301,-2.0000000000000018,0.1899999999999995,-3.5375352156217232,0.0,0.0,441.0,440.00000000000006,484.99999999999994,439.00000000000006,437.05000000000007,485.1699999999999,447.1500000000001,-1.529999999999987,1.9000000000000128,-4.930000000000057,208.0
2024-06-04,-21.2560734314815,449.5415719538005,428.28549852231896,-2.0000000000000018,0.05000000000000071,-1.3241683484086053,0.0,0.0,433.0,430.99999999999994,478.9999999999999,432.0000000000002,429.5399999999998,478.63000000000017,440.27000000000004,-1.949999999999985,2.0499999999999297,-4.789999999999939,202.0
2024-06-05,-22.08817132604439,447.3568972190365,425.2687258929921,-1.000000000000023,-0.5299999999999994,1.0847110037103036,0.0,0.0,429.0,427.00000000000006,474.9999999999999,428.0000000000003,426.9799999999999,472.87,447.9000000000002,-2.5299999999999656,2.409999999999979,-6.659999999999933,199.0
2024-06-06,-22.90955182706522,446.47865217532257,423.56910034825734,-2.0000000000000018,-0.05000000000000071,1.8997932853743293,0.0,0.0,428.0,427.0000000000001,473.99999999999983,426.9999999999999,425.43999999999994,472.00000000000006,444.59999999999997,-1.8299999999999983,2.769999999999939,-5.930000000000035,200.0
2024-06-07,-18.56936047732436,455.46071984610387,436.8913593687795,2.0000000000000018,-0.35999999999999943,0.01306762497783609,0.0,0.0,443.0,439.99999999999994,484.99999999999994,437.0,436.64000000000004,485.56,436.93,-1.0299999999999976,1.7999999999999794,-3.8899999999999935,213.0
2024-06-10,-2.9231022542390397,448.9549330714633,446.03183081722426,1.000000000000023,0.5199999999999996,2.8595456883912185,20.180747873508373,3.3333333333333357,447.0,445.9999999999999,488.99999999999994,440.99999999999994,448.14999999999986,480.91999999999996,476.46999999999997,-3.790000000000049,3.56999999999994,-9.010000000000051,216.0
2024-06-11,-16.13070741825248,451.0987919231806,434.96808450492813,-4.0000000000000036,0.10999999999999943,0.16494325886373673,39.0,3.25,438.99999999999994,436.99999999999994,485.00000000000006,434.99999999999994,437.28,483.3800000000001,442.42999999999995,-2.5300000000000544,2.1300000000000097,-4.9900000000000055,212.0
2024-06-12,-19.58385637575137,446.96135220828427,427.3774958325329,-4.999999999999982,-0.8100000000000005,0.858374369139181,0.0,0.0,430.99999999999994,429.9999999999999,480.99999999999994,429.0000000000001,430.50000000000006,478.1700000000001,446.6099999999999,-2.6200000000000223,3.029999999999955,-6.1799999999999855,209.0
2024-06-13,-22.38690710001067,442.74355343539406,420.3566463353834,-1.000000000000023,-0.09999999999999964,0.06282591147153127,45.132168885017144,1.75,424.0,424.0,476.0,420.0,424.43000000000006,471.97,439.2599999999999,-2.320000000000011,3.8599999999999746,-6.210000000000004,202.99999999999997
2024-06-14,-26.45684021800862,443.8626124630883,417.4057722450796,-4.0000000000000036,0.7200000000000006,-0.25154081933669303,0.0,0.0,420.0,418.00000000000006,472.00000000000006,409.9999999999999,419.8299999999998,466.8400000000001,428.80999999999983,-3.620000000000001,3.4699999999999953,-7.240000000000002,202.99999999999997
2024-06-17,-25.771312025505022,448.3001815639971,422.52886953849213,5.000000000000027,0.08999999999999986,2.389064727156409,0.0,0.0,428.0,426.00000000000006,475.9999999999999,416.0000000000001,423.29999999999995,473.06000000000006,431.11999999999995,-1.2299999999999756,3.6699999999999733,-6.429999999999936,206.0
2024-06-18,-26.53497816511292,444.87910466023646,418.34412649512353,-1.000000000000023,-0.4499999999999993,1.634182708589993,21.330614131782042,0.25,422.0,419.99999999999983,472.0,414.0000000000002,420.25999999999993,465.45000000000005,440.89999999999986,-2.4100000000000676,4.610000000000003,-7.449999999999957,200.99999999999997
2024-06-20,-23.461865162899358,445.1511367987425,421.68927163584317,4.0000000000000036,0.9799999999999986,0.807184672972383,11.663361191374381,1.5,425.0,424.0,473.0000000000001,418.9999999999998,424.44,468.93999999999994,441.67000000000013,-2.7000000000000135,3.2300000000000217,-7.350000000000012,200.0
2024-06-21,-23.71640028271171,445.43171662171784,421.7153163390061,-2.0000000000000018,-0.08000000000000007,-1.9752232597691766,0.0,0.0,425.0,424.0,473.0000000000001,418.9999999999998,424.13000000000005,468.81000000000006,443.2099999999998,-2.7599999999999625,3.250000000000064,-7.6200000000000045,202.0
2024-06-24,-25.21973230772696,446.4284553813384,421.2087230736114,-0.9999999999999787,0.13000000000000078,1.1196417316477358,0.0,0.0,425.0,423.00000000000006,471.0000000000001,418.0,422.6299999999998,465.79999999999995,441.88000000000017,-2.320000000000011,3.7100000000000577,-7.1699999999999875,202.99999999999997
2024-06-25,-26.646592471151457,446.2828477191174,419.6362552479659,0.0,-0.4900000000000002,-0.8019484048154446,16.358793525501994,14.833333333333336,423.00000000000006,421.0000000000001,468.99999999999994,416.0000000000001,420.78,464.29,441.14999999999986,-2.7599999999999625,3.249999999999975,-7.779999999999987,200.99999999999997
2024-06-26,-19.90818465203583,448.4809752977,428.57279064566416,3.999999999999959,-0.28999999999999915,0.26803134954693775,45.51622163377049,13.833333333333336,432.0,432.0,477.99999999999994,425.0,430.82000000000005,473.69999999999993,443.3600000000003,-2.7800000000000047,3.0400000000000205,-6.679999999999975,206.0
2024-06-27,-20.99667131546105,446.6953671608301,425.698695845369,0.0,-0.3100000000000005,1.0288779257169978,32.78819576704501,1.666666666666664,429.0,429.0,477.0000000000001,422.99999999999966,428.3900000000001,472.1500000000001,445.4499999999999,-2.7599999999999625,3.509999999999991,-7.08000000000002,202.99999999999997
2024-06-28,-12.5611964543169,445.3813353010528,432.82013884673586,2.0000000000000018,0.1999999999999993,-0.2532104807405844,0.0,0.0,436.00000000000006,439.00000000000006,486.00000000000006,430.9999999999998,438.4299999999999,481.67999999999995,456.16,-2.510000000000012,3.6900000000000155,-7.500000000000018,208.0
2024-07-01,2.03384989297248,444.9841357296415,447.017985622614,4.0000000000000036,-0.21999999999999886,2.232528704783654,0.0,0.0,448.00000000000006,452.00000000000006,503.99999999999983,440.00000000000006,456.7699999999999,497.37,459.2500000000003,-4.349999999999987,4.0300000000000225,-7.040000000000024,216.0
2024-07-02,-2.14659573653044,443.47790782320715,441.3313120866767,-2.0000000000000018,-0.19000000000000128,-0.7227947813202462,0.0,0.0,443.0,447.0,499.0,438.0,450.5400000000001,493.9899999999998,458.0300000000003,-3.739999999999988,3.8100000000000023,-6.930000000000014,213.0
2024-07-03,-8.57520446349973,442.4841026203882,433.90889815688854,-2.9999999999999805,0.0600000000000005,1.2996402209942914,0.0,0.0,436.00000000000006,439.00000000000006,492.0,431.00000000000006,441.8900000000001,486.1299999999998,455.08000000000027,-3.339999999999943,4.409999999999936,-7.1699999999999875,209.0
2024-07-05,-9.20029140329381,435.49111627923526,426.29082487594144,0.9999999999999787,0.39000000000000057,-0.8842833074629297,0.0,0.0,428.0,434.00000000000017,486.00000000000006,426.9999999999999,436.9200000000002,482.49999999999983,452.6700000000001,-3.1799999999999606,3.790000000000049,-7.540000000000013,200.0
2024-07-08,-11.54462963866445,436.8459645946233,425.30133495595885,-0.9999999999999787,-0.11000000000000121,-0.9638915586685393,0.0,0.0,428.0,433.0,486.00000000000006,424.0,434.67,481.17,450.70999999999987,-2.429999999999932,4.769999999999985,-7.3699999999999655,200.99999999999997
2024-07-09,-7.63861823738469,436.2163921939736,428.5777739565889,-1.000000000000023,0.14000000000000057,-1.0215821072848463,20.180747873508373,2.0,430.0,435.99999999999994,488.0,429.00000000000017,439.45999999999987,484.66,453.8400000000001,-3.4699999999999953,3.5499999999999865,-7.580000000000009,204.0
2024-07-10,-9.91463411279323,436.8405566671119,426.9259225543187,1.000000000000023,0.33999999999999986,0.734191177830823,39.0,10.0,428.0,432.0,487.9999999999999,425.0,436.8699999999999,481.72000000000014,454.0499999999997,-3.8800000000000168,4.6800000000000175,-7.88000000000002,200.99999999999997
2024-07-11,-11.35436260235485,429.9313315721545,418.5769689697996,-2.0000000000000018,0.07000000000000028,0.6335565989147085,45.132168885017144,1.75,420.0,427.00000000000006,481.99999999999983,421.0000000000003,430.56,476.08000000000015,454.83000000000004,-2.9799999999999827,5.3300000000000125,-7.829999999999959,195.0
2024-07-12,-9.45076071001205,427.43584798679024,417.9850872767782,-0.9999999999999787,-0.4599999999999991,-0.513709988213229,0.0,0.0,418.0,426.0,482.0,416.9999999999999,431.6300000000001,474.33,456.28000000000003,-3.9699999999999847,5.630000000000024,-9.04000000000007,194.0
2024-07-15,-2.6058760899053,425.7472966480175,423.1414205581122,2.9999999999999805,0.6599999999999984,-0.32391606511144033,0.0,0.0,423.00000000000006,433.0000000000001,488.9999999999999,426.0000000000002,439.18999999999994,482.41,462.44999999999993,-3.8599999999999746,5.509999999999948,-8.180000000000032,196.0
2024-07-16,-9.94242509816816,426.15168340698546,416.20925830881725,-1.000000000000023,0.07000000000000028,-1.5744542263597339,0.0,0.0,417.0,425.0000000000001,479.0000000000001,418.0,429.85999999999984,472.69999999999993,454.79,-3.1500000000000306,5.370000000000008,-8.34999999999999,191.0
2024-07-17,-11.24570445858523,425.86331067302166,414.6176062144364,0.0,1.290000000000001,2.6976587698202437,21.330614131782042,0.25,416.0,425.0,476.0,418.99999999999994,428.18999999999994,472.38000000000005,455.0199999999999,-2.59999999999998,4.450000000000021,-8.530000000000015,190.0
2024-07-18,-7.05460967650077,426.54732154735217,419.4927118708514,5.000000000000027,1.4499999999999993,0.011881423408510727,19.0,-13.833333333333332,420.0,429.0,481.99999999999983,421.0000000000003,433.81999999999994,478.31,455.7400000000001,-3.509999999999991,4.11999999999999,-8.979999999999944,189.0
2024-07-19,-4.63052954265235,428.2777974311217,423.64726788846934,0.9999999999999787,0.5899999999999999,-3.3094807744444843,0.0,0.0,425.0,434.0,484.99999999999994,425.0,437.46,481.16,458.2300000000001,-2.7800000000000047,4.420000000000002,-8.450000000000024,193.0
2024-07-22,-3.2144284363196696,428.42136578165196,425.2069373453323,-2.0000000000000018,-1.6099999999999994,-0.2212934269193667,0.0,0.0,426.0,434.9999999999999,488.00000000000006,430.0,439.45999999999987,484.4000000000001,461.3999999999999,-3.3500000000000085,4.23,-7.850000000000001,196.0
2024-07-23,-2.87146730600129,426.7958233476206,423.9243560416194,-0.9999999999999787,-0.1899999999999995,-3.7749795483284387,16.358793525501994,8.0,425.0,434.99999999999994,486.99999999999994,432.0000000000002,438.8999999999999,484.4200000000001,467.9400000000001,-2.859999999999996,4.179999999999939,-8.319999999999972,196.0
2024-07-24,4.8990029245534705,423.256121813856,428.1551247384095,-1.000000000000023,3.3199999999999985,0.6878131816197453,45.99038956204591,-22.666666666666664,428.0,444.00000000000006,496.0,437.99999999999983,446.92999999999995,493.4300000000001,474.9699999999999,-3.620000000000001,4.420000000000002,-8.340000000000014,200.0
2024-07-25,0.05351991055712999,425.74860059675547,425.80212050731257,0.0,0.4200000000000017,0.8216973102281422,32.78819576704501,1.0,426.99999999999994,440.99999999999994,491.0,432.0,441.9600000000001,488.35999999999996,470.9200000000003,-2.629999999999999,4.579999999999984,-8.999999999999986,199.0
2024-07-26,-3.32796294188986,422.3264330583929,418.9984701165031,-0.9999999999999787,-2.0700000000000003,-1.0758916514727268,0.0,0.0,420.0,434.00000000000006,486.0000000000001,428.9999999999999,435.86000000000007,484.1099999999999,468.46000000000004,-2.660000000000018,4.4800000000000395,-8.760000000000012,193.0
2024-07-29,-5.80115576744066,422.17216069148617,416.3710049240455,-2.0000000000000018,0.21000000000000085,-1.6811432184820951,0.0,0.0,417.0,429.0000000000001,484.9999999999999,424.0,432.5399999999999,481.19000000000005,464.89000000000004,-3.1299999999999883,5.149999999999988,-8.929999999999971,192.0
2024-07-30,-6.92937675518345,420.9401399663826,414.01076321119916,0.0,1.0899999999999999,-1.4338097560796292,0.0,0.0,415.00000000000006,426.99999999999994,484.99999999999994,420.0,430.24000000000007,479.63000000000005,464.2900000000002,-2.7299999999999436,6.210000000000004,-9.159999999999968,190.0
2024-07-31,-11.576558555775481,418.7553329043723,407.17877434859685,-0.9999999999999787,-1.3300000000000018,4.1026778591921165,0.0,0.0,409.0,420.9999999999999,479.0000000000001,416.9999999999999,423.36,475.2,467.5400000000001,-1.8200000000000216,6.190000000000051,-9.960000000000058,185.0
2024-08-01,-15.532515003475211,412.49637046459367,396.9638554611184,-4.0000000000000036,2.2300000000000004,-2.06245375525409,0.0,0.0,399.0,414.00000000000017,470.9999999999999,410.99999999999994,414.53,467.32000000000005,467.77,-1.2599999999999945,6.699999999999928,-10.350000000000037,179.0
2024-08-02,-23.35048392643481,400.1630643951766,376.81258046874177,-16.000000000000014,4.800000000000001,-3.6015154110779157,0.0,0.0,380.0,397.99999999999994,458.0000000000001,395.0,397.01,454.21000000000004,471.9699999999998,0.0,8.070000000000022,-13.199999999999967,176.0
2024-08-05,-28.37101528791308,403.0740720892974,374.7030568013842,2.9999999999999805,15.18,-0.7092702868726874,0.0,0.0,378.0,393.9999999999999,454.0000000000001,385.99999999999983,392.7000000000001,449.6600000000001,467.5599999999998,-0.31000000000003247,7.870000000000044,-15.129999999999999,171.0
2024-08-06,-18.90990171265656,406.56389621682916,387.6539945041726,5.000000000000027,-10.86,0.18784387651447076,20.180747873508373,1.0,390.0,407.0,466.0000000000001,397.99999999999983,406.9000000000001,460.43999999999994,476.9099999999999,-0.9300000000000086,8.060000000000045,-14.320000000000022,178.0
2024-08-07,-11.72729700400516,407.31628097600645,395.58898397200124,-1.000000000000023,0.14000000000000057,2.750041096772815,42.0,8.833333333333332,396.0,413.00000000000006,474.0,408.0,416.51,468.32000000000005,484.1300000000001,-2.70999999999999,7.309999999999928,-13.879999999999981,185.0
2024-08-08,-10.4924398078364,409.62298932516654,399.13054951733017,1.000000000000023,-4.060000000000002,1.2441840123366354,51.28655555115584,3.8,399.0,415.0000000000001,476.9999999999999,408.0000000000001,419.7899999999999,471.3800000000001,487.1499999999999,-3.3799999999999386,6.909999999999972,-15.169999999999995,187.0
2024-08-09,-13.058338832322919,408.2760247457445,395.2176859134216,-2.0000000000000018,-3.419999999999998,0.8209384227065186,0.0,0.0,394.0,408.0,472.0,403.0000000000001,414.77000000000004,464.3600000000001,466.39999999999986,-4.200000000000026,7.1100000000000385,-12.13999999999995,184.0
2024-08-12,-14.035521398371689,405.201312547917,391.16579114954527,0.9999999999999787,0.33999999999999986,3.969719252017878,0.0,0.0,390.0,405.0,470.0,397.00000000000017,411.7700000000001,462.7,463.61999999999995,-4.010000000000025,7.259999999999955,-13.089999999999957,179.0
2024-08-13,-19.80711596885886,403.48154554264505,383.67442957378614,-2.0000000000000018,-2.59,-2.0340525160136735,0.0,0.0,385.0,401.99999999999994,465.00000000000006,398.0000000000001,404.12000000000006,461.21,479.96000000000026,-1.8299999999999983,7.270000000000021,-15.149999999999952,176.0
2024-08-14,-24.11387519452903,405.1526796170494,381.03880442252034,-2.9999999999999805,-1.9299999999999997,-1.693242374853554,0.0,0.0,383.0,398.99999999999994,460.99999999999994,392.00000000000017,399.85,455.7599999999999,473.94000000000005,-1.429999999999998,7.8199999999999825,-15.169999999999995,177.0
2024-08-15,-17.5233853334404,409.5883971166307,392.0650117831903,6.000000000000005,-0.9600000000000009,1.5051191614116277,0.0,0.0,392.0,405.00000000000006,464.00000000000006,397.99999999999983,409.26999999999987,457.25,455.48,-3.200000000000003,6.640000000000068,-11.399999999999988,180.0
2024-08-16,-22.07701038086882,410.2936544705786,388.21664408970975,-4.0000000000000036,-0.4299999999999997,-2.0417930792056893,0.0,0.0,389.0,401.0,462.9999999999999,393.0000000000002,404.46,456.00000000000006,471.4899999999997,-2.8000000000000025,7.259999999999955,-15.329999999999977,181.0
2024-08-19,-25.485395309184923,410.61842477579324,385.1330294666083,-1.000000000000023,-0.15000000000000036,-2.8987536873252395,0.0,0.0,386.0,397.0,460.00000000000006,387.0,399.82000000000005,451.13000000000005,467.14999999999975,-2.790000000000026,7.970000000000077,-15.529999999999955,179.0
2024-08-20,-27.75485742771701,408.2538566191504,380.49899919143337,0.0,1.2300000000000004,-0.7280461041747621,0.0,0.0,382.0,393.9999999999999,456.0000000000001,382.99999999999994,395.79999999999995,447.69999999999993,464.62000000000023,-2.1300000000000097,8.140000000000036,-15.729999999999933,175.0
2024-08-21,-26.89067775038922,404.2730190231614,377.3823412727722,0.0,0.3899999999999988,-3.3915295396519163,26.25306354680867,0.0,379.0,394.0,451.0,387.99999999999983,394.4800000000001,448.0999999999999,465.9900000000003,-1.7999999999999794,5.990000000000073,-15.520000000000067,172.0
2024-08-22,-22.62873390741488,407.4684902900576,384.8397563826427,3.000000000000025,1.2800000000000011,1.310777915170025,16.279824410194205,0.0,386.0,400.0,456.00000000000006,396.9999999999999,401.9499999999999,454.32000000000005,470.75999999999993,-2.300000000000013,5.020000000000024,-14.979999999999993,176.0
2024-08-23,-23.24285492901685,402.8836522952541,379.6407973662373,2.9999999999999805,-1.6900000000000013,2.8087977286566534,0.0,0.0,381.0,397.0,454.9999999999999,393.9999999999999,398.74,452.73,469.4399999999999,-1.980000000000004,5.859999999999932,-14.68000000000007,168.0
2024-08-26,-23.59624929732566,404.09362676096566,380.49737746363996,2.0000000000000018,0.28999999999999915,3.346181726817399,0.0,0.0,382.0,397.9999999999999,456.0000000000001,395.0,399.08000000000004,452.82,470.14,-1.880000000000015,6.289999999999996,-14.259999999999984,167.0
2024-08-27,-18.532195472967,401.3933383128536,382.86114283988655,0.0,-0.7199999999999989,-2.4533186523872708,16.358793525501994,13.0,383.0,399.9999999999999,459.00000000000006,396.9999999999999,403.63,455.66000000000014,471.42999999999995,-2.8799999999999937,5.959999999999965,-14.360000000000017,168.0
2024-08-28,-17.7596254207101,401.28806548250304,383.52844006179294,0.0,1.6799999999999997,-1.3290543680956723,45.51622163377049,9.833333333333336,384.0,405.0,459.99999999999994,395.0,404.8,456.44,471.1899999999998,-2.550000000000008,6.229999999999958,-14.890000000000025,169.0
2024-08-29,-15.912854668340959,402.3308208879233,386.4179662195823,1.000000000000023,-1.459999999999999,1.8505679360065308,32.78819576704501,0.5,387.0,408.0,461.0000000000001,397.0,407.77,458.0600000000001,471.8299999999999,-2.42,5.860000000000021,-14.900000000000002,171.0
2024-08-30,-12.8677764337358,403.18472038632035,390.31694395258455,-1.000000000000023,-0.6500000000000004,-3.1438330778210677,0.0,0.0,391.0,411.00000000000006,465.00000000000006,403.9999999999999,411.94,462.28999999999996,475.96000000000015,-2.3800000000000043,5.820000000000025,-13.91,176.0
2024-09-03,-19.38694883399208,401.9322945016381,382.5453456676461,-4.0000000000000036,5.719999999999999,-4.445176257083361,0.0,0.0,384.0,402.99999999999994,458.0,396.9999999999999,403.1599999999999,454.99,469.7599999999999,-1.750000000000007,6.269999999999953,-13.780000000000037,173.0
2024-09-04,-22.05188013025463,396.8867135563462,374.83483342609156,-4.0000000000000036,0.6000000000000014,-1.655034594367777,0.0,0.0,377.0,398.00000000000006,451.0,389.9999999999999,396.83000000000004,448.96000000000004,464.03999999999996,-0.9500000000000064,6.309999999999949,-14.080000000000048,170.0
2024-09-05,-24.77925192472634,396.7196716976108,371.94041977288447,-4.0000000000000036,-1.4200000000000017,-0.028530670664306257,0.0,0.0,373.0,391.99999999999994,449.0,383.9999999999999,393.34000000000003,444.47999999999996,459.23999999999995,-2.090000000000014,6.780000000000008,-14.390000000000036,170.0
2024-09-06,-22.66753364174989,393.1495774244344,370.48204378268446,0.0,2.4800000000000004,-2.177918347745944,0.0,0.0,372.0,394.00000000000006,447.99999999999994,389.00000000000006,394.5400000000001,446.25999999999993,461.7200000000002,-1.4799999999999702,6.059999999999999,-13.640000000000008,169.0
2024-09-09,-25.613772391171928,393.6180800438955,368.0043076527235,1.000000000000023,-2.9299999999999997,1.5481753191040504,0.0,0.0,370.0,390.99999999999994,445.9999999999999,384.00000000000006,391.32000000000005,443.42999999999984,458.3200000000002,-1.2099999999999778,6.510000000000016,-14.039999999999964,166.0
2024-09-10,-26.87069894313247,389.9228342946511,363.0521353515187,-2.0000000000000018,-0.370000000000001,-4.282807331029925,20.180747873508373,0.33333333333333587,365.0,386.99999999999994,443.0,383.0000000000001,387.4699999999999,440.53000000000003,456.4099999999999,-1.0800000000000143,6.7299999999999915,-13.319999999999999,163.0
2024-09-11,-29.134009705546088,392.45529765761705,363.321287952071,2.0000000000000018,-1.389999999999997,2.252280714955379,39.0,2.6,365.0,385.0,441.0000000000001,381.9999999999999,386.53000000000003,439.57,456.15,-1.440000000000019,5.900000000000016,-14.139999999999997,161.0
2024-09-12,-25.37244032267365,391.851109152397,366.47866882972335,0.9999999999999787,-0.620000000000001,2.3745143423968607,45.132168885017144,1.4,368.0,389.00000000000006,446.0,385.99999999999994,390.2399999999999,443.9100000000001,460.2999999999999,-1.5699999999999825,6.329999999999991,-13.780000000000037,163.0
2024-09-13,-25.01586726199756,388.45019286155804,363.4343255995605,3.000000000000025,-0.5100000000000016,-0.43016986322790274,0.0,0.0,366.0,388.99999999999994,443.99999999999994,384.00000000000006,388.77,443.6200000000001,459.6099999999998,-0.6299999999999972,6.189999999999962,-14.159999999999995,158.0
2024-09-16,-27.783483648098752,388.1010893550763,360.31760570697753,0.9999999999999787,0.5800000000000018,2.146645795243618,0.0,0.0,363.0,384.99999999999994,438.9999999999999,380.00000000000017,384.21999999999997,437.35,452.86,-0.5800000000000249,6.469999999999976,-13.449999999999962,154.0
2024-09-17,-27.202621525455267,389.5038889292946,362.30126740383935,3.000000000000025,0.46999999999999886,1.479853894517369,21.330614131782042,0.2,365.0,386.00000000000006,438.9999999999999,384.00000000000006,385.54,438.85999999999984,454.62000000000006,-0.6200000000000205,5.659999999999954,-13.239999999999963,153.0
2024-09-18,-19.46982479540864,388.04165188148625,368.57182708607763,0.0,0.620000000000001,-0.40269442740168415,0.0,0.0,370.0,393.0,445.9999999999999,393.0000000000001,394.09000000000003,447.15999999999997,461.36,-1.7199999999999882,4.7399999999999665,-13.030000000000008,158.0
2024-09-19,-16.06965825245896,387.39413131451556,371.32447306205665,4.999999999999982,-1.9000000000000021,1.368086010006575,17.0,-13.166666666666668,373.0,396.9999999999999,449.0,395.99999999999983,397.63999999999993,450.57999999999987,466.09000000000026,-1.2799999999999923,4.890000000000061,-13.200000000000056,156.0
2024-09-20,-15.67065770467213,386.3076551963498,370.6369974916777,-2.0000000000000018,-0.17999999999999972,-0.19233417111941264,0.0,0.0,373.0,397.99999999999994,447.00000000000006,401.00000000000006,397.62999999999994,451.94,468.03,-0.649999999999995,3.759999999999941,-12.690000000000001,158.0
2024-09-23,-14.123372736478851,386.83911635323216,372.7157436167533,2.0000000000000018,-0.259999999999998,-1.9299453579276538,0.0,0.0,375.0,399.00000000000006,449.0,402.99999999999983,399.34,453.43,470.2699999999998,-0.7099999999999884,3.960000000000008,-12.549999999999972,158.0
2024-09-24,-11.57974373313419,383.3131057678997,371.7333620347655,2.0000000000000018,-0.5,1.4060230234004933,16.358793525501994,13.0,374.0,401.00000000000006,451.9999999999999,401.0,400.40000000000015,455.34999999999997,471.60000000000014,-0.509999999999966,4.919999999999991,-12.840000000000007,155.0
2024-09-25,-7.16382115496205,384.0646689646776,376.9008478097155,-0.9999999999999787,0.019999999999999574,-2.689991279704529,45.51622163377049,10.233333333333336,379.0,405.99999999999994,456.99999999999994,405.99999999999994,405.8999999999999,460.43,475.7600000000001,-0.6099999999999994,4.86999999999993,-12.640000000000029,161.0
2024-09-26,-10.93435006794503,387.9468000336797,377.01244996573473,-2.0000000000000018,-0.040000000000000924,-3.086041580066645,32.78819576704501,0.16666666666666413,379.0,402.99999999999994,455.00000000000006,402.00000000000006,403.19000000000005,457.86999999999995,473.41999999999996,-1.0699999999999932,4.589999999999961,-13.630000000000031,163.0
2024-09-27,-12.039348009987929,384.7741401340799,372.734792124092,-1.000000000000023,1.5900000000000016,0.6423379749760372,0.0,0.0,375.0,400.0,455.0,399.9999999999999,400.3499999999999,456.7100000000001,472.78999999999985,-0.7400000000000073,5.640000000000001,-13.08000000000007,160.0
2024-09-30,-11.33305374332418,389.7171988729869,378.38414512966267,3.000000000000025,-0.23000000000000043,0.04364588706806671,0.0,0.0,381.0,404.0000000000001,457.0000000000001,403.9999999999997,403.54,458.93999999999994,475.7099999999999,-0.49000000000001265,5.350000000000055,-13.070000000000004,163.0
2024-10-01,-15.58447745200508,387.16348937451016,371.57901192250506,0.9999999999999787,2.530000000000001,2.385856198436098,0.0,0.0,374.0,397.00000000000017,453.9999999999999,396.0000000000001,396.62000000000006,454.3099999999999,471.6400000000002,-0.7099999999999884,6.210000000000004,-13.630000000000031,155.0
2024-10-02,-10.86310754981654,387.2468426232568,376.3837350734403,2.0000000000000018,-0.360000000000003,0.4675885246292921,0.0,0.0,379.0,402.99999999999994,459.00000000000017,403.9999999999997,403.00999999999993,461.39,478.14,-0.47999999999999154,5.600000000000005,-13.33000000000002,158.0
2024-10-03,-7.281641216934751,390.1688139368391,382.8871727199043,0.0,1.5899999999999999,4.950345495986763,0.0,0.0,385.0,408.0,463.00000000000006,405.9999999999998,408.21000000000004,464.5699999999999,481.3900000000001,-0.8599999999999941,5.540000000000056,-13.980000000000015,164.0
2024-10-04,-7.037920855638539,402.8565651750242,395.81864431938556,2.0000000000000018,-1.2799999999999976,0.8039705639016681,0.0,0.0,398.0,414.99999999999994,468.0,412.0,415.2000000000001,468.04999999999995,485.31000000000023,-1.3100000000000112,5.100000000000016,-14.27000000000005,175.0
2024-10-07,1.12287203384529,402.1337715520084,403.2566435858537,4.0000000000000036,3.4299999999999997,3.707281577596433,0.0,0.0,403.0,420.0000000000001,471.0,415.99999999999994,423.21,469.83,477.45999999999975,-2.8200000000000003,4.429999999999978,-12.570000000000014,176.0
2024-10-08,-2.18319119728391,404.2001592519442,402.0169680546603,0.0,-1.2199999999999989,-4.605471140324902,20.180747873508373,0.0,404.0,422.0,472.0,420.0000000000003,422.27,473.11000000000007,488.3799999999999,-1.4000000000000234,4.429999999999978,-13.379999999999992,177.0
2024-10-09,4.20609307753547,403.2181060929914,407.4241991705269,2.0000000000000018,-0.5600000000000023,-0.5536439771545609,39.0,8.5,405.99999999999994,420.9999999999999,476.00000000000006,419.99999999999983,428.0399999999999,471.86,477.5799999999999,-3.9200000000000124,5.140000000000011,-11.230000000000029,177.0
2024-10-10,4.90589579675475,403.77865829165984,408.6845540884146,4.0000000000000036,0.07000000000000028,3.473171929087826,45.132168885017144,1.4,409.0,426.99999999999994,479.0000000000001,426.0,430.4799999999999,477.86999999999995,493.1400000000001,-2.48999999999997,4.900000000000038,-12.699999999999978,176.0
2024-10-11,11.15145243381943,398.24802000338343,409.39947243720286,0.0,-0.46999999999999886,-0.4588065988967216,0.0,0.0,408.0,427.99999999999994,480.00000000000017,428.9999999999997,434.15,479.61,482.4699999999998,-3.4699999999999953,4.190000000000005,-10.34000000000006,175.0
2024-10-15,-1.10995944314051,403.1254151173524,402.01545567421186,-5.000000000000027,0.17999999999999972,-6.640598442966805,0.0,0.0,403.0,420.0000000000001,471.0,422.00000000000017,422.6200000000001,470.89,486.38000000000005,-2.039999999999953,4.499999999999993,-12.13999999999995,175.0
2024-10-16,-0.17816392890201,401.4690859508902,401.2909220219882,-0.9999999999999787,-1.0600000000000023,-0.351642531273999,0.0,0.0,401.99999999999994,419.99999999999994,470.0000000000001,418.0,422.34999999999997,469.6000000000001,484.22999999999996,-2.1700000000000053,4.520000000000035,-12.919999999999998,175.0
2024-10-17,10.56907734590444,400.01572666920595,410.58480401511036,2.9999999999999805,-0.46999999999999886,0.4077907640798628,0.0,0.0,409.0,427.99999999999994,479.0000000000001,428.9999999999997,434.64999999999986,478.84000000000003,480.47000000000014,-3.730000000000011,3.700000000000081,-10.360000000000014,179.0
2024-10-18,10.77618161581419,398.52853080989127,409.3047124257055,1.000000000000023,-1.0799999999999983,-2.098772441906238,0.0,0.0,408.0,427.99999999999994,480.00000000000017,426.0,434.15999999999997,479.09999999999997,480.7599999999999,-3.3800000000000274,4.430000000000067,-10.829999999999984,177.0
2024-10-21,19.243499354045827,401.0031188525021,420.24661820654796,0.0,0.33999999999999986,1.9583427039006729,0.0,0.0,419.00000000000006,440.0000000000001,488.9999999999999,439.0000000000002,446.20000000000016,489.57,486.4399999999998,-3.1899999999999373,3.78999999999996,-9.469999999999956,188.0
2024-10-22,19.86780099465992,402.3062953737952,422.17409636845514,2.0000000000000018,-0.1700000000000017,2.333439206177257,0.0,0.0,420.0,440.00000000000006,490.00000000000006,437.00000000000017,447.30000000000007,488.47,485.03000000000014,-4.169999999999963,4.0000000000000036,-9.839999999999982,187.0
2024-10-23,21.03774854610716,404.9180041263627,425.9557526724699,-2.0000000000000018,1.0399999999999991,-2.0387641876431495,21.330614131782042,0.2,424.0,443.00000000000017,491.9999999999999,436.99999999999994,449.85,489.40000000000003,485.9099999999998,-4.0599999999999525,4.260000000000019,-10.210000000000008,193.0
2024-10-24,16.999931370303038,405.39573061700355,422.3956619873066,-1.000000000000023,-0.16000000000000014,-1.1130794735851879,13.329555647285007,-46.0,421.0,438.99999999999994,486.99999999999994,433.0,444.75999999999993,483.9099999999999,484.23999999999995,-3.6599999999999966,4.469999999999974,-10.48,191.0
2024-10-25,20.10047271064552,406.56883268257326,426.6693053932188,-0.9999999999999787,1.25,2.0197039973605335,0.0,0.0,425.0,443.0,490.99999999999994,436.99999999999994,449.43000000000006,488.78,488.13999999999976,-3.9100000000000357,4.0000000000000036,-10.829999999999984,196.0
2024-10-28,21.31214741858178,408.6487266538221,429.96087407240384,0.0,-0.5299999999999976,-6.2596503603931986,55.236664163416606,14.166666666666664,428.0,445.0000000000001,493.99999999999994,437.0,452.11000000000007,488.87,486.90000000000015,-4.260000000000019,4.900000000000038,-10.279999999999934,199.0
2024-10-29,22.70846879575252,407.6261517172172,430.33462051296976,0.9999999999999787,-0.46000000000000085,-0.2516096939030099,39.900714691176304,-32.5,428.0,445.0000000000001,493.99999999999994,433.9999999999999,453.25,489.07000000000005,484.3299999999999,-4.519999999999946,4.640000000000022,-11.010000000000009,198.0
2024-10-30,19.88085543783411,410.802491947418,430.6833473852521,4.0000000000000036,1.0100000000000016,2.097004769134969,0.0,0.0,429.0,443.99999999999994,491.0,427.0000000000001,450.48,482.9300000000002,477.37999999999994,-4.1400000000000325,5.5899999999999395,-11.099999999999977,195.0
2024-10-31,16.13667764168367,413.5245772431313,429.661254884815,-0.9999999999999787,2.8099999999999987,0.9675864354679042,0.0,0.0,428.0,441.0000000000001,487.9999999999999,425.0,447.63,477.4599999999999,477.5799999999999,-4.369999999999941,6.210000000000004,-11.000000000000032,195.0
2024-11-01,27.88299020596891,411.80634598964525,439.6893361956142,0.0,-1.2800000000000011,0.3300096258514351,0.0,0.0,437.0,452.0000000000001,498.99999999999994,435.00000000000034,460.74,489.95000000000005,478.39999999999986,-4.969999999999963,5.410000000000004,-9.919999999999973,204.0
2024-11-04,21.93837690488429,411.2976058923339,433.2359827972182,-5.000000000000027,0.10000000000000142,2.8524950104399593,20.180747873508373,0.0,430.99999999999994,444.99999999999983,489.00000000000006,430.0,452.61999999999995,481.50999999999993,472.7200000000001,-4.660000000000064,4.549999999999965,-10.050000000000026,202.99999999999997
2024-11-05,16.183583437427,413.6583801200001,429.84196355742716,-0.9999999999999787,-1.490000000000002,0.5968509632784169,42.0,8.166666666666668,426.0,435.99999999999983,484.00000000000006,422.00000000000017,446.58,473.94999999999993,466.17999999999995,-6.559999999999988,4.369999999999941,-10.889999999999933,199.0
2024-11-06,30.453526240642592,414.80530245277293,445.2588286934155,10.999999999999988,-4.219999999999999,-0.38824230686094197,51.28655555115584,3.166666666666668,442.0,457.0000000000001,500.0,438.0,465.6800000000001,492.91,480.06,-5.640000000000001,3.7799999999999834,-10.980000000000079,204.0
2024-11-07,23.202136539310107,411.2715786940828,434.4737152333929,-4.999999999999982,-1.0700000000000003,0.981552084565962,0.0,0.0,430.99999999999994,444.99999999999983,493.00000000000017,431.99999999999983,454.7300000000001,488.07999999999987,476.9800000000002,-5.970000000000031,3.220000000000045,-11.580000000000013,198.0
2024-11-08,14.053690751772848,415.7970380520717,429.85072880384456,2.0000000000000018,-0.2599999999999998,-2.7899703313681634,0.0,0.0,430.0,440.00000000000006,485.99999999999994,425.0,445.8299999999999,487.54999999999995,437.5,-3.6299999999999777,1.3500000000000512,-7.540000000000013,195.0
2024-11-12,22.05980942458687,420.46660308254803,442.5264125071349,0.0,-0.22999999999999865,-3.249279521845594,0.0,0.0,443.0,453.9999999999999,497.00000000000006,434.00000000000006,458.72,498.2200000000001,440.22999999999985,-3.340000000000032,1.470000000000038,-6.810000000000027,208.0
2024-11-13,31.94563899885176,414.2680486721953,446.21368767104707,0.0,-0.6900000000000013,0.4810855550242188,0.0,0.0,444.00000000000006,458.0000000000001,502.00000000000006,443.0,466.74999999999994,499.51000000000016,477.18999999999994,-4.919999999999991,2.4500000000000632,-10.23000000000005,209.0
2024-11-14,21.05967203134087,420.9269804524137,441.9866524837546,-2.0000000000000018,0.2900000000000009,0.3339386043368364,0.0,0.0,443.0,453.9999999999999,495.0000000000001,435.99999999999994,457.4499999999999,495.34000000000003,454.70999999999975,-2.7300000000000324,2.010000000000023,-8.230000000000004,210.0
2024-11-15,27.54927326156426,416.86540251750455,444.4146757790688,0.0,1.83,-2.435566400082756,0.0,0.0,443.0,455.99999999999994,497.00000000000006,440.00000000000006,463.07999999999987,493.72999999999996,478.3100000000002,-4.250000000000043,2.7200000000000557,-10.73000000000004,210.0
2024-11-18,28.33966671197432,415.0406484543279,443.3803151663022,0.9999999999999787,-0.5600000000000005,3.1145144758737864,0.0,0.0,442.0,456.00000000000006,497.99999999999994,443.00000000000017,463.1600000000001,496.56,482.1799999999999,-4.11999999999999,2.35000000000003,-10.769999999999946,208.0
2024-11-19,24.49197481301483,414.9965741174551,439.48854893046996,0.0,0.7700000000000014,0.416637338554704,0.0,0.0,438.99999999999994,452.99999999999994,493.00000000000006,439.0000000000002,458.38,492.5300000000001,474.44999999999993,-3.4100000000000463,2.1399999999999864,-10.25999999999998,204.99999999999997
2024-11-20,21.41878173189688,417.5832889981356,439.0020707300325,1.000000000000023,0.8099999999999987,-0.7194275634026859,26.25306354680867,0.0,441.0,454.0,491.0,444.99999999999983,456.50000000000006,502.47,446.28999999999996,-1.7900000000000027,-1.9199999999999662,-6.540000000000035,206.0
2024-11-21,20.60521551433067,420.11388756620266,440.71910308053333,-1.000000000000023,-0.28999999999999915,1.6328062552592115,16.31758479694403,1.5,443.0,455.99999999999994,493.0,447.00000000000017,457.00999999999993,503.79999999999995,453.9500000000001,-1.670000000000016,-1.5000000000000568,-7.289999999999974,209.0
2024-11-22,17.9953793384537,421.6083363414758,439.6037156799295,0.0,-1.6300000000000008,1.8160561046634882,0.0,0.0,441.0,452.00000000000006,493.00000000000006,445.9999999999999,454.74999999999994,501.8699999999999,452.67,-2.719999999999967,-1.1700000000000266,-6.960000000000033,206.99999999999997
2024-11-25,7.077286406290639,417.6855328420683,424.762819248359,-4.999999999999982,-0.6400000000000006,-3.218081931518224,16.358793525501994,13.0,426.99999999999994,436.99999999999994,479.0000000000001,428.9999999999999,438.9000000000001,488.65,430.24999999999994,-2.0800000000000374,-1.2399999999999523,-6.289999999999996,198.0
2024-11-26,12.623028010161349,416.6021144114366,429.225142421598,-1.000000000000023,-0.5,-0.520006949619134,45.51622163377049,8.866666666666664,430.0,443.0,481.99999999999983,432.0000000000002,445.28999999999985,489.02,439.66000000000014,-3.1000000000000583,-0.9000000000000341,-7.159999999999922,202.0
2024-11-27,9.03889554383727,414.2165817055378,423.25547724937513,-2.0000000000000018,0.0,-0.028968713991694983,32.78819576704501,0.0,425.0,438.99999999999994,478.9999999999999,428.0000000000003,439.4799999999999,487.93999999999994,428.1200000000003,-2.289999999999992,-0.9500000000000064,-5.779999999999941,199.0
2024-11-29,8.12644841276437,410.48140580242176,418.60785421518614,0.0,-0.5899999999999999,-1.1217249236823434,0.0,0.0,418.0,430.99999999999994,472.00000000000006,418.00000000000017,436.00999999999993,475.23,440.8800000000001,-3.929999999999989,0.19999999999997797,-9.42999999999996,192.0
2024-12-02,5.02551610812185,412.8108909455084,417.83640705363024,0.0,-0.16999999999999993,0.13176196913979865,0.0,0.0,419.00000000000006,430.00000000000017,472.99999999999994,416.0000000000001,433.04,476.6,426.0900000000002,-2.70999999999999,0.8099999999999774,-6.979999999999986,193.0
2024-12-03,9.90782229727873,412.18262736408144,422.0904496613602,2.0000000000000018,-0.03999999999999915,2.5994243378510973,0.0,0.0,423.00000000000006,435.00000000000006,476.99999999999994,420.0,438.36999999999995,480.39000000000016,429.98999999999967,-2.7599999999999625,0.8799999999999919,-6.939999999999991,195.0
2024-12-04,10.443348555068429,409.4551003766594,419.89844893172784,1.000000000000023,0.14999999999999858,-1.9286723334080769,0.0,0.0,419.00000000000006,431.00000000000006,470.9999999999999,415.00000000000006,436.7799999999999,469.0899999999999,445.05,-3.8699999999999513,2.0500000000000185,-9.68,190.0
2024-12-05,4.07721459472654,411.6969356563998,415.77415025112634,-4.0000000000000036,0.08999999999999986,-0.33481361796150466,0.0,0.0,417.0,427.00000000000006,468.99999999999994,413.00000000000006,430.2299999999999,472.5199999999999,417.23,-2.650000000000041,0.6399999999999295,-5.949999999999989,192.0
2024-12-06,6.1617804193004595,408.1439119416501,414.30569236095056,-0.9999999999999787,-0.7699999999999996,0.0,0.0,0.0,415.00000000000006,426.99999999999994,469.00000000000006,417.9999999999998,430.5899999999999,473.8100000000001,426.1799999999999,-2.8699999999999726,0.24999999999995026,-6.210000000000004,191.0
2024-12-09,8.55637116881284,409.22570984233994,417.7820810111528,2.9999999999999805,1.42,0.10201851792066563,0.0,0.0,420.0,433.0,473.99999999999994,422.99999999999994,434.3000000000002,482.61999999999983,422.9100000000001,-1.5499999999999403,-0.34999999999998366,-5.240000000000045,193.0
2024-12-10,9.85657262926391,410.18461743923353,420.04119006849743,2.0000000000000018,-0.009999999999999787,0.29090929606834237,20.180747873508373,0.0,422.0,434.99999999999994,476.00000000000017,425.0,436.29999999999995,483.57,428.11,-1.780000000000026,-0.04999999999997229,-5.630000000000024,193.0
2024-12-11,15.82693115400193,409.7579404782699,425.58487163227187,0.9999999999999787,-0.5999999999999996,2.467489983807436,39.0,2.1666666666666643,426.0,438.9999999999999,484.00000000000006,434.00000000000006,443.6800000000002,492.0999999999999,436.83000000000004,-3.140000000000054,-0.5799999999999805,-5.669999999999931,196.0
2024-12-12,21.8273810646929,410.08876786694896,431.9161489316419,2.0000000000000018,0.33999999999999986,-0.4544816798882856,45.132168885017144,1.1666666666666679,432.0,446.0000000000001,492.0,440.99999999999994,451.4099999999998,499.7,447.6700000000003,-3.279999999999994,-0.22000000000002018,-6.160000000000032,200.0
2024-12-13,27.57667501617566,412.60156171935085,440.1782367355265,1.000000000000023,-0.10999999999999943,1.8196425617015954,0.0,0.0,440.00000000000006,455.0,498.0000000000001,445.0,459.9300000000001,504.39999999999986,456.1400000000001,-3.4099999999999575,0.020000000000042206,-7.259999999999955,206.99999999999997
2024-12-16,26.13691080212614,412.95829707891744,439.0952078810436,-1.000000000000023,0.879999999999999,-0.7154410821152979,0.0,0.0,438.99999999999994,452.99999999999994,497.0,444.00000000000006,458.31,502.09000000000003,452.99999999999994,-3.3800000000000274,0.5199999999999427,-6.430000000000025,206.99999999999997
2024-12-17,27.296237361796997,412.81569581174153,440.11193317353855,-0.9999999999999787,1.1799999999999997,-1.018828679864825,21.330614131782042,0.16666666666666602,440.00000000000006,454.0000000000001,495.9999999999999,440.99999999999994,459.6000000000001,500.09,444.95000000000005,-3.309999999999924,0.6399999999999295,-5.78000000000003,209.0
2024-12-18,31.459037106397858,420.85392943397324,452.31296654037106,0.9999999999999787,11.750000000000002,0.6944964488603489,0.0,0.0,450.0,459.99999999999994,498.0000000000001,446.9999999999999,468.21000000000004,496.24999999999994,470.8400000000002,-5.459999999999976,0.7600000000000051,-9.289999999999932,218.00000000000003
2024-12-19,43.03536129348186,416.6029661379279,459.6383274314098,-2.9999999999999805,-3.530000000000001,-0.9936206659129532,12.21875934334459,2.0,457.0,471.0000000000001,507.0,458.0000000000001,480.68,510.24,467.95999999999987,-5.2499999999999325,-0.8799999999999919,-7.719999999999949,227.99999999999997
2024-12-20,37.90070083965329,415.50708225042337,453.4077830900767,0.0,-5.73,-0.5579014542236749,0.0,0.0,451.99999999999994,466.9999999999999,506.00000000000006,458.0,474.12,510.7900000000001,467.8399999999999,-4.2800000000000615,-0.34000000000000696,-6.859999999999999,223.0
2024-12-23,43.77278649264315,417.3545327720431,461.12731926468626,2.9999999999999805,-1.5799999999999983,-0.30170269275613393,16.358793525501994,13.0,459.0,473.99999999999994,511.00000000000006,464.00000000000006,482.47,514.96,473.4999999999998,-4.809999999999981,-0.6000000000000227,-7.010000000000005,227.0
2024-12-24,42.48477804489008,418.71729160739204,461.2020696522821,3.000000000000025,-2.5100000000000016,1.9520460251418292,45.51622163377049,9.666666666666664,459.0,475.0,509.0,459.9999999999999,481.05,510.3599999999999,480.88,-4.900000000000038,0.15000000000000568,-8.870000000000022,224.00000000000003
2024-12-26,42.609587084185556,416.9994253834171,459.6090124676026,0.0,0.46000000000000085,-0.6938080928724943,32.78819576704501,0.0,458.0,473.99999999999994,508.0,461.99999999999994,480.5199999999999,512.27,474.02,-4.279999999999973,-0.6199999999999761,-7.469999999999999,223.0
2024-12-27,48.99499115507009,415.48852939542604,464.4835205504961,-1.000000000000023,1.2199999999999989,1.2706651269114744,0.0,0.0,462.0,479.0000000000001,515.9999999999999,468.0000000000002,487.52000000000015,518.5799999999999,479.6500000000002,-4.84,0.15999999999998238,-6.789999999999985,227.99999999999997
2024-12-30,45.63740013849768,410.9299152025329,456.5673153410306,-2.9999999999999805,1.4499999999999993,0.6293286975789236,0.0,0.0,455.0,472.99999999999994,513.0,463.0,480.7599999999999,518.07,473.89999999999975,-3.9200000000000124,0.2600000000000158,-6.620000000000026,224.00000000000003
2024-12-31,47.86006972285452,410.7963188964828,458.6563886193373,2.9999999999999805,-0.04999999999999716,0.9849562876869555,0.0,0.0,458.0,477.99999999999994,514.0,462.0,483.3399999999999,518.7800000000001,473.38000000000005,-2.890000000000015,0.7500000000000284,-6.749999999999989,224.00000000000003
2025-01-02,47.74626959752206,410.06885495297496,457.81512455049705,0.0,0.5799999999999983,1.8464588055062237,0.0,0.0,457.0,476.00000000000006,515.0,464.9999999999999,482.8399999999999,520.2299999999999,475.54000000000036,-3.049999999999997,0.7400000000000517,-6.1799999999999855,223.0
2025-01-03,49.36132276747491,412.0887676030569,461.4500903705318,0.0,-1.8000000000000007,1.1453335468813108,0.0,0.0,459.99999999999994,479.0,515.9999999999999,470.0000000000003,485.8900000000001,520.6899999999999,481.48999999999995,-3.670000000000062,0.34999999999998366,-6.189999999999962,225.99999999999997
2025-01-06,52.71610122416996,410.8889336192179,463.60503484338784,0.0,-0.08999999999999986,-0.44310243697101015,20.180747873508373,0.0,462.0,482.0,520.0,472.99999999999994,489.58000000000004,524.6599999999999,479.10999999999984,-3.6699999999999733,0.5700000000000038,-5.06000000000002,227.99999999999997
2025-01-07,59.23577381404517,410.4945649726668,469.73033878671197,4.0000000000000036,1.7800000000000011,0.9109239143919368,39.0,7.833333333333332,467.0,488.00000000000006,526.9999999999999,479.00000000000017,497.80999999999995,532.3500000000001,481.64000000000016,-4.5399999999999885,0.0,-4.95000000000001,229.0
2025-01-08,60.19398534624321,409.0794725121724,469.2734578584156,2.0000000000000018,-0.120000000000001,-1.3424822375838197,45.132168885017144,1.1666666666666679,467.0,489.00000000000006,526.9999999999999,479.00000000000017,498.38000000000005,535.1700000000001,480.9099999999998,-4.0300000000000225,-0.7400000000000517,-5.469999999999953,227.0
2025-01-09,62.03534249845575,408.8806113992395,470.91595389769526,-0.9999999999999787,0.370000000000001,0.0,0.0,0.0,468.0,489.99999999999994,528.0000000000001,479.9999999999999,500.12,535.11,487.13999999999993,-4.530000000000012,-0.6199999999999761,-6.289999999999996,229.0
2025-01-10,63.84322278301706,417.5946590298693,481.43788181288636,4.0000000000000036,1.4699999999999989,4.337583300803338,0.0,0.0,476.99999999999994,494.99999999999994,531.0,480.00000000000017,507.0100000000001,528.3399999999998,494.1900000000001,-6.170000000000009,1.2500000000000178,-6.7700000000000315,234.0
2025-01-13,64.870505314253,418.2471236284825,483.1176289427355,2.0000000000000018,-0.34999999999999787,2.9331355443950713,0.0,0.0,479.0,497.0,531.0,480.99999999999994,508.84000000000003,528.75,488.5699999999998,-5.8399999999999785,0.9999999999999787,-5.790000000000006,234.0
2025-01-14,66.9231945645703,415.6410612909713,482.56425585554166,-1.000000000000023,-0.4800000000000004,-1.7367489838178152,0.0,0.0,478.0,497.00000000000006,533.9999999999998,482.0000000000002,510.02,532.6599999999999,485.9800000000002,-6.130000000000013,0.9599999999999831,-5.239999999999956,234.0
2025-01-15,57.739970803797206,410.2489032083702,467.9888740121674,-2.0000000000000018,-2.59,3.1840605855658843,0.0,0.0,466.0,487.0,524.0,474.0,495.6099999999999,527.8299999999999,473.03000000000014,-3.8100000000000023,0.7200000000000095,-4.11999999999999,224.00000000000003
2025-01-16,57.15061573496092,407.1210843863293,464.2717001212902,0.0,0.4800000000000004,-1.7241806434506124,0.0,0.0,461.00000000000006,483.0,521.0,469.99999999999983,493.2900000000002,521.8200000000002,488.24999999999983,-4.679999999999929,1.5100000000000335,-6.7700000000000315,219.0
2025-01-17,51.869042554994316,411.2433948250558,463.11243738005015,-0.9999999999999787,-0.6300000000000008,-1.0005782926207907,0.0,0.0,461.00000000000006,480.0,521.0,469.99999999999983,489.11999999999995,524.96,473.34999999999974,-4.269999999999996,0.6700000000000372,-4.95000000000001,220.00000000000003
2025-01-21,45.84300485728736,412.8817590952198,458.72476395250715,-3.000000000000025,-0.9100000000000001,-2.2788240703757623,0.0,0.0,457.0,474.0,517.0,465.99999999999994,482.36,518.6400000000001,474.41,-4.169999999999963,1.6499999999999737,-5.020000000000024,219.0
2025-01-22,47.760724540970664,413.67332647659066,461.43405101756133,2.0000000000000018,0.03999999999999915,-0.8763380914503571,21.330614131782042,0.16666666666666602,459.99999999999994,477.00000000000006,518.0,468.0000000000002,485.2400000000001,519.7999999999998,474.5799999999998,-3.820000000000068,1.5499999999999403,-4.769999999999985,220.00000000000003
2025-01-23,53.581876931581895,412.2739388738947,465.8558158054766,2.0000000000000018,-0.08000000000000007,-1.442300887031145,20.0,-14.166666666666668,465.00000000000006,484.99999999999994,519.0,476.9999999999999,491.4699999999999,525.3400000000001,483.0399999999999,-2.9299999999999216,-0.0700000000000145,-5.109999999999992,223.0
2025-01-24,52.63488479048224,411.439014958496,464.0738997489782,1.000000000000023,-0.16999999999999993,-0.0800000042667115,0.0,0.0,463.0,483.0,519.0,472.99999999999994,489.87000000000006,524.1999999999999,477.15999999999997,-3.1600000000000072,0.41999999999999815,-4.8200000000000465,220.00000000000003
2025-01-27,42.68266521536095,411.6432821522166,454.3259473675776,-3.000000000000025,3.049999999999999,-1.966658212897432,55.236664163416606,14.166666666666664,453.0,474.0,511.00000000000006,463.9999999999998,478.98000000000013,510.23999999999984,509.9100000000002,-3.419999999999934,2.9300000000000104,-10.12000000000004,213.0
2025-01-28,47.84941155079858,408.66655047660316,456.51596202740177,2.0000000000000018,-1.4899999999999984,0.8668617197945316,39.900714691176304,-32.5,455.0,477.00000000000006,513.0,466.0000000000001,482.40999999999997,513.32,507.59000000000015,-3.169999999999984,2.629999999999999,-9.589999999999943,213.0
2025-01-29,45.966199468533105,411.0730391787314,457.0392386472645,-2.0000000000000018,0.14999999999999858,-1.6452883203407431,0.0,0.0,455.0,475.0,515.0,466.9999999999999,481.72000000000014,512.9299999999998,509.9700000000003,-3.900000000000059,3.359999999999985,-9.23999999999996,215.0
2025-01-30,44.72119471802589,408.5633675792402,453.2845622972661,-2.0000000000000018,-0.7199999999999989,0.2191181375199136,0.0,0.0,451.99999999999994,472.99999999999994,509.99999999999994,465.99999999999994,478.46000000000004,510.53,505.6899999999999,-3.0400000000000205,2.629999999999999,-8.800000000000008,214.0
2025-01-31,48.81837086553329,410.65351388328463,459.47188474881796,4.0000000000000036,0.5899999999999999,-0.35631118963257435,0.0,0.0,458.0,479.9999999999999,518.0,473.0000000000001,485.21999999999997,517.74,515.9899999999999,-3.249999999999975,3.109999999999946,-8.980000000000032,216.0
2025-02-03,41.06552563530119,412.3146261222781,453.3801517575793,3.000000000000025,2.1900000000000013,0.9292223188023918,0.0,0.0,454.0,472.99999999999994,510.00000000000006,466.9999999999999,476.20000000000005,516.2900000000001,473.22999999999996,-2.0299999999999763,0.7500000000000284,-4.470000000000063,209.0
2025-02-04,42.18616092477898,410.6146490193476,452.80080994412657,-1.000000000000023,-1.4100000000000001,-0.6550241760717945,0.0,0.0,451.99999999999994,472.99999999999994,509.99999999999994,463.00000000000006,476.68000000000006,508.41,506.2800000000001,-2.740000000000009,3.6399999999999544,-9.079999999999977,208.0
2025-02-05,32.904603021556326,409.84420219042147,442.7488052119778,-2.0000000000000018,-1.4400000000000013,-2.284943277234408,0.0,0.0,443.0,461.99999999999994,495.0000000000001,453.9999999999997,464.15,495.6099999999999,493.07000000000016,-1.9300000000000317,2.540000000000031,-8.790000000000031,200.99999999999997
2025-02-06,31.474841086823428,412.8220099032524,444.2968509900759,0.0,-0.2699999999999996,-0.5900550977477437,0.0,0.0,445.0,461.99999999999994,495.0,455.0,463.9200000000001,494.47999999999996,497.6199999999999,-1.699999999999946,2.939999999999987,-9.09999999999993,202.99999999999997
2025-02-07,30.65663980335786,416.8306420319807,447.48728183533854,0.0,1.0399999999999991,0.49195404580473223,0.0,0.0,449.0,464.00000000000017,501.0,457.0000000000002,465.55999999999995,504.65999999999997,474.53999999999985,-1.670000000000016,1.5699999999999825,-6.269999999999953,206.99999999999997
2025-02-10,32.2673619848449,415.88573351850647,448.1530955033514,2.0000000000000018,-0.7299999999999986,1.9577161171509871,0.0,0.0,451.0,467.9999999999999,501.0,461.0000000000002,467.11,507.8,477.3299999999999,-0.2600000000000158,1.020000000000021,-6.059999999999999,206.99999999999997
2025-02-11,36.4748101295925,415.59008294346984,452.06489307306236,2.0000000000000018,0.20999999999999908,1.28417065282731,20.180747873508373,0.0,454.0,470.9999999999999,506.00000000000006,465.00000000000006,472.3999999999999,512.19,476.50000000000006,-1.020000000000021,0.990000000000002,-5.220000000000002,208.0
2025-02-12,44.15084018246524,419.4282881466834,463.57912832914866,0.0,-0.129999999999999,-2.682601195779011,42.0,7.5,462.0,476.0,518.0,469.00000000000006,484.15,517.0999999999999,486.2100000000001,-4.3400000000000105,2.1100000000000563,-6.200000000000028,216.0
2025-02-13,34.15391958502916,417.9894736177201,452.1433932027493,-2.0000000000000018,-0.7900000000000009,-0.08369368601242044,51.28655555115584,2.833333333333332,451.99999999999994,464.99999999999994,506.00000000000006,458.0,470.71000000000004,507.83000000000004,476.64999999999986,-3.2399999999999984,1.529999999999987,-6.950000000000056,208.0
2025-02-14,32.135254035530906,414.8462988638938,446.98155289942474,-0.9999999999999787,-0.33000000000000007,-0.8548857333698479,0.0,0.0,447.0,460.99999999999994,503.0,457.0000000000002,466.32000000000005,507.24,473.90000000000015,-3.049999999999997,0.9599999999999831,-6.669999999999998,204.0
2025-02-18,38.569531740480116,416.4602794512326,455.0298111917128,2.0000000000000018,0.5800000000000001,1.6194685919980856,0.0,0.0,455.0,470.0,510.99999999999994,465.00000000000006,475.33000000000004,513.4300000000001,483.2400000000002,-2.910000000000057,1.7700000000000493,-6.25,210.0
2025-02-19,39.06451560262409,413.8561139829673,452.9206295855914,0.0,-0.08000000000000007,0.511086132183447,26.25306354680867,0.0,453.0,469.00000000000006,504.9999999999999,469.99999999999983,474.7000000000001,515.3700000000001,475.6899999999999,-2.719999999999967,-1.670000000000016,-5.449999999999999,208.0
2025-02-20,36.62803768496694,413.4092639558361,450.03730164080304,0.0,0.39000000000000057,0.4124851166777965,18.463159998416103,-13.333333333333332,450.0,466.0,503.9999999999999,468.0000000000002,471.35999999999996,514.01,476.7100000000002,-2.9200000000000337,-1.4000000000000234,-5.790000000000006,204.99999999999997
2025-02-21,33.196137092995045,410.4384915656471,443.63462865864216,-3.000000000000025,2.5500000000000007,-3.0085834622314955,0.0,0.0,442.0,458.0000000000001,496.0000000000001,462.99999999999983,464.9100000000001,499.03,503.9199999999999,-3.8899999999999935,0.730000000000075,-9.260000000000002,200.0
2025-02-24,33.27680001344797,408.67094161482356,441.94774162827156,0.0,0.7699999999999996,0.4796172263493048,16.358793525501994,13.0,440.00000000000006,456.99999999999994,498.0000000000001,459.99999999999994,464.13,499.3500000000002,502.85999999999973,-4.089999999999971,1.7000000000000348,-9.279999999999955,198.0
2025-02-25,27.08158285445874,404.31842418364505,431.4000070381038,-4.0000000000000036,0.4499999999999993,-2.7246532482113395,38.87787063791461,7.666666666666664,430.0,447.99999999999994,488.0,447.00000000000006,453.69,490.59999999999997,487.9600000000001,-3.5200000000000564,1.4699999999999491,-9.640000000000004,192.0
2025-02-26,23.33846478187062,403.10632477858127,426.4447895604519,-2.0000000000000018,-0.3299999999999983,-0.4057388554159935,39.42654676290089,1.0,425.0,444.00000000000006,484.99999999999994,442.9999999999998,448.7400000000001,486.2,483.81999999999977,-3.54000000000001,2.200000000000024,-9.039999999999981,189.0
2025-02-27,27.44364063929421,402.852103389042,430.2957440283362,1.000000000000023,2.0299999999999976,2.5092720943632685,0.0,0.0,429.0,449.0,488.99999999999994,449.99999999999983,453.98999999999995,492.5700000000001,491.9700000000001,-3.2600000000000406,1.5099999999999447,-9.350000000000058,192.0
2025-02-28,25.90502597725836,399.6124757539526,425.5175017312109,0.9999999999999787,-1.5,-0.9246811742435135,0.0,0.0,424.0,445.0000000000001,485.99999999999994,442.9999999999998,450.36000000000007,489.45999999999987,490.31,-3.3299999999999663,1.729999999999965,-10.639999999999983,186.0
2025-03-03,20.26421809429672,398.07105461560815,418.33527270990487,-2.0000000000000018,3.150000000000002,-1.9336821837261375,0.0,0.0,416.0,434.99999999999994,482.0000000000001,436.99999999999994,442.4,483.42,487.5300000000003,-4.239999999999977,2.400000000000002,-10.72999999999995,180.0
2025-03-04,27.527057876566865,396.9801157903413,424.50717366690816,-0.9999999999999787,0.7300000000000004,-0.23340637875719494,0.0,0.0,422.0,443.0,489.99999999999994,447.00000000000017,451.1799999999999,493.6700000000002,497.57999999999976,-4.180000000000028,1.8599999999999284,-10.689999999999955,187.0
2025-03-05,30.87400405860441,399.8136149754772,430.6876190340816,-1.000000000000023,-1.5800000000000018,-2.7991460986092953,0.0,0.0,428.0,448.0000000000001,493.99999999999994,449.0000000000002,456.7099999999999,496.56,500.1399999999999,-4.429999999999978,1.9400000000000084,-11.129999999999995,194.0
2025-03-06,35.52904515696511,396.7242096012952,432.2532547582603,0.0,2.9400000000000013,0.06006006186547452,0.0,0.0,429.0,452.00000000000006,497.0,448.0000000000001,460.71,499.89,497.78999999999985,-4.659999999999975,1.8600000000000172,-11.390000000000011,195.0
2025-03-07,36.901337391309056,397.96063349904955,434.8619708903586,-0.9999999999999787,-1.5,1.0006804434693706,0.0,0.0,432.0,455.00000000000006,500.0,453.9999999999999,463.47999999999996,503.2100000000001,501.6299999999998,-4.300000000000015,1.9899999999999807,-10.419999999999963,199.0
2025-03-10,31.49295423230729,393.36028073320887,424.85323496551615,-2.0000000000000018,4.489999999999998,-1.4670921819450733,0.0,0.0,422.0,445.9999999999999,493.99999999999994,445.9999999999999,454.4300000000002,497.8399999999998,499.24000000000007,-4.260000000000019,2.2199999999999775,-11.329999999999973,191.0
2025-03-11,37.25900029090145,393.66963748876793,430.9286377796694,0.0,-0.9399999999999977,0.31619389439505596,20.180747873508373,0.0,428.0,453.0,497.9999999999999,451.0,461.75999999999993,502.96000000000004,497.54999999999984,-4.089999999999971,1.6300000000000203,-10.550000000000015,197.0
2025-03-12,38.91678893949377,396.2257807870016,435.1425697264954,2.0000000000000018,-2.6900000000000013,1.6844700292070414,39.0,1.0,432.0,455.00000000000006,502.00000000000006,455.0,465.07999999999987,505.88999999999993,500.3900000000003,-4.380000000000006,1.890000000000036,-10.099999999999998,199.0
2025-03-13,36.35307062516526,393.7345116806864,430.0875823058517,-4.0000000000000036,0.4299999999999997,-1.2344917688187351,45.132168885017144,0.5,426.99999999999994,451.99999999999994,499.0,451.0,460.59000000000003,503.0999999999999,498.9300000000003,-4.290000000000038,2.090000000000014,-10.430000000000028,198.0
2025-03-14,36.932607516530695,397.42820951482304,434.3608170313537,0.9999999999999787,-2.8900000000000006,0.9087585817880495,0.0,0.0,430.99999999999994,452.99999999999994,499.0,455.99999999999994,462.88,503.32,498.39000000000004,-4.740000000000055,1.2599999999999945,-9.630000000000027,200.99999999999997
2025-03-17,34.16859573511508,399.3667778638154,433.53537359893045,-0.9999999999999787,-1.259999999999998,0.6061968737157031,0.0,0.0,430.99999999999994,450.9999999999999,497.00000000000006,452.00000000000006,460.12000000000006,500.0399999999999,492.4899999999999,-4.170000000000051,1.8199999999999328,-9.270000000000067,202.0
2025-03-18,32.84877658534997,398.0584150716396,430.9071916569896,0.9999999999999787,1.1899999999999977,-0.5172552728332391,21.330614131782042,0.0,429.0,451.0,493.00000000000006,452.00000000000006,458.0299999999999,498.71,489.35,-3.4900000000000375,0.9500000000000064,-8.969999999999967,199.0
2025-03-19,30.55747372039143,397.1692914109759,427.72676513136736,1.000000000000023,-1.8000000000000007,-0.133442083705404,0.0,0.0,425.0,447.0,490.99999999999994,451.9999999999999,455.63999999999993,496.59,494.12,-4.260000000000019,0.8099999999999774,-9.530000000000083,194.0
2025-03-20,30.75989332677409,395.1156448404507,425.8755381672248,0.0,-0.09999999999999787,1.6918388090061853,18.0,-13.5,424.0,447.00000000000017,490.00000000000006,451.0,454.3299999999999,496.9100000000002,495.52,-3.3199999999999896,0.8900000000000574,-9.920000000000062,193.0
2025-03-21,34.98777623993478,392.46955936480606,427.4573356047409,2.0000000000000018,-0.5199999999999996,-0.04377325524034248,0.0,0.0,425.0,450.0,495.0,456.99999999999983,458.02000000000004,503.11999999999995,500.42,-3.6599999999999966,0.709999999999944,-9.40000000000003,192.0
2025-03-24,39.86123556917125,396.0210596488486,435.88229521801986,2.9999999999999805,-1.8000000000000007,1.362537386000806,0.0,0.0,434.0,459.0,501.99999999999994,462.00000000000017,465.86999999999995,509.32000000000005,502.0799999999999,-3.1500000000000306,1.1199999999999655,-8.870000000000022,198.0
2025-03-25,39.12973318419981,394.4225366957648,433.55226987996457,-0.9999999999999787,-0.33000000000000185,0.028789405697704495,16.358793525501994,13.0,430.99999999999994,454.9999999999999,503.0000000000001,460.99999999999994,464.35000000000014,509.6799999999999,504.7200000000001,-3.7400000000000766,1.4800000000000146,-9.23999999999996,196.0
2025-03-26,42.60260268980582,394.33529937432866,436.9379020641345,2.0000000000000018,1.1799999999999997,0.8170331410111586,45.51622163377049,8.666666666666664,434.99999999999994,462.0,507.0,465.0000000000001,468.54,514.59,507.06999999999994,-3.0600000000000627,1.5900000000000247,-8.840000000000003,198.0
2025-03-27,47.05695812655621,392.9705337202825,440.0274918468387,2.0000000000000018,0.360000000000003,0.3562526033602964,32.78819576704501,0.0,438.0,467.0,512.0,469.00000000000006,473.86,519.63,510.18,-2.8699999999999726,1.949999999999985,-8.369999999999944,199.0
2025-03-28,39.94790400127113,388.73900748079683,428.68691148206796,-2.0000000000000018,2.9599999999999973,-0.7997757569113695,0.0,0.0,426.99999999999994,455.99999999999994,503.0,461.99999999999994,462.41,511.4700000000001,505.53999999999985,-2.5600000000000733,2.000000000000046,-8.370000000000033,190.0
2025-03-31,36.87406145089196,388.2631730442952,425.13723449518716,0.9999999999999787,0.6300000000000026,3.0084890232846107,0.0,0.0,423.00000000000006,450.0000000000001,501.0,452.99999999999983,457.91000000000014,506.12999999999994,499.0700000000001,-3.0799999999999272,3.1200000000000117,-8.84999999999998,185.0
2025-04-01,31.61594323433299,387.4114052771586,419.02734851149165,-4.999999999999982,-0.5100000000000016,-0.3624202461502968,0.0,0.0,417.0,443.00000000000006,494.99999999999983,444.00000000000006,450.57999999999987,498.90000000000015,491.97999999999996,-3.0999999999999694,3.509999999999991,-9.370000000000012,184.0
2025-04-02,32.12311638270502,390.1020089662881,422.2251253489931,-1.000000000000023,-0.259999999999998,0.7096669316267956,0.0,0.0,420.0,445.0,495.9999999999999,445.9999999999999,453.01999999999987,500.1500000000001,493.5299999999998,-3.399999999999981,3.0199999999999783,-9.670000000000023,188.0
2025-04-03,30.31849950964358,378.0872315029343,408.4057310125779,-4.0000000000000036,8.509999999999998,-6.724137558862608,0.0,0.0,405.99999999999994,436.99999999999994,495.9999999999999,445.0000000000003,445.4700000000001,503.28,500.0099999999999,-3.049999999999997,3.65000000000002,-9.719999999999995,178.0
2025-04-04,23.6614640213943,379.61738768772074,403.27885170911503,-9.999999999999964,15.290000000000003,-7.720428590385708,0.0,0.0,401.0,429.9999999999999,487.00000000000017,434.99999999999994,437.77999999999986,492.39000000000016,493.3099999999999,-3.220000000000045,3.730000000000011,-10.75999999999997,183.0
2025-04-07,41.52139067866733,377.39355333748506,418.9149440161524,0.9999999999999787,1.6699999999999946,-2.2192536285920106,0.0,0.0,415.00000000000006,448.00000000000006,507.0,452.00000000000006,459.1800000000001,514.4399999999999,505.71999999999997,-4.159999999999986,3.250000000000064,-10.170000000000012,196.0
2025-04-08,58.51125564590727,373.5290391797016,432.04029482560884,3.000000000000025,5.350000000000001,-1.6682193791452526,20.180747873508373,0.0,426.0,463.9999999999999,526.0,461.0000000000002,479.01,532.33,511.8100000000001,-5.480000000000018,3.929999999999989,-9.909999999999997,204.0
2025-04-09,52.433445146937615,388.4036954733699,440.83714062030754,4.999999999999982,-18.71,4.223338977206037,39.0,7.166666666666668,434.0,462.0,522.0000000000001,459.9999999999999,479.28,523.6099999999999,505.38000000000005,-7.140000000000057,3.200000000000003,-9.940000000000015,206.99999999999997
2025-04-10,69.0802554819384,378.7715656656063,447.85182114754474,-8.000000000000007,7.100000000000001,-3.3444675544465063,45.132168885017144,0.5,440.00000000000006,476.0,540.0,478.0000000000001,495.26000000000005,547.7399999999999,524.4000000000002,-7.129999999999992,2.5800000000000267,-9.689999999999976,221.0
2025-04-11,67.52557678729816,387.36673228263123,454.89230906992935,1.000000000000023,-3.1599999999999966,2.1881996538284376,0.0,0.0,448.00000000000006,481.00000000000006,534.0,472.99999999999994,497.09000000000003,537.88,509.58000000000015,-6.569999999999965,2.5000000000000355,-8.900000000000041,227.99999999999997
2025-04-14,63.51632348329823,380.5560908517084,444.0724143350066,2.9999999999999805,-6.670000000000002,0.12913641826877154,0.0,0.0,438.0,474.0,530.0,472.00000000000006,489.28000000000003,537.44,512.5,-5.580000000000052,2.519999999999989,-8.71000000000004,215.0
2025-04-15,62.80949260779178,377.9859102834167,440.7954028912084,-4.0000000000000036,-0.7699999999999996,-0.4041062639815074,0.0,0.0,434.99999999999994,472.00000000000006,529.0000000000001,472.9999999999999,486.34000000000003,538.1999999999999,511.4,-5.230000000000068,2.3000000000000576,-8.079999999999998,216.0
2025-04-16,60.50455656003102,373.9283416421957,434.4328982022267,-2.0000000000000018,2.5199999999999996,1.8296129046937892,21.330614131782042,0.0,429.0,467.0,524.9999999999999,468.0000000000002,481.87000000000006,536.8100000000001,510.61000000000007,-4.7399999999999665,1.8299999999999983,-9.249999999999936,212.0
2025-04-17,65.26954005027248,375.1864701552006,440.4560102054731,6.000000000000005,-2.990000000000002,3.423546538594202,13.884953799255216,-45.0,434.0,472.99999999999994,530.0000000000001,476.0,489.31000000000006,542.91,513.49,-5.600000000000005,0.9400000000000297,-8.579999999999988,211.0
2025-04-21,82.25175273849388,367.8069691678604,450.05872190635426,-0.9999999999999787,4.170000000000002,-2.4738717848684644,0.0,0.0,442.0,487.0,546.0000000000001,484.99999999999994,506.6899999999999,558.85,516.1599999999999,-6.109999999999971,1.7300000000000537,-7.270000000000021,220.00000000000003
2025-04-22,75.79297078071447,372.0026704944141,447.79564127512856,4.999999999999982,-3.25,1.7489515130347577,16.358793525501994,6.5,441.0,484.00000000000006,539.0,484.00000000000006,500.46999999999997,553.2000000000002,515.68,-5.349999999999966,0.9200000000000763,-7.54999999999999,214.0
2025-04-23,67.36972059884967,378.11772876751724,445.48744936636695,2.0000000000000018,-2.120000000000001,-3.0810359106007823,45.99038956204591,-25.0,440.00000000000006,480.0,532.0,477.00000000000006,492.84999999999997,542.7900000000001,510.62999999999977,-4.689999999999994,1.8000000000000682,-7.629999999999981,211.0
2025-04-24,63.29960764479652,374.267698353846,437.56730599864255,0.9999999999999787,-1.9800000000000004,1.4422945952914823,32.78819576704501,0.0,432.0,473.00000000000006,526.0,472.99999999999994,485.3600000000001,537.35,505.22999999999996,-4.7399999999999665,1.7199999999999882,-7.020000000000071,202.0
2025-04-25,59.89624505863445,373.1349308860549,433.03117594468927,-2.9999999999999805,-1.629999999999999,0.4709584843085146,0.0,0.0,429.0,470.0,521.0,472.00000000000017,480.6199999999999,534.8100000000001,505.53,-3.2899999999999707,1.4199999999999768,-7.050000000000001,202.0
2025-04-28,58.49380662427257,369.4532393012916,427.9470459255641,-2.0000000000000018,0.3099999999999987,-0.8651253328417319,0.0,0.0,423.00000000000006,465.00000000000006,519.0,465.0000000000001,477.58000000000004,531.3599999999999,500.08,-4.019999999999957,1.9199999999999662,-7.399999999999984,198.0
2025-04-29,54.467607458021035,368.19127502191566,422.6588824799367,-2.0000000000000018,-0.9799999999999969,-2.3334924870964002,0.0,0.0,419.00000000000006,461.0000000000001,513.0,459.9999999999999,471.3500000000001,526.0599999999998,496.47000000000025,-2.8399999999999537,2.0800000000000374,-7.54999999999999,196.0
2025-04-30,59.17044723972778,362.6714262567519,421.8418734964797,0.0,0.5299999999999976,-3.7734108477857298,0.0,0.0,417.0,462.0,519.0,462.00000000000017,474.48999999999984,532.8900000000001,500.02999999999986,-3.6100000000000243,2.289999999999992,-7.669999999999977,194.0
2025-05-01,63.37119953661738,366.3640830230769,429.73528255969427,2.0000000000000018,-0.09999999999999787,1.7313567155587961,0.0,0.0,425.0,468.99999999999994,525.0,472.00000000000017,481.23000000000013,539.9899999999998,504.98,-3.559999999999963,1.7599999999999838,-6.700000000000017,200.0
2025-05-02,64.08040382938434,372.9381460555536,437.01854988493795,2.0000000000000018,-1.9200000000000017,-1.5300481422906742,0.0,0.0,433.0,473.99999999999994,528.9999999999999,475.0,485.38000000000005,542.59,505.7599999999999,-3.259999999999952,2.0499999999999297,-6.510000000000016,206.0
2025-05-05,67.84976445567996,372.5291241767894,440.3788886324694,0.9999999999999787,0.9600000000000009,-1.9802627296179764,20.180747873508373,0.0,436.00000000000006,477.00000000000006,531.9999999999999,481.00000000000006,490.19000000000005,547.47,509.01,-3.4299999999999997,1.2900000000000134,-6.1799999999999855,208.0
2025-05-06,68.10559081923304,369.5526264357081,437.6582172549411,-2.0000000000000018,1.120000000000001,3.2293421720715365,42.0,7.5,430.0,470.0,534.0000000000001,478.9999999999997,488.91,547.51,510.22999999999996,-6.5199999999999925,1.0900000000000354,-6.920000000000037,204.0
2025-05-07,62.42071162851626,370.5168842349918,432.937595863508,-0.9999999999999787,-1.2100000000000009,-1.6689305924064257,0.0,0.0,426.0,464.9999999999999,530.0000000000001,474.99999999999983,482.62,542.55,509.06,-6.059999999999999,1.6900000000000581,-6.950000000000056,200.99999999999997
2025-05-08,66.4438654472515,377.0282376247555,443.472103072007,4.0000000000000036,-1.0700000000000003,3.0332979390374604,51.28655555115584,5.333333333333332,437.0,474.0,535.0,477.00000000000006,490.6499999999999,546.25,510.8299999999998,-5.849999999999955,1.6600000000000392,-7.8199999999999825,208.0
2025-05-09,66.6502489066596,376.7917873998926,443.4420363065522,0.0,-0.5800000000000018,1.8120541113194832,0.0,0.0,437.0,474.0,535.0,477.00000000000006,490.88000000000005,546.63,514.1800000000002,-5.759999999999987,1.6000000000000014,-8.46,208.0
2025-05-12,67.46900202285579,383.0541057287821,450.52310775163784,0.0,-3.509999999999998,1.511684447477979,0.0,0.0,445.0,481.00000000000006,539.0,482.99999999999983,495.21999999999997,549.15,515.2600000000001,-5.250000000000021,2.0299999999999763,-7.210000000000072,216.0
2025-05-13,72.66871904149066,382.0702118051994,454.73893084669,2.9999999999999805,-0.1700000000000017,2.680123022674419,0.0,0.0,449.0,486.0000000000001,544.9999999999999,488.0000000000002,501.45,557.1699999999998,508.6100000000002,-5.440000000000023,1.3700000000000045,-5.739999999999945,217.0
2025-05-14,73.76416575755957,384.43525042485857,458.19941618241813,5.000000000000027,0.40000000000000213,-0.8647367041182186,0.0,0.0,453.0,489.00000000000006,547.0,490.99999999999994,504.09999999999997,559.8699999999999,511.3200000000001,-5.0499999999999545,1.159999999999961,-5.869999999999997,216.0
2025-05-15,71.4704082844504,378.9685970373911,450.4390053218414,-3.000000000000025,-0.7900000000000027,-2.274429467335448,0.0,0.0,445.0,483.0,540.9999999999999,487.00000000000017,498.3100000000001,554.9099999999999,510.93,-4.889999999999972,1.049999999999951,-6.109999999999971,211.0
2025-05-16,68.53779650163258,379.78448344370616,448.3222799453388,0.0,-0.5899999999999999,1.2769149616534747,0.0,0.0,443.0,480.0,541.0000000000001,482.99999999999983,495.27,553.8499999999999,502.8899999999998,-5.109999999999992,1.4899999999999913,-5.540000000000056,209.0
2025-05-19,73.59305390952416,377.88712759961345,451.4801815091376,2.0000000000000018,0.9000000000000021,0.21905813798186458,0.0,0.0,446.0,484.99999999999994,544.0,485.99999999999994,500.62000000000006,557.02,506.03999999999996,-4.809999999999981,1.6499999999999737,-5.41999999999998,210.0
2025-05-20,77.74148015422205,376.10914256623664,453.85062272045866,-0.9999999999999787,-0.05000000000000071,-0.01563110593263417,0.0,0.0,448.00000000000006,489.00000000000006,550.0000000000001,490.00000000000006,505.1399999999998,564.0300000000001,509.8700000000001,-4.97999999999994,1.7400000000000304,-5.349999999999966,213.0
2025-05-21,89.49751243500815,375.7954028188573,465.2929152538655,0.0,2.780000000000001,-1.63912259232033,26.25306354680867,0.0,458.0,501.0,558.0,508.0000000000001,520.0300000000001,576.9,518.6199999999998,-5.8399999999999785,-0.7100000000000328,-4.3400000000000105,223.0
2025-05-22,85.6375484731974,375.2599595885135,460.8975080617109,-1.000000000000023,-0.5899999999999999,-0.6056760625922308,17.277442726176034,2.0,454.0,497.0,556.0,505.0,515.1999999999999,576.4,515.1,-5.750000000000011,-0.990000000000002,-4.510000000000058,220.00000000000003
2025-05-23,81.69540103479846,375.8840447319336,457.5794457667321,-0.9999999999999787,2.009999999999998,0.5420931642492022,0.0,0.0,451.0,493.99999999999994,555.0000000000001,505.9999999999998,511.0899999999999,576.2200000000001,517.7199999999999,-5.690000000000062,-0.9799999999999365,-4.319999999999968,218.00000000000003
2025-05-27,73.99413342158235,375.2047443228195,449.19887774440184,-1.000000000000023,-3.3299999999999983,-2.0562973528932993,16.358793525501994,13.0,443.0,481.99999999999994,547.0000000000001,492.00000000000017,500.7,565.48,503.9299999999997,-5.640000000000001,-0.13999999999994017,-4.61999999999998,211.0
2025-05-28,76.41263233885738,376.7874071067863,453.2000394456437,0.0,0.34999999999999787,1.498215700321559,45.51622163377049,7.833333333333332,447.0,488.9999999999999,551.0000000000001,492.9999999999998,504.8499999999999,567.5600000000001,505.1099999999996,-5.569999999999986,0.649999999999995,-4.459999999999997,215.0
2025-05-29,72.93550552279244,374.9413208175172,447.8768263403096,0.0,-0.129999999999999,-1.417092957169075,32.78819576704501,0.0,443.0,485.99999999999994,545.0000000000001,487.99999999999983,499.34000000000003,562.15,507.4900000000001,-4.1400000000000325,1.040000000000063,-5.410000000000004,211.0
2025-05-30,73.7829969391612,372.7953129469202,446.5783098860814,2.0000000000000018,-0.6099999999999994,-0.324886575566552,0.0,0.0,441.0,486.00000000000006,544.9999999999999,490.00000000000006,499.48999999999995,562.9799999999999,513.51,-4.549999999999965,0.7699999999999818,-5.860000000000021,206.99999999999997
2025-06-02,78.82922649653814,372.63388655106377,451.4631130476019,-0.9999999999999787,-0.21000000000000085,2.902472645645471,0.0,0.0,446.0,491.0000000000001,554.0,497.00000000000017,505.67000000000013,571.9,517.13,-4.420000000000002,1.499999999999968,-4.689999999999994,213.0
2025-06-03,77.22000509908358,374.4286964429074,451.64870154199093,-1.000000000000023,-0.6699999999999982,1.3033080767830718,0.0,0.0,446.0,488.00000000000006,554.0,494.00000000000006,504.50000000000017,570.7699999999999,515.6000000000001,-4.84,1.639999999999997,-5.299999999999994,214.0
2025-06-04,69.93213973901713,371.5333275404612,441.46546727947833,-0.9999999999999787,-0.08000000000000185,-0.8302702978306264,0.0,0.0,437.0,481.00000000000006,543.0,486.99999999999994,493.5100000000001,559.2199999999998,514.59,-3.5800000000000054,2.260000000000062,-5.350000000000055,206.0
2025-06-05,67.92085341174565,376.1834061578958,444.10425956964144,-2.0000000000000018,0.870000000000001,0.7678483232694155,0.0,0.0,440.00000000000006,480.99999999999994,540.0,484.00000000000006,492.87,555.3,510.34999999999997,-3.6399999999999544,1.7900000000000027,-5.9800000000000075,211.0
2025-06-06,73.40650390731498,382.43117132123905,455.8376752285541,2.0000000000000018,-1.7100000000000009,1.9171892101373267,0.0,0.0,451.0,488.9999999999999,547.0000000000001,492.9999999999998,503.1700000000001,560.93,513.0600000000002,-4.520000000000035,1.3399999999999856,-5.200000000000049,220.00000000000003
2025-06-09,72.67263086758469,380.66777533778895,453.34040620537365,0.0,0.39000000000000057,1.051117911294508,0.0,0.0,449.0,489.00000000000017,547.0000000000001,488.9999999999999,501.46000000000004,560.56,516.8000000000001,-3.8699999999999513,2.1600000000000286,-6.369999999999987,218.00000000000003
2025-06-10,70.29741195663189,381.03322896082017,451.330640917452,-2.0000000000000018,-0.21000000000000085,-0.5013303321883988,20.180747873508373,0.0,447.0,485.99999999999994,545.0000000000001,486.9999999999998,498.6299999999999,557.6400000000001,513.9799999999999,-3.990000000000027,2.3900000000000254,-6.030000000000069,218.00000000000003
2025-06-11,68.5135484592577,377.47399061249286,445.9875390717506,-2.0000000000000018,0.3100000000000023,4.831139329567069,39.0,0.33333333333333587,441.0,480.00000000000006,544.9999999999999,487.00000000000017,494.5100000000001,557.1299999999999,521.25,-4.450000000000021,3.0899999999999928,-6.269999999999953,214.0
2025-06-12,62.46011240730533,377.0098054707928,439.4699178780981,-2.0000000000000018,0.759999999999998,-0.2615520235602631,45.132168885017144,0.16666666666666793,436.00000000000006,475.0,536.0,479.9999999999999,486.34000000000003,548.1999999999999,516.3000000000002,-3.0999999999999694,3.3000000000000362,-6.4600000000000435,211.0
2025-06-13,68.6155950002525,377.062373848605,445.67796884885746,2.9999999999999805,2.8000000000000007,7.171480506108274,0.0,0.0,441.0,480.00000000000006,544.9999999999999,484.00000000000006,494.21000000000015,558.0499999999998,516.69,-4.260000000000019,2.829999999999977,-6.699999999999928,213.0
2025-06-16,73.33935822024485,376.60490466232443,449.9442628825692,2.0000000000000018,-1.7100000000000009,-1.790032081927606,21.330614131782042,0.0,446.0,488.00000000000006,547.9999999999999,494.0000000000002,500.39,564.69,519.6,-3.310000000000013,1.8799999999999706,-5.299999999999994,216.0
2025-06-17,65.66908079703282,376.65088295636826,442.31996375340105,1.000000000000023,2.490000000000002,4.172052908746604,12.774157495314798,2.5,438.99999999999994,478.9999999999999,539.0,486.0000000000001,490.72,556.2600000000001,513.13,-3.020000000000067,1.4699999999999491,-5.930000000000035,208.0
2025-06-18,66.6825774236532,376.0694917859944,442.7520692096476,0.0,-1.4600000000000009,0.35641249530344865,0.0,0.0,438.0,477.99999999999994,540.0,486.0000000000001,491.7800000000001,555.5699999999999,513.2200000000001,-4.260000000000019,1.5699999999999825,-5.850000000000044,206.99999999999997
2025-06-20,68.608361093776,373.8429942426916,442.4513553364676,2.0000000000000018,0.4800000000000004,-0.22425970746997592,0.0,0.0,438.0,479.9999999999999,542.0,486.99999999999994,492.8400000000001,557.43,517.6200000000001,-3.730000000000011,2.2499999999999964,-5.880000000000063,204.99999999999997
2025-06-23,67.97119943655056,370.3857958469454,438.35699528349596,-3.000000000000025,-0.7900000000000027,-8.773199386883501,0.0,0.0,434.0,476.99999999999994,540.0,486.99999999999994,490.2799999999999,556.33,521.0999999999997,-3.390000000000004,2.3699999999999832,-5.91999999999997,204.0
2025-06-24,65.85078646131626,368.3634830804801,434.21426954179634,-0.9999999999999787,-2.349999999999998,-5.802384011637773,16.358793525501994,13.0,430.0,474.0,536.0,483.0000000000001,486.51,553.0799999999999,516.9299999999998,-3.2099999999999795,2.120000000000033,-6.1200000000000365,200.99999999999997
2025-06-25,66.7124685931161,366.949708059873,433.66217665298905,-1.000000000000023,-0.7199999999999989,0.8065173444526508,45.51622163377049,7.833333333333332,429.0,475.0,536.9999999999999,483.0000000000001,486.77000000000004,554.04,516.2700000000001,-3.5700000000000287,2.1600000000000286,-5.970000000000031,200.99999999999997
2025-06-26,66.81813993145597,364.003799769356,430.821939700812,0.0,-0.1700000000000017,0.6947618944658451,32.78819576704501,0.0,426.0,472.9999999999999,536.0,480.99999999999994,485.45999999999987,553.2,516.7699999999999,-3.509999999999991,2.3699999999999832,-6.25,198.0
2025-06-27,69.30422014320628,365.12172797118916,434.4259481143954,1.000000000000023,-0.2699999999999996,0.33057881344999984,0.0,0.0,429.0,475.0,541.0,484.99999999999994,489.2200000000001,556.4300000000001,518.2599999999998,-4.079999999999995,2.970000000000006,-5.299999999999994,200.0
2025-06-30,62.22613146137288,365.86057491526776,428.0867063766406,0.0,0.41000000000000014,-0.5415175687777385,0.0,0.0,424.0,469.0000000000001,533.9999999999999,476.00000000000006,480.79,547.43,515.66,-2.999999999999936,4.049999999999976,-6.02999999999998,195.0
2025-07-01,60.02339885654337,369.9533627328797,429.97676158942306,0.0,0.09999999999999787,0.51151006667709,0.0,0.0,426.0,467.9999999999999,532.0,476.00000000000006,479.67000000000013,544.15,512.6899999999999,-3.2300000000000217,3.87000000000004,-5.640000000000001,197.0
2025-07-02,65.64318950528745,369.1471512948288,434.7903408001162,0.9999999999999787,-0.18999999999999773,2.9861790170958358,0.0,0.0,430.0,472.99999999999994,538.0,478.0000000000003,486.2499999999999,549.8200000000002,514.47,-3.790000000000049,3.960000000000008,-5.9800000000000075,200.0
2025-07-03,64.45064220678125,375.0821218213382,439.5327640281195,3.000000000000025,-0.26000000000000156,-0.7749143243969137,0.0,0.0,434.99999999999994,476.0,539.0,484.00000000000006,489.04999999999995,552.0300000000001,517.25,-3.849999999999998,3.0300000000000438,-5.689999999999973,202.0
2025-07-07,71.84068693320125,372.54833392272104,444.3890208559223,2.0000000000000018,1.4100000000000001,1.5005016029513207,0.0,0.0,440.00000000000006,484.0,545.9999999999999,490.00000000000006,496.6299999999999,561.21,519.6500000000001,-3.399999999999981,2.8200000000000003,-5.220000000000002,204.99999999999997
2025-07-08,72.9542988173184,373.98710150555695,446.9414003228754,0.0,-0.9800000000000004,0.5623257554361771,20.180747873508373,0.0,442.0,484.99999999999994,548.0,492.00000000000017,499.0800000000002,561.6699999999998,522.7700000000001,-3.8800000000000168,3.140000000000054,-5.139999999999922,206.99999999999997
2025-07-09,66.75624791182209,372.1572078664858,438.9134557783079,-2.0000000000000018,-0.8699999999999992,0.08623168111236978,39.0,7.166666666666668,434.0,476.0,540.0,486.99999999999994,490.09000000000003,554.32,519.0,-4.00999999999998,2.719999999999967,-5.259999999999998,200.99999999999997
2025-07-10,65.936219384937,373.3931187743974,439.32933815933444,0.9999999999999787,-0.16000000000000014,-2.664106900166985,45.132168885017144,0.16666666666666793,434.99999999999994,476.99999999999994,539.0,484.00000000000006,489.40000000000003,552.17,516.9199999999998,-3.54000000000001,3.169999999999984,-5.519999999999925,200.99999999999997
2025-07-11,75.48868433695208,372.6357285239419,448.124412860894,3.000000000000025,0.6199999999999992,2.6928342775550007,0.0,0.0,443.0,486.99999999999994,549.0,496.0000000000001,501.20000000000005,564.56,524.46,-3.9500000000000313,2.430000000000021,-4.84,206.0
2025-07-14,76.26577372863647,371.8206574511196,448.08643117975606,2.0000000000000018,0.8000000000000007,-2.0897582421894434,0.0,0.0,443.0,488.0,551.0,497.00000000000006,501.8299999999998,565.8700000000001,525.9400000000002,-3.8300000000000445,3.029999999999955,-4.430000000000067,204.0
2025-07-15,80.31773541466248,374.3194666053027,454.6372020199652,2.0000000000000018,0.17999999999999972,-0.6325876188761903,0.0,0.0,450.0,495.0,553.9999999999999,498.99999999999994,508.22,569.86,524.8100000000001,-3.390000000000004,2.469999999999928,-4.8200000000000465,209.0
2025-07-16,82.08210435204735,369.48924421773256,451.5713485697799,0.0,-0.21999999999999886,-0.9341012393139003,0.0,0.0,446.0,493.0,555.9999999999999,501.0,508.1499999999999,572.68,527.6100000000002,-3.9399999999999658,2.59999999999998,-4.380000000000006,204.99999999999997
2025-07-17,81.35754847417931,371.0118447055569,452.36939317973616,2.0000000000000018,-0.6400000000000006,2.399114256398871,0.0,0.0,447.0,493.0,554.9999999999999,501.0,508.0300000000001,572.1400000000001,523.9999999999998,-3.9100000000000357,2.1700000000000053,-4.11999999999999,204.0
2025-07-18,80.45655742303093,368.55132651239177,449.0078839354227,-2.0000000000000018,-0.10999999999999943,-0.33505749169169263,0.0,0.0,444.00000000000006,492.00000000000006,554.0000000000001,501.9999999999999,505.67000000000013,571.96,527.49,-3.419999999999934,2.430000000000021,-3.8599999999999746,202.99999999999997
2025-07-21,74.43538304888726,368.26455410017854,442.6999371490658,-1.000000000000023,0.23999999999999844,-0.20449904877271052,0.0,0.0,438.0,484.99999999999994,548.0,496.0000000000003,498.00000000000006,565.21,523.46,-3.3299999999999663,2.6699999999999946,-4.029999999999934,198.0
2025-07-22,72.35544511095844,366.7632253441272,439.11867045508563,-0.9999999999999787,-0.14999999999999858,-1.2210523170405274,0.0,0.0,434.99999999999994,482.0,545.0,490.00000000000006,494.32999999999987,562.27,517.8199999999999,-2.8100000000000236,2.880000000000038,-4.420000000000002,196.0
2025-07-23,73.38978069228865,370.3932800316232,443.78306072391183,-2.0000000000000018,-1.1300000000000008,-2.260406097126566,21.330614131782042,0.0,440.00000000000006,486.00000000000006,545.9999999999999,499.0,497.56,565.1200000000001,524.63,-2.6499999999999524,1.8899999999999473,-3.8699999999999513,202.99999999999997
2025-07-24,73.29082491108112,372.6203599179726,445.91118482905375,8.000000000000007,0.02000000000000135,1.6665801241005695,21.0,-13.5,443.0,488.0,547.0000000000001,498.0000000000001,498.51,564.95,522.0200000000001,-1.9600000000000506,2.5000000000000355,-3.559999999999963,198.0
2025-07-25,70.24353575197631,372.2666722124091,442.5102079643854,-1.000000000000023,-0.46000000000000085,-1.1682025917511218,0.0,0.0,440.00000000000006,484.99999999999994,544.0,491.9999999999999,494.34000000000015,561.6399999999999,518.3000000000002,-1.7199999999999882,2.7000000000000135,-4.290000000000038,196.0
2025-07-28,73.09211602959849,372.55258856095264,445.6447045905511,0.0,0.09999999999999964,2.131387040392241,55.236664163416606,14.0,442.0,488.00000000000006,548.0,498.0000000000001,498.19000000000005,565.45,524.7499999999998,-2.70999999999999,2.5000000000000355,-4.039999999999999,198.0
2025-07-29,64.00582831637661,372.1912783213485,436.1971066377251,-0.9999999999999787,0.9500000000000011,3.5635288508355067,39.900714691176304,-32.5,434.0,477.99999999999994,538.0000000000001,486.0000000000001,486.34,554.1800000000001,517.2500000000002,-1.5900000000000247,3.250000000000064,-4.719999999999924,191.0
2025-07-30,64.52967800854314,376.05089604027575,440.5805740488189,-1.000000000000023,-0.5,1.1601714737285995,0.0,0.0,438.0,479.9999999999999,542.0,486.99999999999994,489.5799999999999,556.6199999999999,515.5500000000002,-2.2199999999999775,3.4699999999999953,-4.530000000000012,196.0
2025-07-31,63.153518993333705,376.6677600658505,439.8212790591842,-2.9999999999999805,1.2399999999999984,-1.0321760072034891,0.0,0.0,437.0,478.0,540.9999999999999,488.9999999999999,488.31999999999994,554.96,517.1100000000001,-2.4799999999999933,3.5499999999999865,-3.900000000000059,198.0
2025-08-01,62.477522444458344,363.9643398766362,426.4418623210945,-6.000000000000005,3.66,-2.839830475935212,0.0,0.0,423.00000000000006,469.00000000000006,535.0,484.9999999999999,479.44999999999993,549.9300000000001,526.0000000000001,-2.3599999999999177,4.239999999999977,-4.690000000000083,190.0
2025-08-04,62.32864930156814,362.1904150472617,424.51906434882983,4.0000000000000036,-2.8599999999999994,-1.5620712552815164,0.0,0.0,422.0,468.99999999999994,534.0000000000001,483.9999999999999,477.90999999999997,550.2099999999998,525.1600000000002,-1.4100000000000001,4.330000000000034,-4.659999999999975,185.0
2025-08-05,60.929870465267925,363.7829639036272,424.71283436889513,-1.000000000000023,0.33000000000000185,-1.6925439614227322,20.180747873508373,0.0,422.0,466.9999999999999,531.9999999999999,480.00000000000017,476.67000000000013,546.57,515.7400000000001,-1.7700000000000493,4.369999999999941,-4.169999999999963,186.0
2025-08-06,65.2661055952613,361.501849529476,426.76795512473734,-2.0000000000000018,-1.0800000000000018,-1.246406164689784,42.0,7.166666666666664,422.0,466.9999999999999,538.0000000000001,482.99999999999983,481.05,552.11,519.9699999999998,-3.54000000000001,4.260000000000019,-4.459999999999997,188.0
2025-08-07,64.08689137582905,363.9171857314007,428.0040771072298,1.000000000000023,-0.1999999999999993,-0.7368777586020059,51.28655555115584,2.666666666666668,423.00000000000006,467.00000000000006,538.9999999999999,480.99999999999994,480.8200000000001,551.66,521.4100000000002,-3.9699999999999847,4.569999999999919,-5.2700000000000635,188.0
2025-08-08,66.4718148082565,365.5537951407953,432.0256099490518,4.0000000000000036,-1.42,0.061614296465517526,0.0,0.0,426.99999999999994,469.99999999999994,541.0,487.0,484.53999999999996,554.86,527.4700000000001,-3.990000000000027,3.9499999999999424,-5.2700000000000635,188.0
2025-08-11,64.90436131969099,365.94364744301987,430.84800876271083,0.9999999999999787,1.0999999999999996,0.1384935206361071,0.0,0.0,426.99999999999994,470.9999999999999,539.0,485.99999999999994,482.64,553.3600000000001,527.5200000000001,-2.910000000000057,4.170000000000051,-5.290000000000017,187.0
2025-08-12,70.42315900494387,362.9059693175797,433.3291283225235,-2.0000000000000018,-1.5199999999999996,-1.2534013219692497,0.0,0.0,429.0,475.0,545.0000000000001,490.00000000000006,487.86999999999983,559.55,532.04,-3.0199999999999783,4.61999999999998,-4.980000000000029,191.0
2025-08-13,67.02790323643386,360.6656038365341,427.693507072968,-0.9999999999999787,-0.2400000000000002,-0.8444147125240775,0.0,0.0,424.0,471.0000000000001,537.9999999999998,487.00000000000017,482.1300000000001,553.8,527.34,-2.3899999999999366,4.179999999999939,-4.610000000000003,187.0
2025-08-14,71.15844066890725,361.71974354626894,432.8781842151762,2.0000000000000018,0.33999999999999986,2.036287037013018,0.0,0.0,429.0,476.0,543.0000000000001,492.0,488.0,560.22,525.8199999999999,-2.569999999999961,3.590000000000071,-3.9400000000000546,190.0
2025-08-15,76.06760750466731,361.2524015611227,437.32000906579003,-1.000000000000023,0.2599999999999998,-1.879375032434627,0.0,0.0,433.0,480.99999999999994,549.0,493.99999999999994,494.2099999999999,566.4399999999999,525.46,-2.8200000000000003,3.6599999999999966,-3.9399999999999658,195.0
2025-08-18,77.32271966736852,360.94029682786714,438.26301649523566,0.0,-0.09999999999999964,1.1380588962238924,0.0,0.0,434.0,481.99999999999994,550.0000000000001,498.0000000000001,495.5700000000001,568.73,524.4099999999999,-2.7800000000000047,3.2199999999999562,-2.9599999999999405,196.0
2025-08-19,74.61440793068218,360.0243579210738,434.638765851756,-2.9999999999999805,0.5800000000000001,-1.7671896281375332,0.0,0.0,430.0,478.0,548.0,492.0,491.5,565.03,518.5199999999999,-3.2700000000000173,3.699999999999992,-3.0799999999999272,195.0
2025-08-20,73.39773106495872,359.4076107006502,432.8053417656089,0.0,0.11999999999999922,1.269908106091222,26.25306354680867,0.0,429.0,476.99999999999994,543.0000000000001,494.99999999999983,489.6100000000001,564.8599999999998,519.6400000000002,-2.48999999999997,1.8800000000000594,-3.3199999999999896,194.0
2025-08-21,74.54422703128118,362.501982673445,437.04620970472627,4.0000000000000036,0.9100000000000019,0.5747588638006285,16.279824410194205,0.0,433.0,479.9999999999999,545.0,497.99999999999994,493.0,566.75,521.6700000000001,-2.8200000000000003,1.5099999999999447,-3.420000000000023,194.0
2025-08-22,73.24604421781954,356.7444731739691,429.9905173917886,2.0000000000000018,-2.380000000000001,-0.7462721201589417,0.0,0.0,426.0,476.0,542.0,496.0000000000001,488.05999999999995,563.95,526.1,-2.400000000000002,2.179999999999982,-3.530000000000033,185.0
2025-08-25,73.72173999614881,358.28392089672514,432.00566089287395,0.0,0.5699999999999985,1.7020370649311722,0.0,0.0,428.0,476.00000000000006,544.0,494.99999999999983,489.33000000000015,565.65,520.5799999999998,-2.6499999999999524,2.120000000000033,-3.2900000000000595,187.0
2025-08-26,76.32130323564978,353.8797401750554,430.20104341070515,0.9999999999999787,-0.16999999999999993,-2.4539203063339343,16.358793525501994,13.0,426.0,476.9999999999999,546.0000000000001,497.99999999999994,490.4,569.9100000000001,527.3599999999999,-2.4700000000000166,1.9600000000000506,-3.599999999999959,184.0
2025-08-27,77.5909635231697,351.2491473709199,428.84011089408955,1.000000000000023,0.23000000000000043,1.3896702676209571,45.51622163377049,7.5,424.0,479.0000000000001,550.0,499.0,490.8000000000001,573.8499999999999,529.8599999999999,-2.9899999999999594,2.4499999999999744,-3.4600000000000186,181.0
2025-08-28,73.1495024545175,352.47976994973,425.6292724042475,-2.0000000000000018,-0.41999999999999993,0.7261522831136347,32.78819576704501,0.0,422.0,474.9999999999999,544.0,498.0000000000001,485.8300000000001,569.29,522.45,-2.120000000000033,1.8200000000000216,-2.430000000000021,181.0
2025-08-29,77.37631341340938,349.9744428207903,427.35075623419965,0.0,0.9299999999999997,-0.9279373729239815,0.0,0.0,423.00000000000006,478.0,549.0,503.9999999999999,489.72999999999996,575.43,531.3299999999998,-2.5399999999999423,1.7900000000000027,-2.4399999999999977,182.0
2025-09-02,81.96143479984097,350.7836105334834,432.74504533332436,0.0,1.8100000000000023,2.4404557039140684,0.0,0.0,428.0,482.0,556.0,506.99999999999983,496.06999999999994,582.89,531.5200000000002,-2.939999999999987,1.7400000000000304,-2.4700000000000166,187.0
2025-09-03,76.11458191545775,349.95293984898746,426.0675217644452,-1.000000000000023,-0.8200000000000003,-2.4404557039140684,0.0,0.0,422.0,474.9999999999999,548.0,500.0,487.62,573.26,523.6000000000001,-2.46000000000004,2.1700000000000053,-1.9899999999999807,182.0
2025-09-04,73.01235911256589,348.1534976300764,421.1658567426423,-2.0000000000000018,-1.0500000000000007,-0.8582404243926867,0.0,0.0,417.0,469.00000000000006,544.9999999999999,496.0000000000003,482.66,570.8199999999999,519.2600000000001,-2.7000000000000135,1.980000000000004,-2.1399999999999864,179.0
2025-09-05,67.49435305049101,346.11999511966127,413.61434817015225,-0.9999999999999787,-0.120000000000001,-2.5233426410764537,0.0,0.0,409.99999999999994,461.00000000000006,533.9999999999999,490.0000000000001,473.10999999999996,558.4300000000001,515.53,-2.210000000000001,2.0999999999999908,-1.980000000000004,173.0
2025-09-08,61.44295163749041,348.03067411445727,409.4736257519477,-2.0000000000000018,-0.07000000000000028,0.6088786636561316,0.0,0.0,405.0,453.0,525.0,477.0000000000001,466.11,544.5000000000001,506.25,-3.1500000000000306,2.6699999999999946,-3.139999999999965,170.0
2025-09-09,61.50752968703208,349.7697752137895,411.2773049008216,0.9999999999999787,-0.07000000000000028,0.589314439459887,20.180747873508373,0.0,408.0,454.9999999999999,527.9999999999999,480.0,467.28999999999996,548.48,504.4700000000001,-2.259999999999973,2.8799999999999493,-2.120000000000033,172.0
2025-09-10,57.23501170525025,350.6035262254351,407.83853793068533,-0.9999999999999787,0.3100000000000005,1.6380898653260978,39.0,0.0,404.0,449.0,526.0,477.0000000000001,462.0799999999999,545.0700000000002,503.3999999999997,-3.1299999999999883,3.080000000000016,-2.3299999999999876,169.0
2025-09-11,53.552380949999275,351.5152356626686,405.0676166126679,-1.000000000000023,-0.6399999999999988,-2.0518396598983024,45.132168885017144,0.0,401.0,442.9999999999999,521.0000000000001,472.99999999999994,457.52,539.6600000000001,498.63,-3.5800000000000054,2.6100000000000456,-2.5900000000000034,167.0
2025-09-12,57.093018170263576,353.25353302068373,410.3465511909473,2.0000000000000018,0.049999999999998934,0.49312117741990846,0.0,0.0,405.99999999999994,448.99999999999994,524.0,473.9999999999998,462.89000000000016,540.48,502.6599999999999,-3.6300000000000665,3.250000000000064,-3.020000000000067,170.0
2025-09-15,55.94082170105228,352.5409899752226,408.4818116762749,1.000000000000023,0.9299999999999997,1.0104285524818124,0.0,0.0,405.0,449.0,520.9999999999999,472.00000000000017,461.13,537.92,505.99999999999994,-2.6200000000000223,3.449999999999953,-3.8100000000000023,168.0
2025-09-16,56.459735434619994,351.2703078788929,407.73004331351285,0.0,0.6699999999999999,1.9137106779131052,21.330614131782042,0.0,404.0,449.0,518.0000000000001,472.99999999999994,460.80999999999995,536.16,504.9500000000004,-2.7300000000000324,2.650000000000041,-3.6399999999999544,167.0
2025-09-17,56.36623855826102,353.72037654178934,410.0866151000504,0.9999999999999787,-0.6399999999999988,-0.7424628074278239,0.0,0.0,405.99999999999994,449.99999999999983,518.0000000000001,474.0,461.92,534.83,509.0700000000001,-3.110000000000035,2.719999999999967,-4.099999999999948,168.0
2025-09-18,61.456284105684,353.76499846184396,415.22128256752796,0.0,-0.02000000000000135,-0.7793056896608697,19.0,-12.833333333333332,411.00000000000006,455.0,524.9999999999999,480.0,468.2200000000001,544.05,511.84000000000015,-3.279999999999994,2.1300000000000097,-3.98000000000005,173.0
2025-09-19,64.21290434638661,353.68137923509664,417.89428358148325,1.000000000000023,-0.25,-1.402370733306224,0.0,0.0,413.99999999999994,459.99999999999994,528.0,483.0,471.5999999999999,546.6100000000001,513.4199999999997,-2.830000000000066,2.6399999999999757,-3.3000000000000362,175.0
2025-09-22,64.36143013884568,354.30754071675733,418.668970855603,-2.0000000000000018,0.6500000000000021,-0.04761526952909989,0.0,0.0,415.00000000000006,459.0,531.0,484.9999999999999,472.2500000000001,550.51,508.3799999999998,-2.8799999999999493,2.510000000000012,-2.1900000000000475,178.0
2025-09-23,61.60434913372717,353.95567023844876,415.56001937217593,0.0,0.5399999999999991,1.2150050848122262,16.358793525501994,13.0,412.0,456.00000000000006,527.9999999999999,479.0000000000001,468.53,546.41,505.69000000000017,-2.829999999999977,2.890000000000015,-2.9499999999999638,175.0
2025-09-24,62.667502423402155,356.3058449603203,418.9733473837225,0.9999999999999787,-0.46000000000000085,2.5396223981193344,45.51622163377049,7.5,416.0,462.0,530.0000000000001,481.9999999999998,471.11,547.6299999999999,510.6800000000002,-2.26999999999995,3.360000000000074,-2.880000000000038,178.0
2025-09-25,59.609364511176686,360.8631423632625,420.47250687443915,0.0,0.5599999999999987,0.16805442806324677,32.78819576704501,0.0,418.0,460.99999999999994,528.0000000000001,478.9999999999999,469.9600000000001,545.4299999999998,502.46000000000015,-2.230000000000043,2.9300000000000104,-2.799999999999958,180.0
2025-09-26,62.922078681745084,360.0526033807854,422.9746820625305,0.0,-1.4499999999999993,1.49991449180229,0.0,0.0,420.0,464.00000000000006,528.0000000000001,482.99999999999983,473.32,545.95,507.03999999999996,-2.430000000000021,2.400000000000002,-2.830000000000066,182.0
2025-09-29,58.34935680586533,360.218527533791,418.56788433965636,-2.9999999999999805,0.8300000000000018,-3.4108988278613417,0.0,0.0,415.00000000000006,455.99999999999994,523.0000000000001,475.0,467.5099999999999,537.4799999999999,502.8200000000003,-3.0699999999999505,3.190000000000026,-3.3199999999999896,180.0
2025-09-30,61.22208621621397,358.6517975269812,419.87388374319517,0.9999999999999787,0.16000000000000014,-1.7263454472585593,0.0,0.0,416.0,458.0,526.0,477.00000000000006,470.11,539.8100000000001,513.3000000000001,-3.049999999999997,3.8100000000000023,-4.289999999999949,180.0
2025-10-01,61.672092113496916,354.8243548224857,416.4964469359826,-0.9999999999999787,0.00999999999999801,-0.9223983973999594,0.0,0.0,412.0,456.00000000000006,526.0000000000001,477.99999999999983,468.38000000000005,540.1200000000001,517.4000000000001,-3.4299999999999997,3.9500000000000313,-4.260000000000019,177.0
2025-10-02,58.86929732166068,355.3184348835715,414.1877322052322,-1.000000000000023,0.33999999999999986,-2.115199550427427,0.0,0.0,409.99999999999994,452.99999999999994,522.0000000000001,475.00000000000017,464.99000000000007,537.0499999999998,515.3500000000001,-3.279999999999994,3.4100000000000463,-4.9099999999999255,176.0
2025-10-03,60.31554055695367,357.4661249916026,417.78166554855625,-0.9999999999999787,0.019999999999999574,0.6019704178017449,0.0,0.0,413.0,453.9999999999999,525.0000000000002,475.0,467.89,537.3800000000001,516.1699999999998,-3.8800000000000168,4.079999999999995,-4.940000000000033,180.0
2025-10-06,64.8982474429077,357.6364425163916,422.5346899592993,0.9999999999999787,-0.2799999999999976,1.3533314330637758,0.0,0.0,418.0,460.99999999999994,528.0000000000001,481.9999999999998,473.8200000000001,543.1299999999999,518.7299999999999,-3.4900000000000375,3.110000000000035,-4.429999999999978,184.0
2025-10-07,62.358974924693065,356.0554495635341,418.41442448822716,1.000000000000023,0.8699999999999974,0.047996161228525125,20.180747873508373,0.0,413.99999999999994,456.99999999999994,526.0,479.0000000000001,469.7700000000001,540.17,513.8000000000001,-3.420000000000023,3.680000000000039,-3.6699999999999733,179.0
2025-10-08,61.037802979923626,357.6713880147756,418.7091909946992,0.0,-0.9399999999999977,1.3504057782149914,39.0,6.833333333333332,413.0,453.9999999999999,525.0000000000002,477.99999999999983,468.97,538.4999999999999,514.3000000000003,-4.830000000000023,3.0600000000000627,-4.440000000000044,178.0
2025-10-09,61.45435535953578,358.3296373527057,419.78399271224146,-1.000000000000023,0.129999999999999,-1.6066519145850222,45.132168885017144,0.0,413.99999999999994,453.9999999999999,526.0,476.0,469.84000000000015,538.0100000000001,514.5400000000001,-4.870000000000019,3.6000000000000476,-4.850000000000065,180.0
2025-10-10,54.50898136661655,355.96961956702035,410.47860093363687,-4.0000000000000036,5.23,-4.275485337795537,0.0,0.0,405.0,445.0,515.0,469.00000000000006,459.55999999999995,526.5200000000002,509.10999999999973,-4.579999999999984,3.56999999999994,-4.760000000000009,175.0
2025-10-14,55.08305844427661,352.688420710493,407.7714791547696,0.0,-0.8500000000000014,-0.38568002867833684,0.0,0.0,403.0,446.0000000000001,515.0,468.0,458.63000000000005,527.4399999999999,509.5500000000001,-3.67999999999995,4.0000000000000036,-4.6800000000000175,173.0
2025-10-15,56.777756504548194,353.3611799619307,410.1389364664789,-0.9999999999999787,-0.16999999999999815,-0.7419932861657763,0.0,0.0,405.0,447.00000000000006,517.0,469.99999999999983,461.04,529.4900000000001,506.9399999999999,-4.070000000000018,3.739999999999988,-4.060000000000041,176.0
2025-10-16,53.371587600533665,349.8567673220738,403.2283549226074,-1.000000000000023,4.669999999999998,-1.346190560572058,0.0,0.0,399.0,443.00000000000017,512.9999999999998,462.00000000000017,454.8299999999999,524.2699999999999,506.45000000000005,-3.049999999999997,4.999999999999982,-4.889999999999972,171.0
2025-10-17,54.41282374142333,352.21799369557164,406.63081743699496,-0.9999999999999787,-4.529999999999998,0.017154129898777626,0.0,0.0,401.99999999999994,444.99999999999994,514.0,464.00000000000006,457.32999999999987,525.22,507.41000000000014,-3.530000000000033,4.520000000000035,-5.06000000000002,175.0
2025-10-20,52.527832677505295,352.2139273588681,404.7417600363734,-1.000000000000023,-2.5500000000000007,0.06858710831290082,0.0,0.0,400.0,442.0,511.99999999999994,462.00000000000017,454.79,522.58,502.6299999999997,-3.739999999999988,4.569999999999919,-4.549999999999965,174.0
2025-10-21,49.5611851612594,352.25663387876256,401.81781904002196,2.0000000000000018,-0.35999999999999943,0.5470099109730064,0.0,0.0,398.0,439.99999999999994,508.0000000000001,458.9999999999999,451.0300000000001,519.02,500.49999999999983,-2.929999999999966,4.610000000000003,-4.70000000000006,170.0
2025-10-22,48.79881907445345,352.7924905734237,401.5913096478772,1.000000000000023,0.7300000000000004,1.0851242454374521,21.330614131782042,0.0,397.0,438.00000000000006,506.99999999999983,458.0,450.54999999999995,517.77,502.99000000000007,-3.689999999999971,4.249999999999954,-5.619999999999958,168.0
2025-10-23,51.39876413465796,354.4723942493931,405.87115838405106,0.9999999999999787,-1.3000000000000007,5.159678964355141,14.440351951225425,-44.0,401.0,440.99999999999983,509.00000000000006,464.00000000000006,454.61,521.47,504.48999999999984,-4.0000000000000036,3.2300000000000217,-5.149999999999988,171.0
2025-10-24,53.26126582942794,353.26126354353005,406.522529372958,-0.9999999999999787,-0.9299999999999997,-0.272632676287099,0.0,0.0,401.99999999999994,442.9999999999999,509.99999999999994,465.00000000000006,455.9799999999999,523.3100000000001,502.18000000000006,-3.6000000000000476,3.1499999999999417,-4.610000000000003,173.0
2025-10-27,50.452456756516774,355.09813979420863,405.5505965507254,-1.000000000000023,-0.5800000000000018,-0.22508048087575006,55.236664163416606,13.833333333333336,401.0,440.99999999999983,509.00000000000006,461.0000000000002,453.32,519.99,498.9,-3.849999999999998,3.840000000000021,-4.659999999999975,173.0
2025-10-28,48.93841134323375,355.1318996727363,404.07031101597005,0.0,0.6300000000000026,-1.8847024155878245,32.78819576704501,0.0,399.0,438.00000000000006,507.0,458.9999999999999,451.28,517.31,496.31,-4.420000000000002,3.699999999999992,-4.6800000000000175,171.0
2025-10-29,50.670308005405616,361.09790480562316,411.7682128110288,2.0000000000000018,0.5,0.47451614849043366,7.112518924131301,-32.5,408.0,445.9999999999999,509.99999999999994,465.0000000000001,457.49999999999994,521.85,494.14000000000016,-3.4099999999999575,3.080000000000016,-3.6599999999999966,178.0
2025-10-30,54.63868239763805,360.54476761019305,415.18345000783114,-0.9999999999999787,-0.010000000000001563,0.16310556543714938,0.0,0.0,411.00000000000006,450.0,517.0,467.0,462.52,528.0399999999998,498.9200000000002,-3.6599999999999966,3.78999999999996,-4.019999999999957,182.0
2025-10-31,56.41778901187764,358.94570771615827,415.3634967280359,0.9999999999999787,0.5300000000000011,0.6335818449086261,0.0,0.0,411.00000000000006,451.0,519.0,470.9999999999999,464.0299999999998,531.8800000000001,501.50000000000006,-3.739999999999988,3.3200000000000784,-3.6900000000000155,181.0
2025-11-03,58.060757050524224,358.5722072629831,416.63296431350733,1.000000000000023,-0.2699999999999996,0.06475635648017786,0.0,0.0,413.0,453.9999999999999,521.0000000000001,473.0000000000001,465.88000000000005,535.6299999999999,504.9199999999999,-3.0100000000000016,3.169999999999984,-4.079999999999995,182.0
2025-11-04,56.91241560657567,357.28689833525596,414.19931394183163,-2.0000000000000018,1.8299999999999983,-0.6657489881297884,0.0,0.0,409.99999999999994,451.0,520.0,470.9999999999999,463.3799999999999,533.47,502.45000000000005,-3.590000000000071,3.450000000000042,-3.7799999999999834,181.0
2025-11-05,61.81953988652138,359.36866505783314,421.18820494435454,0.9999999999999787,-0.9899999999999984,-1.6094944250821364,0.0,0.0,417.0,458.0000000000001,526.9999999999999,478.0000000000003,471.08,541.76,503.0400000000002,-3.6299999999999777,3.0399999999999316,-2.9499999999999638,187.0
2025-11-06,59.34344725892422,355.4316000498743,414.7750473087985,-2.0000000000000018,1.4899999999999984,-0.26525214491313065,0.0,0.0,411.00000000000006,453.0,523.0,473.0000000000001,465.41000000000014,537.3700000000001,502.84,-3.0699999999999505,3.699999999999992,-3.2899999999999707,183.0
2025-11-07,60.95317457827538,353.8966028233753,414.84977740165067,0.0,-0.4200000000000017,0.4967720101935136,0.0,0.0,411.00000000000006,455.0,524.9999999999999,474.0,466.6700000000001,540.2299999999999,502.75000000000006,-3.059999999999974,3.6399999999999544,-3.1600000000000072,183.0
2025-11-10,60.6424438012465,356.2255237699102,416.86796757115667,1.000000000000023,-1.4799999999999969,0.6585469963989787,20.180747873508373,0.0,413.0,453.9999999999999,525.0000000000002,475.0,467.54999999999995,540.58,498.93,-3.2899999999999707,3.1200000000000117,-2.7300000000000324,184.0
2025-11-12,56.87345832702819,355.36134800816967,412.23480633519785,-2.0000000000000018,-0.08999999999999986,-2.7280467553882914,42.0,7.166666666666664,408.0,447.9999999999999,522.0000000000001,470.9999999999999,462.3400000000001,536.0999999999999,498.86000000000007,-3.709999999999969,3.590000000000071,-3.049999999999997,181.0
2025-11-13,59.49860901279682,356.69480053060965,416.19340954340646,0.9999999999999787,2.4899999999999984,0.4039049583950849,51.28655555115584,2.666666666666668,411.00000000000006,451.0,527.0000000000001,471.9999999999999,466.63999999999993,539.87,506.1099999999999,-4.570000000000007,3.87000000000004,-4.359999999999964,183.0
2025-11-14,62.5906803756215,357.08764435189335,419.67832472751485,0.0,-0.1700000000000017,2.209208691820219,0.0,0.0,413.99999999999994,453.9999999999999,532.0000000000001,476.00000000000006,471.02000000000015,546.0500000000001,506.88999999999993,-5.069999999999997,3.4400000000000652,-4.150000000000009,186.0
2025-11-17,60.52368390555589,357.05943132537703,417.58311523093295,0.0,2.5500000000000007,-0.34559402453977484,0.0,0.0,413.0,453.9999999999999,529.0000000000001,477.00000000000006,468.46000000000004,544.8000000000001,504.37999999999994,-4.110000000000014,3.0899999999999928,-3.369999999999962,185.0
2025-11-18,63.32332760441224,353.9142814836861,417.23760908809834,-0.9999999999999787,2.3100000000000023,1.391526095984208,0.0,0.0,412.0,454.0000000000001,531.9999999999999,478.0000000000003,470.1600000000001,547.2400000000001,509.5699999999999,-4.439999999999955,3.6299999999999777,-3.6599999999999966,185.0
2025-11-19,63.41569863858698,354.80380538474844,418.21950402333545,0.0,-1.0300000000000011,-2.0365295725324195,26.25306354680867,0.0,413.0,454.9999999999999,529.0000000000001,483.0,470.90000000000003,547.2899999999998,513.3199999999999,-4.380000000000006,2.059999999999995,-3.7700000000000067,186.0
2025-11-20,62.599915972958755,352.9970625483291,415.59697852128784,-2.9999999999999805,2.7600000000000016,-0.33239186328826165,18.23730065540803,2.5,409.99999999999994,451.99999999999994,526.0,483.0000000000001,468.6799999999999,544.93,513.8900000000001,-4.640000000000022,1.6099999999999781,-3.769999999999918,186.0
2025-11-21,62.923522492192106,348.9158111850983,411.83933367729037,0.0,-2.990000000000002,-2.0348806056743385,0.0,0.0,405.99999999999994,449.99999999999983,528.0000000000001,479.0000000000001,466.8300000000001,547.0399999999998,511.55000000000024,-4.800000000000004,2.1700000000000053,-4.11999999999999,182.0
2025-11-24,59.79316963280268,349.6260452781643,409.419214910967,-1.000000000000023,-2.91,0.4238372030950899,16.358793525501994,13.0,404.0,447.0,524.0,475.9999999999998,463.05999999999995,541.58,509.9100000000002,-4.459999999999997,2.6199999999999335,-4.0000000000000036,181.0
2025-11-25,58.96266475843519,347.52901023901893,406.49167499745414,-0.9999999999999787,-1.9600000000000009,-1.4656022390467704,45.51622163377049,7.333333333333336,401.0,446.9999999999999,523.0000000000001,476.9999999999999,461.08000000000004,542.4499999999999,509.76,-4.520000000000035,2.0999999999999908,-3.7799999999999834,179.0
2025-11-26,56.166216378286734,349.2156609297257,405.3818773080124,0.9999999999999787,-1.3699999999999974,0.9567816026054388,32.78819576704501,0.0,400.0,443.99999999999994,520.0,471.9999999999999,458.58,538.41,503.87999999999977,-4.579999999999984,2.119999999999944,-4.09000000000006,177.0
2025-11-28,58.38603825158452,349.9415086336976,408.3275468852821,0.0,-0.8399999999999999,-0.3918567072277668,0.0,0.0,401.99999999999994,444.99999999999994,522.0000000000001,476.9999999999999,461.7900000000001,540.8899999999999,504.55000000000024,-5.490000000000084,1.4199999999999768,-3.399999999999981,179.0
2025-12-01,64.42141159929595,351.2518264217117,415.67323802100765,1.000000000000023,0.889999999999997,1.5078642318915314,0.0,0.0,409.0,451.0,533.0,480.00000000000017,469.95999999999987,550.0500000000001,507.8000000000001,-5.830000000000002,2.569999999999961,-3.420000000000023,185.0
2025-12-02,65.83797808304092,349.7368986499648,415.57487673300574,0.0,-0.6499999999999986,-1.1160075246637646,0.0,0.0,409.0,451.99999999999994,531.0,482.0000000000002,470.6700000000001,548.9799999999998,512.5400000000002,-5.459999999999976,2.210000000000001,-3.6900000000000155,185.0
2025-12-03,64.6661383645471,347.87335282281,412.53949118735704,0.0,-0.5100000000000016,0.4749796885718638,0.0,0.0,405.99999999999994,449.99999999999983,530.0,483.0000000000001,468.0200000000001,548.8899999999999,513.8900000000001,-5.440000000000023,2.119999999999944,-3.3899999999999153,182.0
2025-12-04,66.78999655389303,350.77000125759804,417.5599978114911,1.9999999999999574,-0.29999999999999893,1.2278347844218551,0.0,0.0,411.00000000000006,454.0,532.9999999999999,483.9999999999999,472.26,551.2000000000002,517.74,-5.489999999999995,2.1999999999999353,-4.260000000000019,185.0
2025-12-05,67.38131502342237,352.0642625324191,419.44557755584145,0.0,-0.3699999999999992,0.6830513853827824,0.0,0.0,413.99999999999994,455.99999999999994,536.0,486.99999999999994,473.9299999999999,558.05,504.61000000000007,-4.830000000000023,1.1800000000000033,-2.3399999999999643,188.0
2025-12-08,69.5930264811881,353.41429317806336,423.0073196592515,0.0,1.25,-1.9955386763412797,20.180747873508373,0.0,417.0,459.00000000000006,539.0,486.9999999999998,477.27000000000004,559.13,504.0299999999999,-5.339999999999989,1.6200000000000436,-2.3300000000000765,191.0
2025-12-09,66.70119307727526,356.4646722708428,423.1658653481181,0.0,0.2699999999999996,-1.0899290458035615,39.0,0.0,418.0,458.0,536.0,486.0000000000001,475.27,557.86,497.6800000000002,-4.890000000000061,0.7399999999999629,-2.1399999999999864,192.0
2025-12-10,69.34657334909575,352.82524712399265,422.17182047308836,-0.9999999999999787,-1.1600000000000001,0.46126331035871715,0.0,0.0,413.0,453.9999999999999,535.0000000000001,485.99999999999994,476.2899999999999,549.81,527.84,-7.810000000000006,2.1300000000000097,-5.649999999999977,188.0
2025-12-11,70.33423192934993,350.34394208482536,420.6781740141753,0.0,-0.9199999999999999,-1.5632028353198102,45.132168885017144,0.0,413.99999999999994,455.99999999999994,536.0,486.99999999999994,475.71000000000004,555.72,509.09999999999985,-5.730000000000057,1.499999999999968,-2.8100000000000236,189.0
2025-12-12,77.52687201001743,349.1523289035897,426.67920091360713,0.9999999999999787,0.8900000000000006,-0.2600330840278886,0.0,0.0,419.00000000000006,463.00000000000006,545.0,490.99999999999994,484.0300000000001,563.5499999999998,520.5600000000002,-6.309999999999949,2.2700000000000387,-3.9100000000000357,193.0
2025-12-15,77.50442663306583,347.9786313686104,425.4830580016763,-0.9999999999999787,0.7599999999999998,-1.1171350251987455,0.0,0.0,418.0,463.0,542.0,491.9999999999999,483.0300000000001,560.9699999999998,528.57,-5.880000000000063,2.1399999999999864,-4.710000000000036,193.0
2025-12-16,75.4902351110895,346.6191742239013,422.1094093349908,-2.0000000000000018,-0.019999999999999574,-2.7223458610656337,0.0,0.0,415.00000000000006,461.00000000000006,538.9999999999999,492.00000000000034,479.76,557.33,531.4300000000001,-5.3899999999999615,2.659999999999929,-4.309999999999992,192.0
2025-12-17,76.2592429252594,346.66586851616665,422.9251114414261,1.000000000000023,1.1400000000000006,1.1299555253933669,21.330614131782042,0.0,416.0,462.0,540.0,493.0,480.81000000000006,559.46,528.93,-5.279999999999951,2.3000000000000576,-4.0000000000000036,192.0
2025-12-18,74.00261027933314,345.0777893991371,419.08039967847026,0.0,-0.75,0.26716553428043355,13.329555647285007,3.0,412.0,458.0,536.0000000000001,491.9999999999999,477.06,557.51,523.9499999999999,-5.5299999999999905,1.2900000000000134,-3.7200000000000344,188.0
2025-12-19,75.91078150283698,346.12451636076213,422.0352978635991,0.0,-1.9600000000000009,1.026376024872011,0.0,0.0,416.0,462.0,537.9999999999999,492.00000000000034,479.92,561.0300000000001,522.32,-4.589999999999961,1.1099999999999888,-4.049999999999976,192.0
2025-12-22,75.3347659816189,347.6537769860234,422.9885429676423,-1.000000000000023,-0.8300000000000001,2.4005327339949645,16.358793525501994,13.0,417.0,463.00000000000006,539.0,495.99999999999983,480.1199999999999,562.91,518.94,-4.769999999999985,0.6899999999999906,-2.660000000000018,194.0
2025-12-23,71.06554865035034,351.0428045898187,422.108353240169,1.000000000000023,-0.08000000000000007,0.6339436976670498,45.51622163377049,7.333333333333336,418.0,463.9999999999999,538.0000000000001,493.0,476.7999999999999,562.28,508.07000000000005,-3.4400000000000652,1.100000000000012,-1.499999999999968,194.0
2025-12-24,67.80415822626327,351.80091685665064,419.6050750829139,0.0,-0.5299999999999994,0.28992942625345464,32.78819576704501,0.0,415.00000000000006,459.99999999999994,535.0,486.99999999999994,473.11999999999995,558.0799999999999,505.28000000000003,-4.089999999999971,1.0699999999999932,-2.569999999999961,191.0
2025-12-26,72.84010409953088,347.39767005965854,420.23777415918937,-1.000000000000023,0.129999999999999,-3.6771399097123236,0.0,0.0,413.99999999999994,459.99999999999994,537.9999999999999,490.99999999999994,476.7899999999999,559.71,523.5800000000002,-5.040000000000067,1.5799999999999592,-4.079999999999995,191.0
2025-12-29,71.98350096492962,346.36503942959206,418.3485403945217,-0.9999999999999787,0.5999999999999996,2.253567288177649,0.0,0.0,412.0,457.0,538.0,490.00000000000006,474.97999999999996,557.3900000000001,527.7299999999999,-5.039999999999978,2.6799999999999713,-4.049999999999976,190.0
2025-12-30,73.49762579873934,346.43366187891513,419.93128767765444,2.0000000000000018,0.13000000000000078,-0.17289077612270276,0.0,0.0,413.99999999999994,459.99999999999994,537.9999999999999,490.99999999999994,476.61999999999995,555.65,537.8400000000001,-4.309999999999992,3.620000000000001,-4.800000000000004,190.0
2025-12-31,75.24320817205617,349.2320480956988,424.475256267755,0.9999999999999787,0.6199999999999992,-0.9213450659717459,0.0,0.0,418.0,463.0,540.0,493.99999999999994,480.43999999999994,557.26,547.81,-4.769999999999985,3.369999999999962,-6.13999999999999,193.0
2026-01-02,79.46859684795915,347.50474891662157,426.9733457645807,0.0,-0.4399999999999995,-0.08735913895314695,0.0,0.0,419.00000000000006,464.00000000000006,542.9999999999998,496.0000000000003,484.65999999999997,560.9399999999999,542.3400000000001,-6.079999999999952,2.5299999999999656,-5.5299999999999905,194.0
2026-01-05,78.05325126217406,346.1846036081533,424.23785487032734,0.9999999999999787,0.39000000000000057,1.543695557742808,0.0,0.0,417.0,463.00000000000006,540.9999999999999,497.00000000000006,482.23000000000013,560.38,543.35,-5.360000000000031,2.430000000000021,-5.160000000000053,191.0
2026-01-06,78.83058735317752,346.4967229742682,425.32731032744573,1.000000000000023,-0.15000000000000036,-1.9640850365561846,0.0,0.0,418.0,463.9999999999999,542.0,498.0000000000001,483.5700000000001,562.14,543.2900000000002,-5.460000000000065,2.0999999999999908,-5.239999999999956,191.0
2026-01-07,73.5951950689461,347.3094867980642,420.9046818670103,0.0,0.6300000000000008,-1.6994567270563365,0.0,0.0,415.00000000000006,459.99999999999994,536.9999999999999,494.0000000000003,477.2599999999999,556.8600000000001,537.0699999999997,-4.389999999999983,2.4999999999999467,-4.589999999999961,188.0
2026-01-08,75.77491387875517,349.71125887567666,425.48617275443183,0.0,0.06999999999999851,3.0419928013048825,0.0,0.0,419.00000000000006,464.00000000000006,538.9999999999999,497.00000000000006,481.34999999999997,558.49,550.4,-4.789999999999939,2.3100000000000342,-6.440000000000001,192.0
2026-01-09,70.33069673573618,352.89029868685077,423.220995422587,0.9999999999999787,-0.9599999999999991,2.0909073646291354,0.0,0.0,418.0,460.99999999999994,533.9999999999999,494.0000000000003,476.29,553.88,530.8900000000001,-4.190000000000005,1.839999999999975,-4.079999999999995,190.0
2026-01-12,71.82926342424989,352.9851779836989,424.8144414079488,1.000000000000023,0.629999999999999,0.7266614146687722,59.18074787350838,6.833333333333332,419.00000000000006,461.0000000000001,537.0,493.0,478.24000000000007,555.15,538.5099999999996,-4.61999999999998,2.540000000000031,-5.429999999999957,190.0
2026-01-13,71.6409201291932,352.30257866700885,423.9434987962021,0.9999999999999787,0.8600000000000012,2.428595740576789,45.132168885017144,0.0,418.0,460.99999999999994,536.0,495.0000000000001,477.7699999999999,553.8299999999999,543.3200000000002,-4.560000000000031,2.719999999999967,-5.269999999999975,188.0
2026-01-14,68.40920145008708,351.77356204382517,420.18276349391226,-0.9999999999999787,0.7699999999999996,1.6138584845630355,0.0,0.0,415.00000000000006,458.0,531.0,490.99999999999983,473.2699999999999,550.0500000000001,534.23,-4.019999999999957,2.2200000000000664,-4.870000000000019,186.0
2026-01-15,66.51835444923253,355.92195935904203,422.4403138082746,0.0,-0.9100000000000001,-4.481199444642847,0.0,0.0,417.0,457.0,531.0,488.9999999999998,473.1400000000001,547.58,527.3899999999998,-4.61999999999998,2.5000000000000355,-4.290000000000038,188.0
2026-01-16,70.74956594904856,357.6367804103836,428.38634635943214,4.0000000000000036,0.019999999999999574,0.45558165358610125,0.0,0.0,424.0,466.00000000000017,533.9999999999999,491.0000000000001,479.3000000000001,550.99,526.92,-3.479999999999972,2.6200000000000223,-4.190000000000005,191.0
2026-01-20,80.83168805681558,355.596599983729,436.42828804054454,0.0,4.23,1.5037877364540542,0.0,0.0,430.0,474.0,544.0,499.0,490.89,560.4599999999999,540.2,-4.8200000000000465,2.6699999999999946,-4.95000000000001,197.0
2026-01-21,76.73171478201506,355.67030031942085,432.40201510143595,0.9999999999999787,-3.1900000000000013,0.13258205455528582,21.330614131782042,0.0,426.0,468.99999999999994,538.0000000000001,496.9999999999999,485.87999999999994,556.2000000000002,534.34,-5.010000000000048,1.5600000000000058,-4.769999999999985,192.0
2026-01-22,73.0206406640534,358.79449514023116,431.8151358042845,-2.9999999999999805,-1.259999999999998,-1.906093487909466,21.0,-13.833333333333336,426.0,466.9999999999999,532.0,493.99999999999994,482.71,549.3100000000001,534.64,-4.579999999999984,1.3700000000000045,-5.499999999999972,195.0
2026-01-23,71.42522156362512,358.98947486625457,430.41469642987965,0.9999999999999787,0.4499999999999993,2.434670866585442,0.0,0.0,424.0,464.00000000000017,532.0,490.0000000000001,480.7600000000001,546.83,536.48,-5.1899999999999835,2.1700000000000053,-6.339999999999968,192.0
2026-01-26,68.45572752631774,359.66461728532624,428.120344811644,0.0,0.05999999999999872,-0.3961708714140144,16.358793525501994,6.5,422.0,461.99999999999994,528.0,490.00000000000006,477.4700000000001,542.9599999999999,537.2799999999997,-4.980000000000029,1.9899999999999807,-6.170000000000009,190.0
2026-01-27,71.89737946030306,358.4092589414212,430.30663840172423,2.0000000000000018,0.20000000000000284,2.579734895702579,38.87787063791461,7.333333333333336,424.0,467.00000000000006,533.9999999999999,491.0000000000001,481.3999999999999,547.98,544.72,-4.969999999999963,2.9600000000000293,-6.909999999999972,190.0
2026-01-28,74.14302733748066,358.7272231681706,432.8702505056513,2.0000000000000018,0.0,1.1379239703555477,7.112518924131301,-32.5,426.0,468.99999999999994,536.0,493.00000000000017,484.6099999999999,550.6700000000001,544.8500000000001,-5.440000000000023,2.429999999999932,-7.000000000000028,190.0
2026-01-29,75.5477481204109,355.2122156055007,430.75996372591163,-0.9999999999999787,0.5299999999999976,3.168395518293199,32.78819576704501,0.0,424.0,468.00000000000017,536.0,495.0,484.2199999999999,552.1,542.09,-5.140000000000011,2.289999999999992,-5.830000000000002,189.0
2026-01-30,76.62795072623085,354.75739443694687,431.3853451631777,0.9999999999999787,0.5600000000000023,-0.41773093930990157,0.0,0.0,426.0,472.9999999999999,538.0000000000001,496.9999999999999,485.97,555.26,550.55,-3.7100000000000577,2.850000000000019,-6.440000000000001,190.0
2026-02-02,79.72629723558894,355.1630357671768,434.88933300276574,-0.9999999999999787,-1.1000000000000014,-4.600335326225213,0.0,0.0,429.0,475.0,541.0,500.0,489.54999999999984,558.63,549.4099999999999,-4.11999999999999,2.48999999999997,-6.009999999999938,194.0
2026-02-03,79.03384231609425,355.42480125254383,434.4586435686381,0.9999999999999787,1.6600000000000001,1.6422845358785132,0.0,0.0,428.0,473.0000000000001,542.0,500.0,488.86,558.08,549.5799999999998,-4.72999999999999,2.9299999999999216,-5.669999999999931,192.0
2026-02-04,78.5535958668591,356.76670621578575,435.32030208264484,-0.9999999999999787,0.6400000000000006,3.051030806343391,0.0,0.0,429.0,475.0,543.0000000000001,501.00000000000006,489.7499999999999,559.6300000000001,557.08,-4.6800000000000175,2.8400000000000425,-6.820000000000004,194.0
2026-02-05,77.93677077647878,349.76846197239297,427.7052327488717,-3.000000000000025,3.129999999999999,-2.60488602552984,0.0,0.0,421.0,468.0,536.9999999999999,497.00000000000006,484.22,555.68,546.3299999999999,-4.760000000000009,2.090000000000014,-5.909999999999993,189.0
2026-02-06,77.51650414519288,350.67513263517844,428.19163678037137,2.0000000000000018,-4.009999999999998,1.3736696620785693,0.0,0.0,422.0,468.0,538.0000000000001,495.0,483.95,555.1800000000001,543.2799999999999,-4.3400000000000105,2.8999999999999915,-5.560000000000009,188.0
2026-02-09,78.00307150681553,349.72982366364624,427.7328951704618,1.000000000000023,-0.40000000000000213,1.1847371620567593,0.0,0.0,422.0,468.99999999999994,536.0,497.00000000000006,483.97999999999996,555.09,541.2699999999999,-3.820000000000068,2.2199999999999775,-4.940000000000033,187.0
2026-02-10,72.6692117783462,349.08646016086146,421.7556719392077,-3.000000000000025,0.4299999999999997,-0.5127021251833064,20.180747873508373,0.0,416.0,462.0,530.0000000000001,488.0,476.6500000000001,547.04,534.79,-4.00999999999998,2.740000000000009,-5.520000000000014,184.0
2026-02-11,73.38884556524073,351.63218544789447,425.0210310131352,0.0,-0.14000000000000057,0.9302392662313252,42.0,7.0,418.0,460.99999999999994,533.9999999999999,494.0000000000003,479.2199999999999,550.8900000000001,534.8399999999998,-5.4700000000000415,2.1700000000000053,-4.439999999999955,186.0
2026-02-12,66.90473062534407,349.7391654995218,416.6438961248659,-2.9999999999999805,3.1700000000000017,-2.6901841263391013,51.28655555115584,2.666666666666668,409.0,451.0,527.0,480.0,469.95999999999987,541.1400000000001,523.6999999999999,-6.219999999999981,2.7800000000000047,-5.50000000000006,180.0
2026-02-13,65.56965566604008,346.20969075761974,411.77934642365983,-2.0000000000000018,-0.21999999999999886,-0.047569968390881456,0.0,0.0,404.0,447.0,524.0,479.00000000000017,466.59000000000003,539.9499999999999,525.42,-6.189999999999962,2.3099999999999454,-5.91999999999997,177.0
2026-02-17,63.36853526962858,348.325340821553,411.69387609118166,-1.000000000000023,-0.3100000000000023,-0.8281620831722236,0.0,0.0,405.0,447.00000000000006,520.9999999999999,477.99999999999983,464.84,537.23,518.6,-5.360000000000031,2.1700000000000053,-5.030000000000001,179.0
2026-02-18,65.63402390547583,349.26850977506143,414.9025336805373,3.000000000000025,-0.6699999999999982,4.380490727345254,26.25306354680867,0.0,409.0,451.99999999999994,521.0,483.0000000000001,468.29999999999995,540.3699999999999,520.1600000000001,-4.5399999999999885,1.0600000000000165,-4.84,180.0
2026-02-19,64.42582597978893,349.2854783529483,413.7113043327372,0.0,0.6099999999999994,2.015372402693494,18.463159998416103,-13.333333333333332,408.0,451.0,520.0,482.0,466.9099999999999,540.0800000000002,517.86,-4.450000000000021,0.8099999999999774,-4.84,179.0
2026-02-20,65.33677482390749,348.91679421037315,414.25356903428064,-1.000000000000023,-1.1400000000000006,0.04499437646208193,0.0,0.0,408.0,451.0,524.0,483.9999999999999,468.07999999999987,544.1600000000001,516.1400000000002,-5.100000000000016,0.8900000000000574,-4.130000000000056,180.0
2026-02-23,63.62257134194955,345.56398749977166,409.1865588417212,-2.0000000000000018,1.9200000000000017,-0.49605513219708186,0.0,0.0,403.0,447.00000000000006,522.9999999999999,484.00000000000006,464.56000000000006,544.6599999999999,518.95,-4.929999999999968,0.8799999999999919,-4.179999999999939,177.0
2026-02-24,62.76933078532632,347.150197717242,409.9195285025683,0.0,-1.4600000000000009,-1.1213937789288586,16.358793525501994,13.0,404.0,447.0,522.0,484.00000000000006,464.34,543.3099999999998,514.9900000000002,-4.800000000000004,0.8300000000000196,-3.54000000000001,178.0
2026-02-25,61.857625324678445,348.5867715156515,410.44439684032994,2.0000000000000018,-1.620000000000001,-0.4888491250570226,45.51622163377049,7.333333333333336,405.0,449.0,520.9999999999999,484.00000000000006,463.8299999999999,542.2600000000001,511.21,-4.499999999999993,0.7699999999999818,-2.9300000000000104,177.0
2026-02-26,60.096271870007676,347.07015534409237,407.16642721410005,0.0,0.6999999999999993,-0.30674870678613075,32.78819576704501,0.0,401.99999999999994,447.0,518.0000000000001,480.99999999999994,460.81000000000006,539.5100000000001,510.2499999999999,-4.160000000000075,0.8099999999999774,-3.2700000000000173,174.0
2026-02-27,59.71382885267489,343.357964061225,403.07179291389986,-2.9999999999999805,1.2300000000000004,2.8170876966695957,0.0,0.0,397.0,443.00000000000017,517.0,477.99999999999983,458.2800000000001,537.3000000000001,512.3900000000001,-4.769999999999941,1.330000000000009,-3.780000000000072,172.0
2026-03-02,61.729146940074116,348.5940067890373,410.32315372911137,4.0000000000000036,1.5800000000000018,6.041376256420428,0.0,0.0,405.0,447.99999999999994,523.0,482.0,463.89000000000016,544.2099999999999,507.7499999999999,-4.499999999999993,1.019999999999932,-2.9499999999999638,176.0
2026-03-03,61.37122869423051,349.8676807902116,411.23890948444205,0.0,2.129999999999999,4.60214442233875,0.0,0.0,405.99999999999994,448.99999999999994,524.0,480.0,464.3399999999998,544.6400000000001,505.76999999999987,-4.520000000000035,1.2199999999999989,-3.259999999999952,177.0
2026-03-04,60.16124117052355,353.04160927940484,413.20285044992835,0.0,-2.4200000000000017,0.13417417818635258,0.0,0.0,409.0,451.0,525.0000000000001,481.99999999999983,464.7900000000002,546.79,502.97999999999996,-3.8300000000000445,1.0099999999999554,-2.600000000000069,180.0
2026-03-05,61.77939880023216,355.2137823309847,416.9931811312169,2.0000000000000018,2.6000000000000014,8.109419996154088,0.0,0.0,413.0,453.9999999999999,529.0000000000001,480.00000000000017,468.05,550.45,492.15,-3.849999999999998,1.1499999999999844,-1.8899999999999473,182.0
2026-03-06,64.87488385613376,353.8392278133539,418.71411166948764,4.0000000000000036,5.739999999999998,11.536225982631976,0.0,0.0,415.00000000000006,458.0,533.0000000000001,482.99999999999983,471.0500000000001,555.6099999999998,490.15000000000015,-3.4899999999999487,1.2500000000000178,-0.9500000000000064,180.0
2026-03-09,61.62627908971721,354.37291124595157,415.9991903356688,-1.000000000000023,-3.9899999999999984,4.185704311679661,0.0,0.0,412.0,453.0,527.9999999999999,476.0,467.39000000000004,549.65,486.83000000000004,-3.849999999999998,1.020000000000021,-2.230000000000043,178.0
2026-03-10,62.80922409187699,355.2777552060869,418.08697929796386,-0.9999999999999787,-0.5700000000000003,-12.28274329833674,20.180747873508373,0.0,415.00000000000006,457.0,533.0000000000001,485.99999999999994,469.58000000000004,558.2500000000001,489.39999999999986,-3.1299999999999883,0.5300000000000082,-0.45999999999999375,182.0
2026-03-11,67.74721029657123,357.20611788915403,424.95332818572524,2.9999999999999805,-0.6999999999999993,3.6248176994339687,39.0,0.0,421.0,463.00000000000006,543.0000000000001,494.00000000000006,477.23,569.71,499.49999999999994,-3.9699999999999847,0.2500000000000391,-1.1199999999999655,185.0
2026-03-12,66.06314740075705,365.6237434676872,431.68689086844427,2.0000000000000018,3.0599999999999987,9.66707954310504,45.132168885017144,0.0,426.99999999999994,465.99999999999994,545.0000000000001,492.0,479.9,566.7600000000002,507.2399999999999,-4.9900000000000055,1.0800000000000587,-3.049999999999997,189.0
2026-03-13,70.44898216894393,362.78513191207014,433.23411408101407,-2.0000000000000018,-0.09999999999999787,2.9576064778843225,0.0,0.0,428.0,469.00000000000006,549.9999999999999,492.0,484.01000000000005,572.06,504.7600000000003,-5.290000000000017,1.29999999999999,-2.919999999999945,192.0
2026-03-16,66.60479047477762,359.7455822082957,426.35037268307326,0.0,-3.6799999999999997,-5.306920875457166,0.0,0.0,423.00000000000006,466.0000000000001,542.9999999999999,492.00000000000017,477.55,569.1500000000001,498.37999999999977,-3.5199999999999676,0.49999999999998934,-1.5399999999999636,187.0
2026-03-17,64.63682786559045,359.46159656857725,424.09842443416767,1.000000000000023,-1.1400000000000006,2.766807958790629,21.330614131782042,0.0,420.0,461.00000000000006,541.9999999999999,493.00000000000017,474.9,568.1500000000001,501.0600000000001,-4.349999999999987,0.21999999999993136,-1.6000000000000014,183.0
2026-03-18,65.02607403392471,365.4986423214608,430.5247163553855,2.9999999999999805,2.719999999999999,0.11450581587357789,0.0,0.0,426.0,464.9999999999999,542.0,496.0000000000001,478.75999999999993,567.44,507.4500000000002,-4.910000000000014,-0.49999999999998934,-2.749999999999986,186.0
2026-03-19,59.513072442349426,369.9773330357808,429.4904054781302,-2.9999999999999805,-1.0300000000000011,-0.010404203307601279,19.0,-13.166666666666668,425.0,462.0,539.0,484.99999999999994,474.8099999999999,560.2399999999999,497.5799999999999,-5.250000000000021,0.47000000000005926,-3.5499999999999865,188.0
2026-03-20,71.77119019126161,373.7269801068191,445.4981702980807,0.9999999999999787,2.7200000000000024,2.669288959460392,0.0,0.0,438.99999999999994,477.00000000000006,554.9999999999999,494.0000000000002,493.17000000000013,574.65,504.31000000000006,-6.899999999999995,0.5199999999999427,-4.060000000000041,200.99999999999997
2026-03-23,69.53469755458461,370.67200098122186,440.2066985358065,-4.999999999999982,-0.6300000000000026,-9.984888071604914,0.0,0.0,434.0,472.99999999999994,552.0,487.00000000000017,488.3,570.7299999999999,498.5900000000001,-6.58000000000003,1.2099999999999334,-4.190000000000005,200.99999999999997
2026-03-24,67.73431549019917,377.0266911026806,444.76100659287977,0.0,0.8000000000000007,4.219572867490307,16.358793525501994,13.0,438.99999999999994,474.9999999999999,551.0,492.00000000000017,489.68000000000006,568.5699999999999,506.2100000000001,-6.400000000000006,1.0900000000000354,-4.239999999999977,206.0
2026-03-25,63.051979747403976,374.9346021697908,437.98658191719477,-2.0000000000000018,-1.620000000000001,-1.8084850461363544,45.51622163377049,7.333333333333336,433.0,469.99999999999994,547.0000000000001,486.99999999999994,482.26000000000005,564.3,507.23,-5.750000000000011,1.7900000000000027,-4.720000000000013,202.0
2026-03-26,65.57698793439175,382.83770762001166,448.4146955544034,2.9999999999999805,2.110000000000003,4.977317992223007,32.78819576704501,0.0,442.0,476.00000000000006,550.0,486.9999999999998,489.45999999999987,560.71,513.8099999999998,-7.200000000000006,2.690000000000037,-5.989999999999984,208.0
2026-03-27,74.10175579637274,375.6238184081252,449.72557420449795,-2.9999999999999805,3.6099999999999994,5.1470030692246205,0.0,0.0,444.00000000000006,482.0000000000002,554.0000000000001,495.9999999999999,496.22,571.35,510.12999999999994,-5.949999999999989,1.2599999999999945,-4.049999999999976,213.0
2026-03-30,68.61372137992818,371.1490077359781,439.7627291159063,0.0,-0.4400000000000013,3.3312135789500097,0.0,0.0,434.99999999999994,472.99999999999994,549.0,489.00000000000006,486.4800000000001,565.59,502.64000000000004,-5.080000000000062,2.4499999999999744,-3.0199999999999783,204.0
2026-03-31,65.39226834941188,369.2875572318136,434.6798255812255,-1.000000000000023,-5.359999999999999,-1.763476198449343,0.0,0.0,430.0,468.0,545.9999999999999,488.00000000000006,481.33,564.1500000000001,503.59999999999985,-5.109999999999992,2.069999999999972,-3.2099999999999795,200.0
2026-04-01,68.5257282719983,370.45078018757647,438.9765084595748,1.000000000000023,-0.7100000000000009,-0.9376900118090781,0.0,0.0,433.0,468.99999999999994,549.0,491.0000000000001,485.5800000000001,566.12,510.8699999999999,-6.259999999999977,1.839999999999975,-4.129999999999967,202.0
2026-04-02,65.79718311470498,370.01955447971727,435.81673759442225,2.9999999999999805,-0.6699999999999982,10.542920809726919,0.0,0.0,430.99999999999994,467.9999999999999,545.0,488.00000000000006,482.03,562.8900000000001,504.66999999999996,-5.210000000000026,1.8600000000000172,-3.560000000000052,197.0
2026-04-03,66.98635925541052,373.2734006258578,440.25975988126834,2.0000000000000018,0.0,0.0,0.0,0.0,434.99999999999994,470.9999999999999,547.0000000000001,491.0000000000001,485.71,564.84,507.38999999999976,-5.730000000000057,1.3700000000000045,-3.89999999999997,199.0
2026-04-06,64.54590041383601,374.07463624225545,438.6205366560914,0.0,0.3000000000000007,0.6865015519680107,0.0,0.0,434.0,470.0,544.0,488.9999999999999,482.6500000000001,559.85,507.6599999999999,-5.160000000000053,2.179999999999982,-3.6100000000000243,198.0
2026-04-07,66.6555400844334,370.85430445420127,437.5098445386347,1.000000000000023,1.6099999999999994,0.4987105134802938,20.180747873508373,0.0,433.0,470.9999999999999,547.0000000000001,490.00000000000006,483.8099999999999,565.48,507.2399999999999,-4.929999999999968,1.869999999999994,-3.6599999999999966,196.0
2026-04-08,64.5980591728624,369.31054866434783,433.90860783721024,-4.0000000000000036,-4.740000000000002,-17.51558102560411,39.0,6.666666666666668,429.0,465.99999999999994,545.0000000000001,492.9999999999998,480.34999999999985,564.4599999999999,506.2900000000002,-5.3899999999999615,1.4300000000000423,-2.400000000000002,196.0
2026-04-09,65.95542692346568,368.10590115081703,434.06132807428276,0.9999999999999787,-1.5500000000000007,3.524548892074719,45.132168885017144,0.0,429.0,467.0,547.0,494.00000000000006,481.38999999999993,567.05,508.49,-5.459999999999976,1.4599999999999724,-2.59999999999998,195.0
2026-04-10,67.35338465340983,369.2165569570618,436.56994161047163,2.0000000000000018,-0.259999999999998,-1.2932085661343962,0.0,0.0,430.99999999999994,467.9999999999999,547.0000000000001,495.0000000000001,483.79,567.1199999999999,507.5,-5.9200000000000585,0.8899999999999686,-2.7000000000000135,195.0
2026-04-13,66.30028539604757,367.9881705766993,434.2884559727469,2.0000000000000018,-0.10999999999999943,2.391352775229816,0.0,0.0,430.0,468.0,545.9999999999999,494.00000000000006,481.82,566.72,505.3499999999998,-4.670000000000041,1.4199999999999768,-2.0799999999999486,192.0
2026-04-14,63.00912642283101,366.3190869684841,429.3282133913151,-0.9999999999999787,-0.7600000000000016,-7.899249153847254,0.0,0.0,426.0,464.9999999999999,542.0,493.0,476.81999999999994,565.1500000000001,503.88,-3.8300000000000445,0.9800000000000253,-1.9099999999999895,189.0
2026-04-15,65.2311343947122,366.9928609375494,432.22399533226155,2.0000000000000018,-0.18999999999999773,-0.03223899872102365,0.0,0.0,429.0,468.0,545.0000000000001,492.9999999999998,479.83000000000004,566.7799999999999,507.7600000000001,-3.6299999999999777,1.6799999999999926,-2.4700000000000166,190.0
2026-04-16,68.92288564114541,366.524653405581,435.4475390467264,0.0,-0.23000000000000043,3.609890643041691,0.0,0.0,432.0,473.00000000000006,548.0,498.9999999999998,484.24999999999994,571.68,512.5400000000001,-3.6900000000000155,1.0299999999999976,-2.3100000000000342,193.0
2026-04-17,66.69851228452495,362.2552243088577,428.95373659338264,-3.000000000000025,-0.46000000000000085,-11.582817799086076,0.0,0.0,426.0,467.9999999999999,544.0,494.00000000000006,479.0099999999999,569.3500000000003,504.2699999999999,-3.1800000000000495,0.8399999999999963,-1.9300000000000317,190.0
2026-04-20,65.51011030978313,363.54278013342287,429.052890443206,-0.9999999999999787,1.3900000000000006,5.821839325667089,0.0,0.0,426.0,465.99999999999983,544.0,494.00000000000006,478.1600000000001,567.3799999999998,505.8900000000001,-3.3500000000000085,1.4599999999999724,-1.6799999999999926,191.0
2026-04-21,65.46604906393343,367.6813446699128,433.1473937338462,2.9999999999999805,0.629999999999999,2.793901271607435,0.0,0.0,430.0,468.99999999999994,544.0,492.9999999999998,480.3299999999998,565.9599999999999,510.3900000000001,-3.530000000000033,1.4499999999999957,-3.1000000000000583,192.0
2026-04-22,65.49838116458501,368.55363352756194,434.05201469214694,0.0,-0.5799999999999983,1.1889736667874296,21.330614131782042,0.0,430.0,468.99999999999994,544.0,495.9999999999999,480.7899999999999,565.8499999999999,512.4499999999999,-4.450000000000021,0.930000000000053,-2.8799999999999493,192.0
2026-04-23,67.11951650507872,370.85063412036413,437.97015062544284,4.0000000000000036,0.389999999999997,4.649603131104563,14.440351951225425,-44.0,434.0,472.0,546.0,495.9999999999999,483.9599999999999,566.1200000000002,516.7299999999998,-4.3400000000000105,1.470000000000038,-3.6299999999999777,192.0
2026-04-24,67.2573769387605,367.371758489541,434.6291354283014,0.0,-0.5999999999999979,-0.8599375163798051,0.0,0.0,430.99999999999994,469.99999999999983,545.0,497.00000000000017,482.28999999999996,567.1100000000001,510.46,-3.9100000000000357,1.1700000000000266,-2.1700000000000053,189.0
2026-04-27,69.79845495054393,368.5885745614667,438.3870295120107,2.0000000000000018,-0.6900000000000013,1.4825545106226024,55.236664163416606,13.833333333333336,434.99999999999994,476.0,549.0,498.0000000000001,486.1799999999999,570.1200000000001,516.4599999999998,-3.590000000000071,1.8299999999999983,-2.9499999999999638,191.0
2026-04-28,68.72477432483191,371.6599664905064,440.3847408153383,0.0,-0.19000000000000128,3.50188236474942,39.900714691176304,-32.5,436.00000000000006,475.0,548.0,498.0000000000001,486.37999999999994,567.2000000000002,519.1399999999999,-4.689999999999994,1.6300000000000203,-3.5499999999999865,192.0
2026-04-29,70.17675380802318,376.68701674103147,446.8637705490546,2.0000000000000018,0.9800000000000004,6.565558669263183,0.0,0.0,442.0,479.0000000000001,551.9999999999999,500.00000000000017,491.16999999999996,568.4800000000001,527.9199999999998,-5.250000000000021,2.1599999999999397,-4.709999999999948,196.0
2026-04-30,71.88690339958086,372.8702809128385,444.7571843124193,0.0,-1.9199999999999982,-1.6704327073798098,0.0,0.0,440.00000000000006,478.0,553.9999999999999,500.00000000000017,491.08,571.8299999999999,528.3000000000002,-4.969999999999963,2.349999999999941,-4.639999999999933,194.0
2026-05-01,70.10023969794896,374.0072248293112,444.1074645272602,2.0000000000000018,0.09999999999999787,-3.0466799029245983,0.0,0.0,438.99999999999994,476.0,553.0,498.99999999999994,489.40000000000003,568.8800000000001,527.47,-5.410000000000004,2.770000000000028,-4.320000000000057,191.0
2026-05-04,72.88495725115195,377.6699682917649,450.5549255429168,2.0000000000000018,1.3000000000000007,4.072329919643547,0.0,0.0,445.0,482.0,556.9999999999999,504.0000000000001,495.2399999999999,572.81,535.67,-5.869999999999997,2.3899999999999366,-5.140000000000011,195.0
2026-05-05,70.82494073061633,377.6767328715978,448.5016736022141,-2.9999999999999805,-0.9100000000000001,-3.8069772241406064,0.0,0.0,443.0,477.99999999999994,553.0000000000001,497.99999999999994,492.0800000000001,566.6300000000001,533.2399999999998,-5.820000000000025,2.9000000000000803,-5.80999999999996,196.0
2026-05-06,66.77825136931652,373.8812045242964,440.65945589361297,-5.000000000000027,0.010000000000001563,-6.7634987954938275,0.0,0.0,436.00000000000006,472.99999999999994,548.0,498.0000000000001,484.88,564.92,528.3199999999999,-5.079999999999973,2.3100000000000342,-4.549999999999965,194.0
2026-05-07,68.71359085631296,376.7080116848978,445.42160254121075,3.000000000000025,-0.3100000000000023,-0.37538724140375734,0.0,0.0,441.0,478.0,551.0,498.99999999999994,488.87,566.52,536.36,-4.830000000000023,2.829999999999977,-5.759999999999987,196.0
2026-05-08,66.26874844435329,375.93154539701146,442.2002938413647,0.0,0.11000000000000298,0.4968324541848368,0.0,0.0,438.0,474.0,548.0,499.0,485.34999999999997,564.2099999999999,533.3799999999999,-4.689999999999994,2.59999999999998,-4.97999999999994,193.0
2026-05-11,68.50006948163876,378.75533625498934,447.2554057366281,2.0000000000000018,1.1899999999999977,2.684390092743527,20.180747873508373,0.0,442.0,477.00000000000006,551.9999999999999,500.00000000000017,489.74,565.6799999999998,539.6999999999998,-5.719999999999992,2.9899999999999594,-6.009999999999938,195.0
2026-05-12,72.08399345394385,381.04670464626713,453.13069810021096,0.0,-0.39000000000000057,4.071170880135622,42.0,7.0,446.0,480.0,557.9999999999999,505.00000000000017,495.59999999999985,568.8700000000001,546.1299999999999,-7.500000000000018,3.2699999999999285,-5.959999999999965,199.0
2026-05-13,73.28959066602553,379.826469612461,453.11606027848654,0.0,-0.11999999999999744,-1.1983024985421586,51.28655555115584,5.333333333333332,446.0,480.0,560.0,502.99999999999994,496.43999999999994,571.38,548.36,-7.409999999999961,3.420000000000023,-7.0299999999999585,199.0
2026-05-14,70.82369065349727,382.1792263075957,453.002916961093,0.0,-0.6099999999999994,0.1338560291650026,0.0,0.0,447.0,480.99999999999994,554.9999999999999,504.0000000000001,494.4899999999999,566.5999999999999,548.98,-6.430000000000025,3.1600000000000072,-6.680000000000064,200.0
2026-05-15,82.18032091372676,385.7857070372309,467.96602795095765,2.0000000000000018,1.1699999999999982,4.0539133957158136,0.0,0.0,459.0,492.0,569.0,508.0,510.6799999999999,573.38,557.3000000000001,-8.919999999999995,4.639999999999933,-7.489999999999952,210.0
2026-05-18,83.02356404824755,385.6076837542091,468.63124780245664,-1.000000000000023,-0.6099999999999994,2.9472391721143687,0.0,0.0,461.00000000000006,495.0000000000001,567.0,513.9999999999999,511.75999999999993,574.79,555.95,-7.559999999999967,3.7199999999999456,-6.040000000000045,213.0
2026-05-19,87.96983182620828,387.6721798452528,475.6420116714611,1.000000000000023,0.23999999999999844,-0.14264065893598854,0.0,0.0,467.0,502.00000000000006,571.0000000000001,515.9999999999997,518.8600000000001,575.67,561.5,-8.330000000000037,4.160000000000075,-6.669999999999998,218.00000000000003
2026-05-20,81.04787343680893,383.6116663744898,464.65953981129877,-5.000000000000027,-0.6199999999999974,-9.737315022995752,26.25306354680867,0.0,457.0,492.00000000000006,563.0,513.0000000000001,508.09999999999985,574.25,554.2500000000001,-7.629999999999981,2.37999999999996,-6.590000000000007,213.0
2026-05-21,78.05401596845769,386.7549473128138,464.8089632812715,-4.999999999999982,-0.6799999999999997,-1.4760781152282298,18.23730065540803,2.0,457.0,489.00000000000006,561.0,512.0,506.19999999999993,569.7800000000001,552.9200000000001,-8.009999999999984,2.770000000000028,-6.200000000000028,218.00000000000003
2026-05-22,72.8720581799139,391.2275873535479,464.09964553346185,0.9999999999999787,-0.060000000000002274,0.1495886591582618,0.0,0.0,455.99999999999994,484.99999999999994,556.0,509.00000000000034,502.3300000000001,562.9499999999999,552.6999999999999,-8.660000000000068,2.48999999999997,-6.8899999999999295,216.0
2026-05-26,70.4042113061063,386.44188171526446,456.8460930213708,0.0,0.3100000000000023,-2.7479252004766863,16.358793525501994,13.0,450.0,480.99999999999994,556.0,502.99999999999994,496.5299999999998,563.8200000000002,547.4599999999999,-7.409999999999961,3.680000000000039,-6.60999999999996,210.0
2026-05-27,69.16554885626658,386.025502383496,455.1910512397626,-0.9999999999999787,-0.7200000000000024,-5.55991165923313,45.51622163377049,7.333333333333336,448.00000000000006,479.0000000000001,553.9999999999998,501.0,494.64,561.8100000000001,544.9099999999999,-7.779999999999987,3.420000000000023,-6.760000000000055,209.0
2026-05-28,66.34424329245307,386.0270792509053,452.37132254335836,0.0,-0.5499999999999989,0.3243246086120699,32.78819576704501,0.0,445.0,475.0,551.0000000000001,497.99999999999994,490.98999999999984,558.2600000000001,543.1099999999999,-8.070000000000022,3.4100000000000463,-6.989999999999963,206.0
2026-05-29,66.48066493890825,384.79792248647067,451.27858742537893,-1.000000000000023,-0.41999999999999993,-1.6212748353885864,0.0,0.0,445.0,477.00000000000006,551.0000000000001,501.00000000000006,490.67999999999995,560.82,542.0899999999999,-6.979999999999986,3.140000000000054,-6.069999999999975,206.99999999999997
2026-06-01,66.25221742085618,387.90640109644625,454.15861851730244,2.0000000000000018,0.7300000000000004,5.131523359401058,0.0,0.0,447.0,476.0,551.0000000000001,499.0,491.95000000000005,557.0899999999999,543.71,-7.910000000000039,3.6900000000000155,-6.6600000000000215,206.99999999999997
2026-06-02,63.84400151051035,388.4840017102499,452.32800322076025,-0.9999999999999787,-0.28000000000000114,1.5613200377624814,0.0,0.0,446.0,475.0,547.9999999999999,497.00000000000006,489.15,553.68,542.5800000000003,-7.179999999999964,4.019999999999957,-6.550000000000011,206.99999999999997
2026-06-03,66.1607480213004,390.3780094092528,456.53875743055323,-1.000000000000023,0.28999999999999915,2.322266302266218,0.0,0.0,449.0,477.0000000000001,551.0,497.00000000000017,493.0999999999999,554.4,545.7700000000001,-8.329999999999949,4.180000000000028,-7.399999999999984,211.0
2026-06-04,65.98190521368767,388.17800924493974,454.15991445862744,-2.0000000000000018,-0.6599999999999984,-2.9810437748341023,0.0,0.0,447.0,476.0,549.0000000000001,494.99999999999983,491.6399999999999,554.61,539.9300000000001,-7.9000000000000625,3.5800000000000054,-7.279999999999998,211.0
2026-06-05,66.77367641265413,395.72742312901977,462.5010995416739,0.0,6.110000000000001,-2.6263607394324318,0.0,0.0,455.0,481.00000000000006,551.0000000000001,496.9999999999997,497.13000000000005,551.82,544.58,-8.420000000000005,4.300000000000015,-7.5099999999999945,219.0
2026-06-08,68.5256478719356,394.71010209486985,463.23574996680543,-0.9999999999999787,-2.59,0.718363537142519,0.0,0.0,455.99999999999994,482.99999999999994,554.0000000000001,499.0,498.91999999999996,556.06,547.0700000000003,-8.079999999999998,4.349999999999987,-7.559999999999967,221.0
2026-06-09,66.9779843331348,393.2447044390734,460.22268877220824,-2.0000000000000018,0.9499999999999993,-3.31758622388989,20.180747873508373,0.0,453.0,480.00000000000017,550.9999999999999,498.99999999999994,496.0800000000001,554.6899999999999,543.8,-8.089999999999975,3.709999999999969,-7.08000000000002,220.00000000000003
2026-06-10,69.02053864634468,392.9900528554975,462.01059150184216,0.9999999999999787,2.349999999999998,1.9183689927819714,39.0,0.0,455.0,483.0,552.9999999999999,501.00000000000006,498.6000000000001,557.5699999999999,545.1800000000003,-7.800000000000029,3.5800000000000054,-7.069999999999954,221.0
2026-06-11,62.07592103742656,389.5816969751548,451.65761801258134,-4.999999999999982,-2.7799999999999976,-2.2671812060512053,45.132168885017144,0.0,445.0,472.00000000000006,547.0000000000001,493.0,487.9,552.33,534.81,-7.66,3.8000000000000256,-6.60999999999996,216.0
2026-06-12,63.7912334285641,391.2303558023161,455.02158923088024,2.0000000000000018,-1.7600000000000016,-3.2855341457605824,0.0,0.0,448.00000000000006,475.0000000000001,548.0,494.99999999999983,490.9699999999999,553.01,538.6199999999998,-7.989999999999942,3.4900000000000375,-7.129999999999992,217.0
2026-06-15,63.18914917124481,389.62448030371866,452.8136294749634,0.9999999999999787,-1.4800000000000004,-4.583245719219953,0.0,0.0,447.0,476.0,547.0,497.00000000000006,489.31999999999994,554.3999999999999,540.1100000000001,-6.780000000000008,3.369999999999962,-6.680000000000064,215.0
2026-06-16,58.494098450755814,389.6849949979355,448.1790934486914,-2.9999999999999805,0.21000000000000085,-5.900160412338096,21.330614131782042,0.0,443.0,469.99999999999994,541.0000000000001,494.9999999999998,483.5299999999999,549.8700000000001,534.4499999999999,-6.36000000000001,2.770000000000028,-6.1200000000000365,214.0
2026-06-17,53.836479387900305,401.09809315792154,454.9345725458219,-3.000000000000025,2.030000000000001,1.059530011545462,0.0,0.0,449.0,471.00000000000017,540.9999999999999,488.9999999999998,484.98,543.6599999999999,533.95,-7.730000000000015,3.4900000000000375,-7.840000000000025,223.0
2026-06-18,50.775370501986615,399.9308915211233,450.70626202310996,-0.9999999999999787,-2.0400000000000027,-0.3726712387696729,13.329555647285007,2.5,446.0,468.99999999999994,536.0,488.0,480.45999999999987,541.5699999999999,531.1899999999999,-6.599999999999984,2.8400000000000425,-7.639999999999958,221.0
2026-06-22,53.109100617866204,403.15557939761123,456.26468001547744,-2.0000000000000018,0.8800000000000026,-1.7704021948819815,0.0,0.0,451.0,472.9999999999999,543.0,491.0000000000001,485.7200000000001,545.05,533.14,-7.220000000000049,4.049999999999976,-6.899999999999995,227.99999999999997
2026-06-23,54.27489949056614,400.70324201769176,454.9781415082579,-2.0000000000000018,2.2099999999999973,-5.627950244168911,16.358793525501994,13.0,450.0,473.00000000000006,542.0,490.0000000000001,485.56,545.75,531.75,-6.780000000000008,3.6699999999999733,-7.149999999999945,229.0
2026-06-24,46.471621845081266,398.44323029001544,444.9148521350967,-2.9999999999999805,-0.8599999999999994,-4.383062562670936,45.51622163377049,7.333333333333336,441.0,465.00000000000006,533.0,484.00000000000006,474.6,539.5799999999999,520.9399999999999,-5.989999999999984,2.990000000000048,-6.49999999999995,223.0
2026-06-25,46.84831034737593,396.398494055426,443.24680440280196,2.9999999999999805,0.26000000000000156,1.7350702462241685,32.78819576704501,0.0,440.00000000000006,465.00000000000006,534.0000000000001,484.00000000000006,474.1699999999999,542.3199999999999,517.9700000000001,-5.289999999999928,3.0100000000000016,-5.999999999999961,219.0
2026-06-26,47.55003607550394,393.7905690936226,441.3406051691265,-0.9999999999999787,-0.4800000000000004,-3.315684581192535,0.0,0.0,438.0,463.9999999999999,536.0000000000001,486.99999999999994,473.6699999999999,545.8100000000001,519.3599999999999,-5.30999999999997,2.9500000000000526,-5.30999999999997,218.00000000000003
2026-06-29,46.02456633050602,395.3174585764894,441.34202490699545,2.0000000000000018,-0.7600000000000016,2.208713266373241,0.0,0.0,438.0,461.99999999999994,534.0000000000001,486.0000000000001,472.71000000000004,544.07,518.87,-5.430000000000046,2.5300000000000544,-5.750000000000011,216.0
2026-06-30,51.07896670684893,396.6382623751106,447.71722908195954,2.0000000000000018,-1.1999999999999993,-1.839551978181575,0.0,0.0,444.00000000000006,469.00000000000006,541.9999999999999,487.00000000000017,479.94999999999993,549.6600000000001,525.12,-5.659999999999954,3.620000000000001,-6.669999999999998,220.00000000000003
2026-07-01,54.67695282448766,398.11008899083936,452.78704181532703,-1.000000000000023,0.14000000000000057,-1.1689370451030356,0.0,0.0,448.00000000000006,472.00000000000006,545.9999999999999,497.00000000000006,485.35,554.36,534.4999999999999,-6.639999999999979,2.850000000000019,-6.190000000000051,225.0
2026-07-02,58.838176432395706,395.2634559057897,454.1016323381855,0.0,-0.4400000000000013,-0.014340001458634788,0.0,0.0,449.0,475.0000000000001,549.0,495.9999999999999,488.94,558.4,530.84,-6.679999999999975,2.6699999999999946,-6.3799999999999635,225.99999999999997
2026-07-06,59.187914484307534,393.4309045871089,452.6188190714164,1.000000000000023,-0.5799999999999983,-0.1866073892545117,0.0,0.0,448.00000000000006,475.0000000000001,550.0000000000001,499.0,488.33000000000004,560.51,533.3799999999999,-6.13999999999999,2.8700000000000614,-5.659999999999954,224.00000000000003
2026-07-07,62.83804866471843,396.6764245387989,459.51447320351735,0.9999999999999787,0.5599999999999987,2.73523747799187,20.180747873508373,0.0,455.0,483.0,555.0,505.0,495.0100000000001,564.9700000000001,541.2900000000001,-6.020000000000003,3.0100000000000016,-5.830000000000002,229.99999999999997
2026-07-08,64.60836260209982,397.74969407983656,462.3580566819363,0.0,0.7699999999999996,4.148722825704265,39.0,6.666666666666668,455.99999999999994,480.99999999999994,558.0000000000001,503.9999999999997,497.8900000000001,565.84,541.1400000000001,-7.810000000000006,2.9300000000000104,-6.500000000000039,231.0
2026-07-09,64.94017208327207,394.93444481051654,459.8746168937886,-2.0000000000000018,-1.0599999999999987,-1.9092042911202256,45.132168885017144,0.0,454.0,481.00000000000006,557.9999999999999,503.0000000000001,496.61999999999995,567.18,540.16,-7.230000000000025,3.049999999999997,-6.430000000000025,231.0
2026-07-10,64.70640832956884,397.7317365470987,462.4381448766676,1.000000000000023,-0.8100000000000005,-0.9615458699441248,0.0,0.0,455.99999999999994,481.99999999999983,560.0,501.9999999999999,498.04999999999995,566.55,542.02,-7.9000000000000625,3.6299999999999777,-6.899999999999995,231.99999999999997
2026-07-13,66.13702846000828,401.6226777922305,467.75970625223874,1.9999999999999574,2.130000000000001,8.907963005368824,0.0,0.0,462.0,487.0,560.0,508.0,502.28999999999996,567.4799999999999,545.7800000000001,-7.299999999999951,2.9300000000000104,-6.560000000000077,236.0
2026-07-14,67.84280674691612,396.31642249780043,464.1592292447165,-0.9999999999999787,-0.6600000000000001,1.5535266084071075,0.0,0.0,458.0,484.99999999999994,560.0,506.00000000000006,500.7500000000001,567.6399999999999,545.4599999999999,-7.380000000000031,3.3199999999999896,-6.550000000000011,233.0
2026-07-15,68.27485929521626,392.1767258112399,460.4515851064562,-2.0000000000000018,-0.8300000000000001,0.3598688502473024,0.0,0.0,455.0,484.00000000000006,559.0000000000001,509.99999999999994,498.81999999999994,570.31,546.4799999999999,-6.530000000000058,2.7600000000000513,-5.560000000000009,231.99999999999997
2026-07-16,68.94569731844507,393.6335486902685,462.57924600871354,-0.9999999999999787,1.0600000000000005,-0.8708689027969285,0.0,0.0,457.0,486.00000000000006,561.0,508.9999999999999,500.64000000000004,571.3500000000001,548.1700000000001,-6.6899999999999515,3.029999999999955,-6.259999999999977,235.0
2026-07-17,65.19143175135001,395.6291756187326,460.8206073700826,2.0000000000000018,2.039999999999999,4.160639253502829,0.0,0.0,455.0,481.99999999999994,559.0000000000001,503.9999999999997,497.08000000000004,566.9799999999999,547.1300000000002,-7.150000000000034,3.6000000000000476,-6.9700000000000095,231.0
2026-07-20,68.50584980132597,397.1403562347739,465.6462060360999,0.9999999999999787,-0.120000000000001,1.1322449782209532,0.0,0.0,459.99999999999994,487.0,564.0,509.00000000000006,502.30999999999995,571.26,551.9,-6.9100000000000605,4.089999999999971,-6.479999999999997,235.0
2026-07-21,69.15164962812703,400.4469707523913,469.5986203805183,0.9999999999999787,-1.5999999999999979,1.9481897703336415,0.0,0.0,463.0,488.9999999999999,565.0,511.0000000000001,505.19000000000005,571.1600000000001,554.11,-7.950000000000035,3.6099999999999355,-6.880000000000042,237.0
2026-07-22,70.34991305169945,403.1121854602015,473.46209851190093,2.0000000000000018,-0.41000000000000014,1.8653390591134134,21.330614131782042,0.0,467.0,493.00000000000006,567.0,510.99999999999994,508.51,572.39,554.2599999999999,-7.88000000000002,3.6900000000000155,-7.299999999999951,239.0
2026-07-23,71.77037816053824,405.88912727950185,477.6595054400401,0.0,2.0599999999999987,5.9993643443427835,21.0,-14.0,471.0,496.0,569.0,510.99999999999994,512.12,572.61,552.14,-8.119999999999994,3.9100000000000357,-7.220000000000049,243.00000000000003
2026-07-24,70.35742204683669,404.41005529467634,474.76747734151303,-2.0000000000000018,-0.120000000000001,-1.450084926506534,0.0,0.0,469.00000000000006,495.0000000000001,566.9999999999999,512.0000000000002,509.68,573.69,550.6600000000001,-7.279999999999998,3.310000000000013,-6.850000000000023,243.00000000000003
2026-07-27,66.27058397646373,404.81324459119514,471.0838285676589,-4.999999999999982,0.09000000000000341,-8.516991993655498,55.236664163416606,13.833333333333336,465.00000000000006,490.00000000000006,565.0,505.99999999999994,504.75000000000006,569.6700000000001,549.1299999999998,-7.789999999999964,3.9700000000000735,-7.570000000000032,244.0
2026-07-28,64.74561227965117,402.0008415940702,466.7464538737214,-0.9999999999999787,-0.46000000000000085,-4.04511434127226,32.78819576704501,0.0,461.00000000000006,487.0,561.0,504.9999999999999,501.03,567.8299999999999,544.6700000000002,-7.399999999999984,3.360000000000074,-7.040000000000024,241.0
2026-07-29,77.12221756324085,396.6280509770391,473.75026854027993,5.999999999999961,2.4499999999999993,6.193967059372607,7.112518924131301,-32.5,467.0,497.00000000000006,575.0,518.0,513.52,584.79,558.5300000000001,-7.720000000000038,3.310000000000013,-6.700000000000017,241.0
2026-07-30,78.30532366885951,396.675110326248,474.98043399510755,1.000000000000023,-3.5700000000000003,-1.0862689304777184,0.0,0.0,468.0,497.99999999999994,576.0,519.0000000000002,514.72,584.2199999999999,561.7600000000001,-7.850000000000001,3.819999999999979,-6.60999999999996,241.0
2026-07-31,83.63484212290788,398.66836701388934,482.30320913679725,0.9999999999999787,-1.0999999999999996,1.179162573943593,0.0,0.0,475.0,505.0,581.0,524.9999999999998,522.7900000000001,589.86,566.37,-8.01999999999996,3.2900000000000595,-6.7700000000000315,247.00000000000003
2026-08-03,78.7325108537435,397.7758964458379,476.5084072995814,-0.9999999999999787,-0.13000000000000078,-4.997470947743388,0.0,0.0,470.0,500.0,576.0000000000001,523.0,516.1099999999999,586.64,566.3799999999999,-7.43999999999998,2.990000000000048,-6.8899999999999295,243.00000000000003
2026-08-04,75.16228201723058,394.4710254858544,469.633307503085,-4.0000000000000036,0.6400000000000006,-5.814934474975519,0.0,0.0,463.0,493.0,573.0,517.9999999999998,509.61,584.34,562.4299999999996,-7.6200000000000045,3.0799999999999272,-7.050000000000001,240.0
2026-08-05,75.49921826297651,394.0253079119725,469.524526174949,-0.9999999999999787,-0.6899999999999995,-0.7137789048292653,0.0,0.0,463.0,493.0,573.0,515.0,509.5999999999999,582.6399999999999,559.1400000000002,-7.43999999999998,3.7799999999999834,-6.930000000000014,241.0
2026-08-06,77.40395742719261,397.92525441789184,475.3292118450845,3.999999999999959,-0.6600000000000001,2.6983520721728382,0.0,0.0,469.00000000000006,498.0000000000001,574.9999999999998,522.0000000000001,514.23,583.87,568.6999999999998,-7.279999999999998,3.739999999999988,-6.810000000000027,243.00000000000003
2026-08-07,77.9430383155673,393.8649565511138,471.80799486668104,-0.9999999999999787,-0.25,1.1219783628658497,0.0,0.0,465.00000000000006,495.0,575.0,517.0000000000002,512.53,584.83,560.8800000000002,-7.599999999999962,3.640000000000043,-6.979999999999986,240.0
2026-08-10,82.00382519806367,396.5032098036068,478.5070350016705,4.0000000000000036,0.5600000000000005,4.880807263924325,0.0,0.0,472.0,502.99999999999994,578.0,525.0,519.1800000000001,588.3599999999999,568.75,-7.200000000000006,3.2700000000000173,-6.69000000000004,243.00000000000003
2026-08-11,81.78991143463854,395.2366863443353,477.02659777897384,-2.0000000000000018,-0.1800000000000015,1.1986140058033001,20.180747873508373,0.0,470.0,501.0,580.0,522.0000000000001,518.1599999999999,588.5699999999999,567.9,-7.690000000000019,4.129999999999967,-6.850000000000023,243.00000000000003
2026-08-12,82.5349842182705,393.3692593626743,475.9042435809448,-1.000000000000023,-0.7299999999999986,0.23565463951351617,42.0,7.0,468.0,497.99999999999994,580.0000000000001,524.0,517.9599999999999,590.5200000000001,569.8700000000002,-8.470000000000066,3.2099999999999795,-7.120000000000015,242.0
2026-08-13,80.31894344847422,390.26923916057797,470.5881826090522,-1.9999999999999574,0.08000000000000007,-2.6232576118145445,51.28655555115584,2.666666666666668,463.0,493.99999999999994,577.0,523.0000000000001,513.1999999999999,588.8599999999999,567.2400000000001,-8.150000000000013,3.140000000000054,-6.449999999999978,239.0
2026-08-14,85.13894164567155,391.032619286361,476.17156093203255,2.9999999999999805,-0.3800000000000008,1.4632067240231805,0.0,0.0,468.0,499.9999999999999,582.0,525.0,519.5,592.3699999999999,574.3100000000001,-8.499999999999996,3.5499999999999865,-7.380000000000031,241.0
2026-08-17,89.35349314268915,390.1297547711003,479.4832479137894,0.9999999999999787,0.9399999999999995,2.411456026199321,0.0,0.0,472.0,505.99999999999994,588.0000000000001,532.9999999999998,524.65,600.3,579.1000000000001,-7.6500000000000234,3.759999999999941,-6.150000000000055,244.0
2026-08-18,86.9494798146007,390.92736147155017,477.87684128615086,2.0000000000000018,0.6500000000000004,0.5100868931423364,0.0,0.0,471.0,505.0,585.0,527.9999999999999,521.8299999999999,595.99,579.1400000000001,-7.139999999999969,4.250000000000043,-7.059999999999977,241.0
2026-08-19,77.08350231386447,393.9858779601826,471.06938027404715,0.0,-0.9499999999999993,0.9208168193862498,26.25306354680867,0.0,465.00000000000006,495.0,569.0,523.0000000000001,510.6400000000001,580.1,571.89,-6.780000000000008,2.939999999999987,-6.839999999999957,235.0
2026-08-20,81.46992218553785,394.1088202348281,475.5787424203659,4.0000000000000036,1.120000000000001,2.7906685843573698,16.279824410194205,0.0,469.00000000000006,499.0000000000001,570.9999999999999,529.0000000000001,516.04,582.4700000000001,574.59,-7.059999999999977,2.400000000000002,-6.1799999999999855,235.0
2026-08-21,83.86404970982836,396.30001080075783,480.16406051058624,0.0,-0.8800000000000008,-2.870902412949494,0.0,0.0,474.0,505.00000000000017,576.0,531.0,520.6100000000001,586.48,580.1899999999998,-6.649999999999956,3.0999999999999694,-6.630000000000003,240.0
2026-08-24,78.70717042450023,397.926554948649,476.6337253731493,-2.0000000000000018,0.7199999999999989,-1.002601311156237,0.0,0.0,470.0,499.0,572.0000000000001,527.0,515.03,579.95,575.5099999999996,-7.390000000000008,3.4900000000000375,-6.2399999999999345,238.0
2026-08-25,73.70305318058534,395.8623612075378,469.56541438812314,0.0,-0.40000000000000036,-2.8667376654170518,16.358793525501994,13.0,463.99999999999994,493.0,568.0000000000001,519.0,507.64000000000004,576.13,566.1199999999999,-6.510000000000016,4.150000000000009,-6.059999999999999,231.99999999999997
2026-08-26,74.86576827274098,397.4907195017866,472.35648777452764,0.0,-0.23999999999999844,-0.5258138309754301,45.51622163377049,7.333333333333336,466.0,495.0,568.0000000000001,519.9999999999998,509.9500000000001,575.3199999999998,566.7599999999999,-7.270000000000021,3.709999999999969,-6.340000000000057,234.0
2026-08-27,75.65746723799936,398.12014157371516,473.7776088117146,1.000000000000023,-0.7000000000000011,1.6045985210202396,32.78819576704501,0.0,467.0,496.0000000000001,569.0,521.0000000000002,511.29999999999995,575.55,568.1099999999998,-7.669999999999977,3.7499999999999645,-6.339999999999968,234.0
2026-08-28,72.6830567644761,406.764684737533,479.4477415020091,-2.0000000000000018,-0.08000000000000007,-0.28338665794782614,0.0,0.0,473.00000000000006,498.00000000000006,569.0,523.9999999999999,513.0999999999999,572.35,573.6999999999999,-7.809999999999917,4.100000000000037,-6.400000000000006,242.0
2026-08-31,76.25129457707641,405.4583095714152,481.7096041484916,0.0,0.4900000000000002,2.867329300729171,0.0,0.0,475.0,501.0,573.0000000000001,526.9999999999999,516.94,577.55,575.7400000000001,-7.899999999999974,3.900000000000059,-6.390000000000029,244.0
2026-09-01,78.19175226962543,408.53179761840215,486.72354988802755,4.0000000000000036,1.42,4.986748235315819,0.0,0.0,479.0,502.99999999999994,574.9999999999999,527.0,520.97,575.5700000000002,578.6599999999999,-8.879999999999999,4.479999999999951,-6.810000000000027,244.0
2026-09-02,72.28547155798238,411.37146499980855,483.6569365577909,-1.000000000000023,-1.1400000000000006,0.7297314961252077,0.0,0.0,479.0,504.0,574.9999999999999,527.0,514.4399999999999,576.8000000000001,614.39,-6.400000000000006,5.879999999999974,-11.330000000000062,245.00000000000003
2026-09-03,75.74824067988564,403.01917773049195,478.76741841037756,1.000000000000023,-0.879999999999999,0.43313549036740895,0.0,0.0,476.99999999999994,501.99999999999994,573.0,525.0,513.2900000000001,581.3999999999999,595.3700000000002,-3.9500000000000313,4.570000000000007,-9.640000000000004,242.0
2026-09-04,68.00005723330847,412.2568771339452,480.2569343672537,0.0,0.20999999999999908,0.1511552868234567,0.0,0.0,478.0,502.0000000000001,572.0,522.0000000000001,509.38000000000005,575.6800000000001,605.2599999999998,-4.649999999999999,5.91999999999997,-11.20000000000001,243.00000000000003
2026-09-08,75.97690798761825,406.065391198832,482.04229918645024,2.0000000000000018,1.1900000000000013,1.6265741172834858,20.180747873508373,0.0,480.0,502.99999999999994,571.9999999999999,523.0000000000001,514.91,578.5999999999999,590.2500000000001,-4.400000000000048,4.369999999999941,-9.799999999999986,243.00000000000003
2026-09-09,70.72786388604283,411.4603649464524,482.1882288324952,0.0,0.7400000000000002,3.186147191506361,39.0,0.0,483.0,504.9999999999999,573.0000000000001,527.9999999999999,512.7099999999999,588.7700000000001,536.7400000000001,-2.70999999999999,1.7599999999999838,-2.149999999999963,246.0
2026-09-10,76.00241229208518,418.1961300387626,494.1985423308478,2.9999999999999805,1.379999999999999,6.285990762514793,45.132168885017144,0.0,495.0,515.0,583.0,533.0,523.77,596.7700000000001,534.3900000000001,-3.0999999999999694,1.9999999999999574,-1.7199999999999882,254.99999999999997
2026-09-11,71.75122091586638,423.052520003982,494.80374091984845,-4.0000000000000036,-2.0,-2.245749525659413,0.0,0.0,496.0,514.0,579.9999999999999,529.0000000000001,521.5999999999999,592.8900000000001,528.6200000000002,-3.220000000000045,1.6499999999999737,-2.1700000000000053,260.0
2026-09-14,69.68229715539218,425.50160654291176,495.18390369830394,1.000000000000023,1.2600000000000016,1.1291788690210858,0.0,0.0,497.0,513.9999999999999,577.0000000000001,527.9999999999999,520.2799999999999,589.63,526.8000000000001,-2.800000000000047,1.4800000000000146,-2.150000000000052,260.0
2026-09-15,70.89842616407624,426.55430820501385,497.4527343690901,0.9999999999999787,0.09999999999999787,4.393372684875452,21.330614131782042,0.0,500.0,517.0,580.0,528.0000000000001,522.3000000000001,592.24,528.6700000000002,-2.1899999999999586,2.030000000000065,-2.519999999999989,262.0
2026-09-16,66.96351064440016,431.5387728893202,498.50228353372034,-4.999999999999982,0.5100000000000016,-3.2285371496517,0.0,0.0,501.0,515.9999999999999,577.0,527.0,520.64,588.32,523.1199999999999,-2.70999999999999,1.4499999999999957,-2.1900000000000475,268.0
2026-09-17,61.082809667002905,429.3117311525536,490.3945408195565,0.0,-2.2700000000000014,-0.3964613808800088,19.0,-13.333333333333332,494.00000000000006,510.00000000000006,570.0,522.9999999999999,511.9699999999998,581.5699999999999,522.34,-1.5699999999999825,2.0700000000000607,-1.7100000000000115,261.0
2026-09-18,63.59318178146687,433.5072664026324,497.10044818409926,0.0,-0.629999999999999,-1.7298256888926389,0.0,0.0,501.0,515.9999999999999,575.0,526.0,517.49,585.6,521.74,-1.6200000000000436,2.1300000000000097,-1.5400000000000524,268.0
2026-09-21,58.004468652452786,433.88119907769226,491.88566773014503,0.9999999999999787,0.05999999999999872,-4.506583837246048,0.0,0.0,496.0,509.00000000000006,569.9999999999999,520.9999999999999,517.49,585.6,521.74,,,,262.0
2026-09-22,57.58378162704947,434.3561064306052,491.9398880576547,-0.9999999999999787,-0.6599999999999984,-0.5791721640165726,16.358793525501994,13.0,496.0,509.00000000000006,569.9999999999999,520.9999999999999,517.49,585.6,521.74,,,,263.0
